source,target,combined_score
CD4,TNFRSF1A,697
CD4,TNFRSF1A,697
FGF4,NGFR,659
FGF4,NGFR,659
TNFRSF1A,MAPK1,651
TNFRSF1A,MAPK1,651
FGF4,MAPK1,919
FGF4,MAPK1,919
VCL,MAPK1,846
VCL,MAPK1,846
CD4,NFKBIA,585
CD4,NFKBIA,585
TNFRSF1A,NFKBIA,974
TNFRSF1A,NFKBIA,974
NGFR,NFKBIA,917
NGFR,NFKBIA,917
MAPK1,NFKBIA,949
MAPK1,NFKBIA,949
TNFRSF1A,TIMP1,950
TNFRSF1A,TIMP1,950
NFKBIA,MMP2,517
NFKBIA,MMP2,517
TIMP1,MMP2,999
TIMP1,MMP2,999
CD4,CSK,936
CD4,CSK,936
VCL,CSK,946
VCL,CSK,946
MAPK1,CSK,720
MAPK1,CSK,720
CD4,TGFB1,727
CD4,TGFB1,727
MAPK1,TGFB1,937
MAPK1,TGFB1,937
TIMP1,TGFB1,873
TIMP1,TGFB1,873
MMP2,TGFB1,988
MMP2,TGFB1,988
GNA11,PIK3R2,663
GNA11,PIK3R2,663
FGF4,PIK3R2,507
FGF4,PIK3R2,507
NGFR,PIK3R2,800
NGFR,PIK3R2,800
CD4,HGF,505
CD4,HGF,505
FGF4,HGF,755
FGF4,HGF,755
NGFR,HGF,723
NGFR,HGF,723
MAPK1,HGF,928
MAPK1,HGF,928
TIMP1,HGF,797
TIMP1,HGF,797
MMP2,HGF,961
MMP2,HGF,961
TGFB1,HGF,837
TGFB1,HGF,837
PIK3R2,HGF,533
PIK3R2,HGF,533
TIMP1,SERPINE1,773
TIMP1,SERPINE1,773
MMP2,SERPINE1,729
MMP2,SERPINE1,729
TGFB1,SERPINE1,745
TGFB1,SERPINE1,745
HGF,SERPINE1,607
HGF,SERPINE1,607
CD4,CSF3,710
CD4,CSF3,710
TNFRSF1A,CSF3,503
TNFRSF1A,CSF3,503
TIMP1,CSF3,512
TIMP1,CSF3,512
EPOR,CSF3,777
EPOR,CSF3,777
HGF,CSF3,660
HGF,CSF3,660
CD4,CCL2,816
CD4,CCL2,816
TNFRSF1A,CCL2,630
TNFRSF1A,CCL2,630
NFKBIA,CCL2,709
NFKBIA,CCL2,709
TIMP1,CCL2,745
TIMP1,CCL2,745
MMP2,CCL2,706
MMP2,CCL2,706
TGFB1,CCL2,655
TGFB1,CCL2,655
HGF,CCL2,666
HGF,CCL2,666
SERPINE1,CCL2,762
SERPINE1,CCL2,762
CSF3,CCL2,984
CSF3,CCL2,984
CD4,IL2,918
CD4,IL2,918
TNFRSF1A,IL2,612
TNFRSF1A,IL2,612
MAPK1,IL2,931
MAPK1,IL2,931
NFKBIA,IL2,559
NFKBIA,IL2,559
TGFB1,IL2,694
TGFB1,IL2,694
EPOR,IL2,712
EPOR,IL2,712
PIK3R2,IL2,556
PIK3R2,IL2,556
HGF,IL2,502
HGF,IL2,502
CSF3,IL2,807
CSF3,IL2,807
CCL2,IL2,810
CCL2,IL2,810
CD4,CCND1,571
CD4,CCND1,571
FGF4,CCND1,507
FGF4,CCND1,507
MAPK1,CCND1,649
MAPK1,CCND1,649
NFKBIA,CCND1,635
NFKBIA,CCND1,635
MMP2,CCND1,725
MMP2,CCND1,725
TGFB1,CCND1,544
TGFB1,CCND1,544
HGF,CCND1,565
HGF,CCND1,565
MAPK1,CDKN1B,933
MAPK1,CDKN1B,933
CCND1,CDKN1B,999
CCND1,CDKN1B,999
CD4,IFNG,941
CD4,IFNG,941
TNFRSF1A,IFNG,592
TNFRSF1A,IFNG,592
NFKBIA,IFNG,585
NFKBIA,IFNG,585
TIMP1,IFNG,526
TIMP1,IFNG,526
TGFB1,IFNG,780
TGFB1,IFNG,780
EPOR,IFNG,663
EPOR,IFNG,663
HGF,IFNG,522
HGF,IFNG,522
CSF3,IFNG,770
CSF3,IFNG,770
CCL2,IFNG,839
CCL2,IFNG,839
IL2,IFNG,907
IL2,IFNG,907
CD4,GAPDH,736
CD4,GAPDH,736
TNFRSF1A,GAPDH,530
TNFRSF1A,GAPDH,530
VCL,GAPDH,694
VCL,GAPDH,694
MAPK1,GAPDH,640
MAPK1,GAPDH,640
NFKBIA,GAPDH,755
NFKBIA,GAPDH,755
TIMP1,GAPDH,652
TIMP1,GAPDH,652
MMP2,GAPDH,698
MMP2,GAPDH,698
TGFB1,GAPDH,549
TGFB1,GAPDH,549
HGF,GAPDH,580
HGF,GAPDH,580
SERPINE1,GAPDH,595
SERPINE1,GAPDH,595
CSF3,GAPDH,503
CSF3,GAPDH,503
CCL2,GAPDH,721
CCL2,GAPDH,721
IL2,GAPDH,650
IL2,GAPDH,650
CCND1,GAPDH,818
CCND1,GAPDH,818
CDKN1B,GAPDH,565
CDKN1B,GAPDH,565
IFNG,GAPDH,610
IFNG,GAPDH,610
FGF4,NANOG,750
FGF4,NANOG,750
CCND1,NANOG,957
CCND1,NANOG,957
GAPDH,NANOG,772
GAPDH,NANOG,772
CD4,MAPK14,608
CD4,MAPK14,608
GNA11,MAPK14,927
GNA11,MAPK14,927
MAPK1,MAPK14,977
MAPK1,MAPK14,977
NFKBIA,MAPK14,979
NFKBIA,MAPK14,979
TGFB1,MAPK14,579
TGFB1,MAPK14,579
EPOR,MAPK14,910
EPOR,MAPK14,910
IL2,MAPK14,938
IL2,MAPK14,938
CCND1,MAPK14,550
CCND1,MAPK14,550
IFNG,MAPK14,564
IFNG,MAPK14,564
GAPDH,MAPK14,552
GAPDH,MAPK14,552
CD4,HBEGF,519
CD4,HBEGF,519
MMP2,HBEGF,944
MMP2,HBEGF,944
CSK,HBEGF,909
CSK,HBEGF,909
HGF,HBEGF,616
HGF,HBEGF,616
CD4,IL4,923
CD4,IL4,923
TNFRSF1A,IL4,567
TNFRSF1A,IL4,567
NFKBIA,IL4,575
NFKBIA,IL4,575
TIMP1,IL4,563
TIMP1,IL4,563
TGFB1,IL4,766
TGFB1,IL4,766
EPOR,IL4,679
EPOR,IL4,679
HGF,IL4,521
HGF,IL4,521
CSF3,IL4,941
CSF3,IL4,941
CCL2,IL4,985
CCL2,IL4,985
IL2,IL4,938
IL2,IL4,938
IFNG,IL4,910
IFNG,IL4,910
GAPDH,IL4,682
GAPDH,IL4,682
MAPK14,IL4,946
MAPK14,IL4,946
CD4,IL5,879
CD4,IL5,879
TGFB1,IL5,532
TGFB1,IL5,532
EPOR,IL5,757
EPOR,IL5,757
PIK3R2,IL5,532
PIK3R2,IL5,532
CSF3,IL5,834
CSF3,IL5,834
CCL2,IL5,810
CCL2,IL5,810
IL2,IL5,954
IL2,IL5,954
IFNG,IL5,884
IFNG,IL5,884
GAPDH,IL5,520
GAPDH,IL5,520
IL4,IL5,923
IL4,IL5,923
CD4,NR3C1,562
CD4,NR3C1,562
MAPK1,NR3C1,943
MAPK1,NR3C1,943
GAPDH,NR3C1,527
GAPDH,NR3C1,527
MAPK14,NR3C1,935
MAPK14,NR3C1,935
VCL,PLEK,936
VCL,PLEK,936
NGFR,FGF23,600
NGFR,FGF23,600
MAPK1,FGF23,901
MAPK1,FGF23,901
HGF,FGF23,614
HGF,FGF23,614
CD4,PLCG1,956
CD4,PLCG1,956
GNA11,PLCG1,932
GNA11,PLCG1,932
FGF4,PLCG1,617
FGF4,PLCG1,617
NGFR,PLCG1,929
NGFR,PLCG1,929
VCL,PLCG1,700
VCL,PLCG1,700
MAPK1,PLCG1,681
MAPK1,PLCG1,681
EPOR,PLCG1,969
EPOR,PLCG1,969
PIK3R2,PLCG1,731
PIK3R2,PLCG1,731
HGF,PLCG1,921
HGF,PLCG1,921
IL2,PLCG1,560
IL2,PLCG1,560
HBEGF,PLCG1,660
HBEGF,PLCG1,660
PLEK,PLCG1,649
PLEK,PLCG1,649
FGF23,PLCG1,650
FGF23,PLCG1,650
MMP2,SNAI1,705
MMP2,SNAI1,705
TGFB1,SNAI1,673
TGFB1,SNAI1,673
HGF,SNAI1,601
HGF,SNAI1,601
SERPINE1,SNAI1,557
SERPINE1,SNAI1,557
CCL2,SNAI1,629
CCL2,SNAI1,629
CCND1,SNAI1,689
CCND1,SNAI1,689
GAPDH,SNAI1,716
GAPDH,SNAI1,716
NANOG,SNAI1,838
NANOG,SNAI1,838
NGFR,EREG,622
NGFR,EREG,622
CSK,EREG,902
CSK,EREG,902
HBEGF,EREG,891
HBEGF,EREG,891
PLCG1,EREG,635
PLCG1,EREG,635
FGF4,BMP4,750
FGF4,BMP4,750
CCND1,BMP4,502
CCND1,BMP4,502
GAPDH,BMP4,617
GAPDH,BMP4,617
NANOG,BMP4,745
NANOG,BMP4,745
FGF23,BMP4,532
FGF23,BMP4,532
SNAI1,BMP4,505
SNAI1,BMP4,505
TGFB1,SOX9,529
TGFB1,SOX9,529
CCND1,SOX9,610
CCND1,SOX9,610
GAPDH,SOX9,692
GAPDH,SOX9,692
NANOG,SOX9,677
NANOG,SOX9,677
FGF23,SOX9,548
FGF23,SOX9,548
SNAI1,SOX9,635
SNAI1,SOX9,635
BMP4,SOX9,758
BMP4,SOX9,758
VCL,RAC2,592
VCL,RAC2,592
MAPK1,RAC2,798
MAPK1,RAC2,798
PIK3R2,RAC2,670
PIK3R2,RAC2,670
MAPK14,RAC2,550
MAPK14,RAC2,550
PLEK,RAC2,747
PLEK,RAC2,747
FGF4,LIF,640
FGF4,LIF,640
TIMP1,LIF,934
TIMP1,LIF,934
MMP2,LIF,928
MMP2,LIF,928
TGFB1,LIF,936
TGFB1,LIF,936
EPOR,LIF,670
EPOR,LIF,670
HGF,LIF,955
HGF,LIF,955
CSF3,LIF,965
CSF3,LIF,965
CCL2,LIF,951
CCL2,LIF,951
GAPDH,LIF,562
GAPDH,LIF,562
NANOG,LIF,768
NANOG,LIF,768
HBEGF,LIF,944
HBEGF,LIF,944
IL4,LIF,515
IL4,LIF,515
BMP4,LIF,684
BMP4,LIF,684
VCL,RAF1,673
VCL,RAF1,673
MAPK1,RAF1,989
MAPK1,RAF1,989
CSK,RAF1,670
CSK,RAF1,670
PIK3R2,RAF1,845
PIK3R2,RAF1,845
CCND1,RAF1,569
CCND1,RAF1,569
GAPDH,RAF1,536
GAPDH,RAF1,536
RAC2,RAF1,623
RAC2,RAF1,623
CD4,EPO,503
CD4,EPO,503
EPOR,EPO,999
EPOR,EPO,999
CSF3,EPO,968
CSF3,EPO,968
IL2,EPO,556
IL2,EPO,556
IFNG,EPO,513
IFNG,EPO,513
MAPK14,EPO,922
MAPK14,EPO,922
IL4,EPO,609
IL4,EPO,609
FGF23,EPO,518
FGF23,EPO,518
PLCG1,EPO,914
PLCG1,EPO,914
CD4,KRAS,550
CD4,KRAS,550
GNA11,KRAS,534
GNA11,KRAS,534
FGF4,KRAS,918
FGF4,KRAS,918
VCL,KRAS,764
VCL,KRAS,764
MAPK1,KRAS,989
MAPK1,KRAS,989
CSK,KRAS,707
CSK,KRAS,707
TGFB1,KRAS,521
TGFB1,KRAS,521
EPOR,KRAS,915
EPOR,KRAS,915
PIK3R2,KRAS,894
PIK3R2,KRAS,894
HGF,KRAS,968
HGF,KRAS,968
IL2,KRAS,944
IL2,KRAS,944
CCND1,KRAS,761
CCND1,KRAS,761
CDKN1B,KRAS,577
CDKN1B,KRAS,577
GAPDH,KRAS,657
GAPDH,KRAS,657
MAPK14,KRAS,729
MAPK14,KRAS,729
HBEGF,KRAS,940
HBEGF,KRAS,940
PLEK,KRAS,533
PLEK,KRAS,533
FGF23,KRAS,910
FGF23,KRAS,910
PLCG1,KRAS,615
PLCG1,KRAS,615
SNAI1,KRAS,608
SNAI1,KRAS,608
EREG,KRAS,954
EREG,KRAS,954
SOX9,KRAS,509
SOX9,KRAS,509
RAF1,KRAS,999
RAF1,KRAS,999
EPO,KRAS,926
EPO,KRAS,926
CCND1,CCNB1,937
CCND1,CCNB1,937
CDKN1B,CCNB1,922
CDKN1B,CCNB1,922
GAPDH,CCNB1,798
GAPDH,CCNB1,798
GNA11,PDGFRA,542
GNA11,PDGFRA,542
FGF4,PDGFRA,787
FGF4,PDGFRA,787
PIK3R2,PDGFRA,860
PIK3R2,PDGFRA,860
HGF,PDGFRA,775
HGF,PDGFRA,775
CSF3,PDGFRA,680
CSF3,PDGFRA,680
IL2,PDGFRA,655
IL2,PDGFRA,655
IFNG,PDGFRA,644
IFNG,PDGFRA,644
IL4,PDGFRA,668
IL4,PDGFRA,668
IL5,PDGFRA,745
IL5,PDGFRA,745
FGF23,PDGFRA,715
FGF23,PDGFRA,715
PLCG1,PDGFRA,973
PLCG1,PDGFRA,973
EREG,PDGFRA,634
EREG,PDGFRA,634
BMP4,PDGFRA,507
BMP4,PDGFRA,507
LIF,PDGFRA,706
LIF,PDGFRA,706
EPO,PDGFRA,667
EPO,PDGFRA,667
KRAS,PDGFRA,961
KRAS,PDGFRA,961
MMP2,CDK4,503
MMP2,CDK4,503
CCND1,CDK4,999
CCND1,CDK4,999
CDKN1B,CDK4,999
CDKN1B,CDK4,999
GAPDH,CDK4,699
GAPDH,CDK4,699
KRAS,CDK4,842
KRAS,CDK4,842
CCNB1,CDK4,992
CCNB1,CDK4,992
CCND1,MDM2,804
CCND1,MDM2,804
CDKN1B,MDM2,587
CDKN1B,MDM2,587
GAPDH,MDM2,725
GAPDH,MDM2,725
NR3C1,MDM2,532
NR3C1,MDM2,532
SNAI1,MDM2,716
SNAI1,MDM2,716
KRAS,MDM2,671
KRAS,MDM2,671
CCNB1,MDM2,635
CCNB1,MDM2,635
PDGFRA,MDM2,814
PDGFRA,MDM2,814
CDK4,MDM2,816
CDK4,MDM2,816
FGF4,POU5F1,794
FGF4,POU5F1,794
CCND1,POU5F1,595
CCND1,POU5F1,595
GAPDH,POU5F1,802
GAPDH,POU5F1,802
NANOG,POU5F1,999
NANOG,POU5F1,999
SNAI1,POU5F1,713
SNAI1,POU5F1,713
BMP4,POU5F1,747
BMP4,POU5F1,747
SOX9,POU5F1,782
SOX9,POU5F1,782
LIF,POU5F1,786
LIF,POU5F1,786
CDK4,POU5F1,513
CDK4,POU5F1,513
CD4,TLR2,808
CD4,TLR2,808
TNFRSF1A,TLR2,645
TNFRSF1A,TLR2,645
NFKBIA,TLR2,730
NFKBIA,TLR2,730
MMP2,TLR2,822
MMP2,TLR2,822
TGFB1,TLR2,523
TGFB1,TLR2,523
CSF3,TLR2,581
CSF3,TLR2,581
CCL2,TLR2,776
CCL2,TLR2,776
IL2,TLR2,745
IL2,TLR2,745
IFNG,TLR2,785
IFNG,TLR2,785
GAPDH,TLR2,663
GAPDH,TLR2,663
MAPK14,TLR2,582
MAPK14,TLR2,582
IL4,TLR2,799
IL4,TLR2,799
IL5,TLR2,644
IL5,TLR2,644
CD4,THBS1,666
CD4,THBS1,666
TIMP1,THBS1,636
TIMP1,THBS1,636
MMP2,THBS1,956
MMP2,THBS1,956
TGFB1,THBS1,870
TGFB1,THBS1,870
HGF,THBS1,533
HGF,THBS1,533
SERPINE1,THBS1,744
SERPINE1,THBS1,744
CCL2,THBS1,569
CCL2,THBS1,569
BMP4,THBS1,532
BMP4,THBS1,532
CD4,CDH1,520
CD4,CDH1,520
VCL,CDH1,999
VCL,CDH1,999
MAPK1,CDH1,940
MAPK1,CDH1,940
TIMP1,CDH1,557
TIMP1,CDH1,557
MMP2,CDH1,781
MMP2,CDH1,781
TGFB1,CDH1,761
TGFB1,CDH1,761
HGF,CDH1,967
HGF,CDH1,967
SERPINE1,CDH1,559
SERPINE1,CDH1,559
CCND1,CDH1,869
CCND1,CDH1,869
CDKN1B,CDH1,531
CDKN1B,CDH1,531
GAPDH,CDH1,810
GAPDH,CDH1,810
NANOG,CDH1,741
NANOG,CDH1,741
SNAI1,CDH1,993
SNAI1,CDH1,993
BMP4,CDH1,558
BMP4,CDH1,558
SOX9,CDH1,597
SOX9,CDH1,597
KRAS,CDH1,754
KRAS,CDH1,754
CCNB1,CDH1,590
CCNB1,CDH1,590
CDK4,CDH1,611
CDK4,CDH1,611
MDM2,CDH1,845
MDM2,CDH1,845
POU5F1,CDH1,874
POU5F1,CDH1,874
FGF4,PDGFRB,771
FGF4,PDGFRB,771
MMP2,PDGFRB,591
MMP2,PDGFRB,591
PIK3R2,PDGFRB,928
PIK3R2,PDGFRB,928
HGF,PDGFRB,816
HGF,PDGFRB,816
CSF3,PDGFRB,705
CSF3,PDGFRB,705
IL2,PDGFRB,705
IL2,PDGFRB,705
IFNG,PDGFRB,724
IFNG,PDGFRB,724
GAPDH,PDGFRB,505
GAPDH,PDGFRB,505
IL4,PDGFRB,686
IL4,PDGFRB,686
IL5,PDGFRB,680
IL5,PDGFRB,680
FGF23,PDGFRB,698
FGF23,PDGFRB,698
PLCG1,PDGFRB,999
PLCG1,PDGFRB,999
EREG,PDGFRB,658
EREG,PDGFRB,658
LIF,PDGFRB,683
LIF,PDGFRB,683
RAF1,PDGFRB,786
RAF1,PDGFRB,786
EPO,PDGFRB,724
EPO,PDGFRB,724
KRAS,PDGFRB,959
KRAS,PDGFRB,959
PDGFRA,PDGFRB,983
PDGFRA,PDGFRB,983
FGF4,FLT4,757
FGF4,FLT4,757
CSK,FLT4,909
CSK,FLT4,909
PIK3R2,FLT4,752
PIK3R2,FLT4,752
HGF,FLT4,806
HGF,FLT4,806
FGF23,FLT4,701
FGF23,FLT4,701
PLCG1,FLT4,941
PLCG1,FLT4,941
EREG,FLT4,652
EREG,FLT4,652
KRAS,FLT4,526
KRAS,FLT4,526
CD4,SMAD2,505
CD4,SMAD2,505
MAPK1,SMAD2,957
MAPK1,SMAD2,957
TIMP1,SMAD2,595
TIMP1,SMAD2,595
MMP2,SMAD2,619
MMP2,SMAD2,619
TGFB1,SMAD2,985
TGFB1,SMAD2,985
HGF,SMAD2,536
HGF,SMAD2,536
SERPINE1,SMAD2,975
SERPINE1,SMAD2,975
CCND1,SMAD2,600
CCND1,SMAD2,600
GAPDH,SMAD2,723
GAPDH,SMAD2,723
NANOG,SMAD2,892
NANOG,SMAD2,892
MAPK14,SMAD2,589
MAPK14,SMAD2,589
NR3C1,SMAD2,748
NR3C1,SMAD2,748
SNAI1,SMAD2,869
SNAI1,SMAD2,869
BMP4,SMAD2,831
BMP4,SMAD2,831
SOX9,SMAD2,847
SOX9,SMAD2,847
KRAS,SMAD2,579
KRAS,SMAD2,579
CDK4,SMAD2,555
CDK4,SMAD2,555
POU5F1,SMAD2,859
POU5F1,SMAD2,859
THBS1,SMAD2,562
THBS1,SMAD2,562
CDH1,SMAD2,812
CDH1,SMAD2,812
TGFB1,AXIN1,920
TGFB1,AXIN1,920
CCND1,AXIN1,769
CCND1,AXIN1,769
GAPDH,AXIN1,505
GAPDH,AXIN1,505
SNAI1,AXIN1,505
SNAI1,AXIN1,505
SOX9,AXIN1,612
SOX9,AXIN1,612
CDH1,AXIN1,873
CDH1,AXIN1,873
SMAD2,AXIN1,681
SMAD2,AXIN1,681
GNA11,PIK3R3,613
GNA11,PIK3R3,613
NGFR,PIK3R3,800
NGFR,PIK3R3,800
PIK3R2,PIK3R3,974
PIK3R2,PIK3R3,974
IL2,PIK3R3,528
IL2,PIK3R3,528
IL5,PIK3R3,534
IL5,PIK3R3,534
PLCG1,PIK3R3,724
PLCG1,PIK3R3,724
RAC2,PIK3R3,653
RAC2,PIK3R3,653
RAF1,PIK3R3,828
RAF1,PIK3R3,828
KRAS,PIK3R3,865
KRAS,PIK3R3,865
PDGFRA,PIK3R3,849
PDGFRA,PIK3R3,849
PDGFRB,PIK3R3,939
PDGFRB,PIK3R3,939
FLT4,PIK3R3,746
FLT4,PIK3R3,746
FGF4,GAB1,524
FGF4,GAB1,524
MAPK1,GAB1,947
MAPK1,GAB1,947
CSK,GAB1,936
CSK,GAB1,936
EPOR,GAB1,924
EPOR,GAB1,924
PIK3R2,GAB1,860
PIK3R2,GAB1,860
HGF,GAB1,959
HGF,GAB1,959
HBEGF,GAB1,534
HBEGF,GAB1,534
FGF23,GAB1,513
FGF23,GAB1,513
PLCG1,GAB1,986
PLCG1,GAB1,986
EREG,GAB1,548
EREG,GAB1,548
EPO,GAB1,909
EPO,GAB1,909
KRAS,GAB1,523
KRAS,GAB1,523
PDGFRA,GAB1,816
PDGFRA,GAB1,816
PDGFRB,GAB1,928
PDGFRB,GAB1,928
PIK3R3,GAB1,852
PIK3R3,GAB1,852
CD4,MAPK3,594
CD4,MAPK3,594
TNFRSF1A,MAPK3,550
TNFRSF1A,MAPK3,550
FGF4,MAPK3,940
FGF4,MAPK3,940
NGFR,MAPK3,508
NGFR,MAPK3,508
VCL,MAPK3,849
VCL,MAPK3,849
MAPK1,MAPK3,988
MAPK1,MAPK3,988
NFKBIA,MAPK3,972
NFKBIA,MAPK3,972
TIMP1,MAPK3,512
TIMP1,MAPK3,512
MMP2,MAPK3,683
MMP2,MAPK3,683
CSK,MAPK3,746
CSK,MAPK3,746
TGFB1,MAPK3,958
TGFB1,MAPK3,958
EPOR,MAPK3,571
EPOR,MAPK3,571
HGF,MAPK3,960
HGF,MAPK3,960
SERPINE1,MAPK3,527
SERPINE1,MAPK3,527
CCL2,MAPK3,634
CCL2,MAPK3,634
IL2,MAPK3,950
IL2,MAPK3,950
CCND1,MAPK3,750
CCND1,MAPK3,750
CDKN1B,MAPK3,549
CDKN1B,MAPK3,549
IFNG,MAPK3,528
IFNG,MAPK3,528
GAPDH,MAPK3,827
GAPDH,MAPK3,827
NANOG,MAPK3,537
NANOG,MAPK3,537
MAPK14,MAPK3,957
MAPK14,MAPK3,957
HBEGF,MAPK3,519
HBEGF,MAPK3,519
IL4,MAPK3,540
IL4,MAPK3,540
NR3C1,MAPK3,963
NR3C1,MAPK3,963
FGF23,MAPK3,936
FGF23,MAPK3,936
PLCG1,MAPK3,806
PLCG1,MAPK3,806
SNAI1,MAPK3,629
SNAI1,MAPK3,629
BMP4,MAPK3,543
BMP4,MAPK3,543
SOX9,MAPK3,527
SOX9,MAPK3,527
RAC2,MAPK3,851
RAC2,MAPK3,851
RAF1,MAPK3,986
RAF1,MAPK3,986
KRAS,MAPK3,986
KRAS,MAPK3,986
CCNB1,MAPK3,597
CCNB1,MAPK3,597
MDM2,MAPK3,552
MDM2,MAPK3,552
TLR2,MAPK3,730
TLR2,MAPK3,730
CDH1,MAPK3,971
CDH1,MAPK3,971
SMAD2,MAPK3,977
SMAD2,MAPK3,977
AXIN1,MAPK3,530
AXIN1,MAPK3,530
GAB1,MAPK3,952
GAB1,MAPK3,952
MAPK1,EP300,713
MAPK1,EP300,713
NFKBIA,EP300,982
NFKBIA,EP300,982
TGFB1,EP300,932
TGFB1,EP300,932
CCND1,EP300,995
CCND1,EP300,995
GAPDH,EP300,866
GAPDH,EP300,866
NANOG,EP300,676
NANOG,EP300,676
MAPK14,EP300,965
MAPK14,EP300,965
NR3C1,EP300,997
NR3C1,EP300,997
SNAI1,EP300,680
SNAI1,EP300,680
SOX9,EP300,991
SOX9,EP300,991
EPO,EP300,953
EPO,EP300,953
KRAS,EP300,941
KRAS,EP300,941
CCNB1,EP300,519
CCNB1,EP300,519
MDM2,EP300,999
MDM2,EP300,999
POU5F1,EP300,561
POU5F1,EP300,561
THBS1,EP300,913
THBS1,EP300,913
CDH1,EP300,593
CDH1,EP300,593
SMAD2,EP300,999
SMAD2,EP300,999
MAPK3,EP300,714
MAPK3,EP300,714
CD4,IL1A,689
CD4,IL1A,689
TNFRSF1A,IL1A,606
TNFRSF1A,IL1A,606
NFKBIA,IL1A,621
NFKBIA,IL1A,621
TIMP1,IL1A,610
TIMP1,IL1A,610
MMP2,IL1A,520
MMP2,IL1A,520
TGFB1,IL1A,560
TGFB1,IL1A,560
HGF,IL1A,515
HGF,IL1A,515
SERPINE1,IL1A,548
SERPINE1,IL1A,548
CSF3,IL1A,987
CSF3,IL1A,987
CCL2,IL1A,983
CCL2,IL1A,983
IL2,IL1A,845
IL2,IL1A,845
IFNG,IL1A,768
IFNG,IL1A,768
GAPDH,IL1A,603
GAPDH,IL1A,603
IL4,IL1A,983
IL4,IL1A,983
IL5,IL1A,803
IL5,IL1A,803
LIF,IL1A,960
LIF,IL1A,960
TLR2,IL1A,697
TLR2,IL1A,697
MAPK3,IL1A,546
MAPK3,IL1A,546
EP300,IL1A,876
EP300,IL1A,876
CD4,IL1B,876
CD4,IL1B,876
TNFRSF1A,IL1B,837
TNFRSF1A,IL1B,837
NFKBIA,IL1B,882
NFKBIA,IL1B,882
TIMP1,IL1B,750
TIMP1,IL1B,750
MMP2,IL1B,776
MMP2,IL1B,776
TGFB1,IL1B,786
TGFB1,IL1B,786
HGF,IL1B,653
HGF,IL1B,653
SERPINE1,IL1B,688
SERPINE1,IL1B,688
CSF3,IL1B,987
CSF3,IL1B,987
CCL2,IL1B,993
CCL2,IL1B,993
IL2,IL1B,876
IL2,IL1B,876
CCND1,IL1B,523
CCND1,IL1B,523
IFNG,IL1B,907
IFNG,IL1B,907
GAPDH,IL1B,837
GAPDH,IL1B,837
MAPK14,IL1B,972
MAPK14,IL1B,972
HBEGF,IL1B,559
HBEGF,IL1B,559
IL4,IL1B,990
IL4,IL1B,990
IL5,IL1B,858
IL5,IL1B,858
NR3C1,IL1B,601
NR3C1,IL1B,601
SOX9,IL1B,527
SOX9,IL1B,527
LIF,IL1B,958
LIF,IL1B,958
EPO,IL1B,562
EPO,IL1B,562
TLR2,IL1B,912
TLR2,IL1B,912
THBS1,IL1B,521
THBS1,IL1B,521
CDH1,IL1B,560
CDH1,IL1B,560
SMAD2,IL1B,556
SMAD2,IL1B,556
MAPK3,IL1B,712
MAPK3,IL1B,712
EP300,IL1B,938
EP300,IL1B,938
IL1A,IL1B,995
IL1A,IL1B,995
CD4,EPCAM,580
CD4,EPCAM,580
CCND1,EPCAM,521
CCND1,EPCAM,521
GAPDH,EPCAM,561
GAPDH,EPCAM,561
NANOG,EPCAM,702
NANOG,EPCAM,702
SNAI1,EPCAM,640
SNAI1,EPCAM,640
SOX9,EPCAM,605
SOX9,EPCAM,605
KRAS,EPCAM,595
KRAS,EPCAM,595
POU5F1,EPCAM,716
POU5F1,EPCAM,716
CDH1,EPCAM,916
CDH1,EPCAM,916
MAPK1,AKT3,881
MAPK1,AKT3,881
PIK3R2,AKT3,909
PIK3R2,AKT3,909
CCND1,AKT3,524
CCND1,AKT3,524
CDKN1B,AKT3,941
CDKN1B,AKT3,941
GAPDH,AKT3,534
GAPDH,AKT3,534
MAPK14,AKT3,742
MAPK14,AKT3,742
PLEK,AKT3,660
PLEK,AKT3,660
RAC2,AKT3,757
RAC2,AKT3,757
RAF1,AKT3,841
RAF1,AKT3,841
KRAS,AKT3,596
KRAS,AKT3,596
MDM2,AKT3,946
MDM2,AKT3,946
PIK3R3,AKT3,902
PIK3R3,AKT3,902
MAPK3,AKT3,882
MAPK3,AKT3,882
CD4,IL7,867
CD4,IL7,867
TNFRSF1A,IL7,505
TNFRSF1A,IL7,505
EPOR,IL7,701
EPOR,IL7,701
PIK3R2,IL7,610
PIK3R2,IL7,610
HGF,IL7,983
HGF,IL7,983
CSF3,IL7,835
CSF3,IL7,835
CCL2,IL7,743
CCL2,IL7,743
IL2,IL7,887
IL2,IL7,887
IFNG,IL7,772
IFNG,IL7,772
IL4,IL7,860
IL4,IL7,860
IL5,IL7,847
IL5,IL7,847
LIF,IL7,502
LIF,IL7,502
EPO,IL7,501
EPO,IL7,501
PDGFRA,IL7,647
PDGFRA,IL7,647
PDGFRB,IL7,659
PDGFRB,IL7,659
PIK3R3,IL7,608
PIK3R3,IL7,608
IL1A,IL7,718
IL1A,IL7,718
IL1B,IL7,774
IL1B,IL7,774
GNA11,KDR,548
GNA11,KDR,548
FGF4,KDR,829
FGF4,KDR,829
VCL,KDR,662
VCL,KDR,662
TIMP1,KDR,511
TIMP1,KDR,511
MMP2,KDR,639
MMP2,KDR,639
CSK,KDR,916
CSK,KDR,916
TGFB1,KDR,521
TGFB1,KDR,521
EPOR,KDR,738
EPOR,KDR,738
PIK3R2,KDR,885
PIK3R2,KDR,885
HGF,KDR,875
HGF,KDR,875
CSF3,KDR,528
CSF3,KDR,528
CCL2,KDR,532
CCL2,KDR,532
CCND1,KDR,582
CCND1,KDR,582
GAPDH,KDR,647
GAPDH,KDR,647
NANOG,KDR,586
NANOG,KDR,586
MAPK14,KDR,924
MAPK14,KDR,924
FGF23,KDR,749
FGF23,KDR,749
PLCG1,KDR,989
PLCG1,KDR,989
EREG,KDR,691
EREG,KDR,691
BMP4,KDR,733
BMP4,KDR,733
EPO,KDR,567
EPO,KDR,567
KRAS,KDR,754
KRAS,KDR,754
POU5F1,KDR,606
POU5F1,KDR,606
THBS1,KDR,891
THBS1,KDR,891
CDH1,KDR,644
CDH1,KDR,644
PDGFRB,KDR,570
PDGFRB,KDR,570
FLT4,KDR,988
FLT4,KDR,988
PIK3R3,KDR,873
PIK3R3,KDR,873
GAB1,KDR,920
GAB1,KDR,920
IL1B,KDR,627
IL1B,KDR,627
CD4,PIK3CA,927
CD4,PIK3CA,927
GNA11,PIK3CA,957
GNA11,PIK3CA,957
FGF4,PIK3CA,625
FGF4,PIK3CA,625
NGFR,PIK3CA,906
NGFR,PIK3CA,906
VCL,PIK3CA,924
VCL,PIK3CA,924
MAPK1,PIK3CA,603
MAPK1,PIK3CA,603
NFKBIA,PIK3CA,931
NFKBIA,PIK3CA,931
CSK,PIK3CA,916
CSK,PIK3CA,916
EPOR,PIK3CA,690
EPOR,PIK3CA,690
PIK3R2,PIK3CA,999
PIK3R2,PIK3CA,999
HGF,PIK3CA,938
HGF,PIK3CA,938
IL2,PIK3CA,919
IL2,PIK3CA,919
CCND1,PIK3CA,687
CCND1,PIK3CA,687
IFNG,PIK3CA,913
IFNG,PIK3CA,913
GAPDH,PIK3CA,505
GAPDH,PIK3CA,505
HBEGF,PIK3CA,915
HBEGF,PIK3CA,915
IL4,PIK3CA,934
IL4,PIK3CA,934
IL5,PIK3CA,905
IL5,PIK3CA,905
NR3C1,PIK3CA,922
NR3C1,PIK3CA,922
PLEK,PIK3CA,605
PLEK,PIK3CA,605
FGF23,PIK3CA,521
FGF23,PIK3CA,521
PLCG1,PIK3CA,884
PLCG1,PIK3CA,884
EREG,PIK3CA,681
EREG,PIK3CA,681
RAC2,PIK3CA,771
RAC2,PIK3CA,771
RAF1,PIK3CA,914
RAF1,PIK3CA,914
EPO,PIK3CA,636
EPO,PIK3CA,636
KRAS,PIK3CA,999
KRAS,PIK3CA,999
PDGFRA,PIK3CA,976
PDGFRA,PIK3CA,976
CDK4,PIK3CA,693
CDK4,PIK3CA,693
MDM2,PIK3CA,617
MDM2,PIK3CA,617
CDH1,PIK3CA,953
CDH1,PIK3CA,953
PDGFRB,PIK3CA,961
PDGFRB,PIK3CA,961
FLT4,PIK3CA,954
FLT4,PIK3CA,954
SMAD2,PIK3CA,637
SMAD2,PIK3CA,637
PIK3R3,PIK3CA,999
PIK3R3,PIK3CA,999
GAB1,PIK3CA,924
GAB1,PIK3CA,924
MAPK3,PIK3CA,626
MAPK3,PIK3CA,626
EP300,PIK3CA,567
EP300,PIK3CA,567
IL1B,PIK3CA,919
IL1B,PIK3CA,919
AKT3,PIK3CA,936
AKT3,PIK3CA,936
KDR,PIK3CA,976
KDR,PIK3CA,976
CD4,CBL,958
CD4,CBL,958
FGF4,CBL,609
FGF4,CBL,609
CSK,CBL,859
CSK,CBL,859
EPOR,CBL,956
EPOR,CBL,956
PIK3R2,CBL,978
PIK3R2,CBL,978
HGF,CBL,937
HGF,CBL,937
IL2,CBL,934
IL2,CBL,934
IFNG,CBL,914
IFNG,CBL,914
GAPDH,CBL,503
GAPDH,CBL,503
MAPK14,CBL,609
MAPK14,CBL,609
HBEGF,CBL,687
HBEGF,CBL,687
IL4,CBL,917
IL4,CBL,917
FGF23,CBL,600
FGF23,CBL,600
PLCG1,CBL,999
PLCG1,CBL,999
EREG,CBL,696
EREG,CBL,696
RAF1,CBL,557
RAF1,CBL,557
EPO,CBL,925
EPO,CBL,925
PDGFRA,CBL,851
PDGFRA,CBL,851
MDM2,CBL,529
MDM2,CBL,529
CDH1,CBL,628
CDH1,CBL,628
PDGFRB,CBL,980
PDGFRB,CBL,980
PIK3R3,CBL,786
PIK3R3,CBL,786
MAPK3,CBL,538
MAPK3,CBL,538
KDR,CBL,983
KDR,CBL,983
PIK3CA,CBL,972
PIK3CA,CBL,972
NGFR,FGF2,807
NGFR,FGF2,807
MAPK1,FGF2,942
MAPK1,FGF2,942
TIMP1,FGF2,963
TIMP1,FGF2,963
MMP2,FGF2,969
MMP2,FGF2,969
TGFB1,FGF2,978
TGFB1,FGF2,978
PIK3R2,FGF2,639
PIK3R2,FGF2,639
HGF,FGF2,929
HGF,FGF2,929
SERPINE1,FGF2,609
SERPINE1,FGF2,609
CSF3,FGF2,692
CSF3,FGF2,692
CCL2,FGF2,687
CCL2,FGF2,687
IL2,FGF2,601
IL2,FGF2,601
CCND1,FGF2,651
CCND1,FGF2,651
IFNG,FGF2,735
IFNG,FGF2,735
GAPDH,FGF2,764
GAPDH,FGF2,764
NANOG,FGF2,981
NANOG,FGF2,981
HBEGF,FGF2,666
HBEGF,FGF2,666
IL4,FGF2,616
IL4,FGF2,616
IL5,FGF2,556
IL5,FGF2,556
FGF23,FGF2,506
FGF23,FGF2,506
PLCG1,FGF2,753
PLCG1,FGF2,753
SNAI1,FGF2,559
SNAI1,FGF2,559
BMP4,FGF2,870
BMP4,FGF2,870
SOX9,FGF2,661
SOX9,FGF2,661
LIF,FGF2,981
LIF,FGF2,981
EPO,FGF2,580
EPO,FGF2,580
KRAS,FGF2,954
KRAS,FGF2,954
PDGFRA,FGF2,861
PDGFRA,FGF2,861
POU5F1,FGF2,982
POU5F1,FGF2,982
THBS1,FGF2,906
THBS1,FGF2,906
CDH1,FGF2,652
CDH1,FGF2,652
PDGFRB,FGF2,876
PDGFRB,FGF2,876
FLT4,FGF2,888
FLT4,FGF2,888
SMAD2,FGF2,640
SMAD2,FGF2,640
GAB1,FGF2,594
GAB1,FGF2,594
MAPK3,FGF2,968
MAPK3,FGF2,968
IL1A,FGF2,730
IL1A,FGF2,730
IL1B,FGF2,785
IL1B,FGF2,785
EPCAM,FGF2,538
EPCAM,FGF2,538
IL7,FGF2,565
IL7,FGF2,565
KDR,FGF2,937
KDR,FGF2,937
PIK3CA,FGF2,651
PIK3CA,FGF2,651
CBL,FGF2,658
CBL,FGF2,658
MMP2,WNT5A,623
MMP2,WNT5A,623
CCND1,WNT5A,648
CCND1,WNT5A,648
GAPDH,WNT5A,547
GAPDH,WNT5A,547
SNAI1,WNT5A,532
SNAI1,WNT5A,532
BMP4,WNT5A,746
BMP4,WNT5A,746
SOX9,WNT5A,657
SOX9,WNT5A,657
RAC2,WNT5A,762
RAC2,WNT5A,762
CDH1,WNT5A,615
CDH1,WNT5A,615
AXIN1,WNT5A,820
AXIN1,WNT5A,820
FGF2,WNT5A,579
FGF2,WNT5A,579
CD4,STAT3,793
CD4,STAT3,793
TNFRSF1A,STAT3,860
TNFRSF1A,STAT3,860
MAPK1,STAT3,996
MAPK1,STAT3,996
NFKBIA,STAT3,706
NFKBIA,STAT3,706
TIMP1,STAT3,952
TIMP1,STAT3,952
MMP2,STAT3,975
MMP2,STAT3,975
CSK,STAT3,738
CSK,STAT3,738
TGFB1,STAT3,963
TGFB1,STAT3,963
EPOR,STAT3,735
EPOR,STAT3,735
HGF,STAT3,861
HGF,STAT3,861
CSF3,STAT3,883
CSF3,STAT3,883
CCL2,STAT3,889
CCL2,STAT3,889
IL2,STAT3,970
IL2,STAT3,970
CCND1,STAT3,995
CCND1,STAT3,995
CDKN1B,STAT3,623
CDKN1B,STAT3,623
IFNG,STAT3,810
IFNG,STAT3,810
GAPDH,STAT3,761
GAPDH,STAT3,761
NANOG,STAT3,998
NANOG,STAT3,998
MAPK14,STAT3,962
MAPK14,STAT3,962
IL4,STAT3,890
IL4,STAT3,890
IL5,STAT3,595
IL5,STAT3,595
NR3C1,STAT3,992
NR3C1,STAT3,992
PLCG1,STAT3,586
PLCG1,STAT3,586
SNAI1,STAT3,779
SNAI1,STAT3,779
BMP4,STAT3,533
BMP4,STAT3,533
LIF,STAT3,978
LIF,STAT3,978
RAF1,STAT3,650
RAF1,STAT3,650
EPO,STAT3,603
EPO,STAT3,603
KRAS,STAT3,739
KRAS,STAT3,739
CCNB1,STAT3,559
CCNB1,STAT3,559
PDGFRA,STAT3,929
PDGFRA,STAT3,929
CDK4,STAT3,723
CDK4,STAT3,723
MDM2,STAT3,529
MDM2,STAT3,529
POU5F1,STAT3,976
POU5F1,STAT3,976
TLR2,STAT3,650
TLR2,STAT3,650
CDH1,STAT3,718
CDH1,STAT3,718
PDGFRB,STAT3,982
PDGFRB,STAT3,982
SMAD2,STAT3,726
SMAD2,STAT3,726
GAB1,STAT3,522
GAB1,STAT3,522
MAPK3,STAT3,985
MAPK3,STAT3,985
EP300,STAT3,999
EP300,STAT3,999
IL1A,STAT3,852
IL1A,STAT3,852
IL1B,STAT3,938
IL1B,STAT3,938
IL7,STAT3,569
IL7,STAT3,569
KDR,STAT3,837
KDR,STAT3,837
PIK3CA,STAT3,950
PIK3CA,STAT3,950
CBL,STAT3,565
CBL,STAT3,565
FGF2,STAT3,966
FGF2,STAT3,966
FGF4,FGF10,598
FGF4,FGF10,598
NGFR,FGF10,685
NGFR,FGF10,685
MAPK1,FGF10,914
MAPK1,FGF10,914
HGF,FGF10,752
HGF,FGF10,752
FGF23,FGF10,583
FGF23,FGF10,583
PLCG1,FGF10,640
PLCG1,FGF10,640
BMP4,FGF10,830
BMP4,FGF10,830
SOX9,FGF10,698
SOX9,FGF10,698
KRAS,FGF10,927
KRAS,FGF10,927
PDGFRA,FGF10,775
PDGFRA,FGF10,775
PDGFRB,FGF10,763
PDGFRB,FGF10,763
FLT4,FGF10,742
FLT4,FGF10,742
GAB1,FGF10,516
GAB1,FGF10,516
MAPK3,FGF10,933
MAPK3,FGF10,933
KDR,FGF10,834
KDR,FGF10,834
PIK3CA,FGF10,562
PIK3CA,FGF10,562
CBL,FGF10,622
CBL,FGF10,622
FGF2,FGF10,608
FGF2,FGF10,608
WNT5A,FGF10,596
WNT5A,FGF10,596
CD4,ICAM1,959
CD4,ICAM1,959
TNFRSF1A,ICAM1,653
TNFRSF1A,ICAM1,653
NFKBIA,ICAM1,744
NFKBIA,ICAM1,744
TIMP1,ICAM1,635
TIMP1,ICAM1,635
MMP2,ICAM1,611
MMP2,ICAM1,611
TGFB1,ICAM1,538
TGFB1,ICAM1,538
HGF,ICAM1,533
HGF,ICAM1,533
SERPINE1,ICAM1,718
SERPINE1,ICAM1,718
CSF3,ICAM1,627
CSF3,ICAM1,627
CCL2,ICAM1,874
CCL2,ICAM1,874
IL2,ICAM1,733
IL2,ICAM1,733
IFNG,ICAM1,738
IFNG,ICAM1,738
GAPDH,ICAM1,753
GAPDH,ICAM1,753
IL4,ICAM1,733
IL4,ICAM1,733
IL5,ICAM1,650
IL5,ICAM1,650
PLCG1,ICAM1,851
PLCG1,ICAM1,851
RAC2,ICAM1,589
RAC2,ICAM1,589
KRAS,ICAM1,850
KRAS,ICAM1,850
MDM2,ICAM1,662
MDM2,ICAM1,662
TLR2,ICAM1,677
TLR2,ICAM1,677
CDH1,ICAM1,561
CDH1,ICAM1,561
MAPK3,ICAM1,610
MAPK3,ICAM1,610
IL1A,ICAM1,723
IL1A,ICAM1,723
IL1B,ICAM1,874
IL1B,ICAM1,874
IL7,ICAM1,573
IL7,ICAM1,573
KDR,ICAM1,623
KDR,ICAM1,623
FGF2,ICAM1,604
FGF2,ICAM1,604
STAT3,ICAM1,962
STAT3,ICAM1,962
CD4,ZAP70,991
CD4,ZAP70,991
CSK,ZAP70,940
CSK,ZAP70,940
PIK3R2,ZAP70,887
PIK3R2,ZAP70,887
IL2,ZAP70,684
IL2,ZAP70,684
MAPK14,ZAP70,850
MAPK14,ZAP70,850
IL4,ZAP70,531
IL4,ZAP70,531
PLCG1,ZAP70,981
PLCG1,ZAP70,981
RAC2,ZAP70,507
RAC2,ZAP70,507
PIK3R3,ZAP70,833
PIK3R3,ZAP70,833
PIK3CA,ZAP70,844
PIK3CA,ZAP70,844
CBL,ZAP70,999
CBL,ZAP70,999
STAT3,ZAP70,514
STAT3,ZAP70,514
ICAM1,ZAP70,587
ICAM1,ZAP70,587
CD4,EGF,559
CD4,EGF,559
FGF4,EGF,809
FGF4,EGF,809
NGFR,EGF,778
NGFR,EGF,778
VCL,EGF,575
VCL,EGF,575
MAPK1,EGF,625
MAPK1,EGF,625
NFKBIA,EGF,504
NFKBIA,EGF,504
TIMP1,EGF,602
TIMP1,EGF,602
MMP2,EGF,671
MMP2,EGF,671
CSK,EGF,945
CSK,EGF,945
TGFB1,EGF,881
TGFB1,EGF,881
EPOR,EGF,707
EPOR,EGF,707
HGF,EGF,865
HGF,EGF,865
SERPINE1,EGF,573
SERPINE1,EGF,573
CSF3,EGF,654
CSF3,EGF,654
CCL2,EGF,681
CCL2,EGF,681
IL2,EGF,615
IL2,EGF,615
CCND1,EGF,727
CCND1,EGF,727
CDKN1B,EGF,509
CDKN1B,EGF,509
IFNG,EGF,607
IFNG,EGF,607
GAPDH,EGF,787
GAPDH,EGF,787
NANOG,EGF,682
NANOG,EGF,682
MAPK14,EGF,562
MAPK14,EGF,562
HBEGF,EGF,881
HBEGF,EGF,881
IL4,EGF,635
IL4,EGF,635
IL5,EGF,558
IL5,EGF,558
PLEK,EGF,527
PLEK,EGF,527
FGF23,EGF,685
FGF23,EGF,685
PLCG1,EGF,982
PLCG1,EGF,982
SNAI1,EGF,693
SNAI1,EGF,693
EREG,EGF,699
EREG,EGF,699
BMP4,EGF,664
BMP4,EGF,664
SOX9,EGF,577
SOX9,EGF,577
LIF,EGF,702
LIF,EGF,702
RAF1,EGF,636
RAF1,EGF,636
EPO,EGF,540
EPO,EGF,540
KRAS,EGF,977
KRAS,EGF,977
PDGFRA,EGF,901
PDGFRA,EGF,901
CDK4,EGF,573
CDK4,EGF,573
MDM2,EGF,506
MDM2,EGF,506
POU5F1,EGF,699
POU5F1,EGF,699
THBS1,EGF,591
THBS1,EGF,591
CDH1,EGF,984
CDH1,EGF,984
PDGFRB,EGF,921
PDGFRB,EGF,921
FLT4,EGF,800
FLT4,EGF,800
SMAD2,EGF,664
SMAD2,EGF,664
AXIN1,EGF,522
AXIN1,EGF,522
GAB1,EGF,944
GAB1,EGF,944
MAPK3,EGF,820
MAPK3,EGF,820
IL1A,EGF,700
IL1A,EGF,700
IL1B,EGF,710
IL1B,EGF,710
EPCAM,EGF,638
EPCAM,EGF,638
IL7,EGF,523
IL7,EGF,523
KDR,EGF,891
KDR,EGF,891
PIK3CA,EGF,958
PIK3CA,EGF,958
CBL,EGF,972
CBL,EGF,972
FGF2,EGF,959
FGF2,EGF,959
WNT5A,EGF,552
WNT5A,EGF,552
STAT3,EGF,977
STAT3,EGF,977
FGF10,EGF,836
FGF10,EGF,836
ICAM1,EGF,560
ICAM1,EGF,560
FGF4,ERBB3,661
FGF4,ERBB3,661
CSK,ERBB3,695
CSK,ERBB3,695
PIK3R2,ERBB3,990
PIK3R2,ERBB3,990
HGF,ERBB3,910
HGF,ERBB3,910
CCND1,ERBB3,635
CCND1,ERBB3,635
GAPDH,ERBB3,507
GAPDH,ERBB3,507
HBEGF,ERBB3,843
HBEGF,ERBB3,843
FGF23,ERBB3,618
FGF23,ERBB3,618
PLCG1,ERBB3,942
PLCG1,ERBB3,942
EREG,ERBB3,983
EREG,ERBB3,983
KRAS,ERBB3,983
KRAS,ERBB3,983
CDK4,ERBB3,538
CDK4,ERBB3,538
MDM2,ERBB3,563
MDM2,ERBB3,563
CDH1,ERBB3,680
CDH1,ERBB3,680
FLT4,ERBB3,536
FLT4,ERBB3,536
PIK3R3,ERBB3,918
PIK3R3,ERBB3,918
GAB1,ERBB3,875
GAB1,ERBB3,875
MAPK3,ERBB3,531
MAPK3,ERBB3,531
EPCAM,ERBB3,527
EPCAM,ERBB3,527
AKT3,ERBB3,580
AKT3,ERBB3,580
KDR,ERBB3,529
KDR,ERBB3,529
PIK3CA,ERBB3,990
PIK3CA,ERBB3,990
CBL,ERBB3,821
CBL,ERBB3,821
FGF2,ERBB3,751
FGF2,ERBB3,751
STAT3,ERBB3,666
STAT3,ERBB3,666
FGF10,ERBB3,665
FGF10,ERBB3,665
EGF,ERBB3,999
EGF,ERBB3,999
MAPK1,RB1,941
MAPK1,RB1,941
CCND1,RB1,998
CCND1,RB1,998
CDKN1B,RB1,965
CDKN1B,RB1,965
GAPDH,RB1,518
GAPDH,RB1,518
MAPK14,RB1,986
MAPK14,RB1,986
RAF1,RB1,990
RAF1,RB1,990
KRAS,RB1,529
KRAS,RB1,529
CCNB1,RB1,799
CCNB1,RB1,799
CDK4,RB1,999
CDK4,RB1,999
MDM2,RB1,998
MDM2,RB1,998
MAPK3,RB1,946
MAPK3,RB1,946
EP300,RB1,990
EP300,RB1,990
PIK3CA,RB1,504
PIK3CA,RB1,504
STAT3,RB1,502
STAT3,RB1,502
VCL,PXN,999
VCL,PXN,999
MAPK1,PXN,983
MAPK1,PXN,983
CSK,PXN,999
CSK,PXN,999
GAPDH,PXN,567
GAPDH,PXN,567
HBEGF,PXN,912
HBEGF,PXN,912
PLEK,PXN,603
PLEK,PXN,603
PLCG1,PXN,565
PLCG1,PXN,565
EREG,PXN,901
EREG,PXN,901
RAC2,PXN,705
RAC2,PXN,705
RAF1,PXN,589
RAF1,PXN,589
KRAS,PXN,509
KRAS,PXN,509
CDH1,PXN,651
CDH1,PXN,651
FLT4,PXN,929
FLT4,PXN,929
GAB1,PXN,942
GAB1,PXN,942
MAPK3,PXN,970
MAPK3,PXN,970
KDR,PXN,950
KDR,PXN,950
PIK3CA,PXN,920
PIK3CA,PXN,920
CBL,PXN,967
CBL,PXN,967
STAT3,PXN,981
STAT3,PXN,981
ZAP70,PXN,660
ZAP70,PXN,660
EGF,PXN,959
EGF,PXN,959
FGF4,FGF7,577
FGF4,FGF7,577
NGFR,FGF7,673
NGFR,FGF7,673
MAPK1,FGF7,922
MAPK1,FGF7,922
TGFB1,FGF7,514
TGFB1,FGF7,514
PIK3R2,FGF7,500
PIK3R2,FGF7,500
HGF,FGF7,835
HGF,FGF7,835
HBEGF,FGF7,620
HBEGF,FGF7,620
FGF23,FGF7,598
FGF23,FGF7,598
PLCG1,FGF7,710
PLCG1,FGF7,710
BMP4,FGF7,713
BMP4,FGF7,713
SOX9,FGF7,518
SOX9,FGF7,518
LIF,FGF7,507
LIF,FGF7,507
KRAS,FGF7,923
KRAS,FGF7,923
PDGFRA,FGF7,782
PDGFRA,FGF7,782
PDGFRB,FGF7,788
PDGFRB,FGF7,788
FLT4,FGF7,768
FLT4,FGF7,768
GAB1,FGF7,539
GAB1,FGF7,539
MAPK3,FGF7,937
MAPK3,FGF7,937
IL1A,FGF7,794
IL1A,FGF7,794
IL1B,FGF7,539
IL1B,FGF7,539
KDR,FGF7,833
KDR,FGF7,833
PIK3CA,FGF7,536
PIK3CA,FGF7,536
CBL,FGF7,619
CBL,FGF7,619
FGF2,FGF7,618
FGF2,FGF7,618
EGF,FGF7,859
EGF,FGF7,859
ERBB3,FGF7,671
ERBB3,FGF7,671
VCL,IQGAP1,726
VCL,IQGAP1,726
MAPK1,IQGAP1,983
MAPK1,IQGAP1,983
CSK,IQGAP1,568
CSK,IQGAP1,568
MAPK14,IQGAP1,551
MAPK14,IQGAP1,551
RAC2,IQGAP1,981
RAC2,IQGAP1,981
RAF1,IQGAP1,981
RAF1,IQGAP1,981
KRAS,IQGAP1,835
KRAS,IQGAP1,835
CDH1,IQGAP1,999
CDH1,IQGAP1,999
MAPK3,IQGAP1,971
MAPK3,IQGAP1,971
KDR,IQGAP1,997
KDR,IQGAP1,997
PIK3CA,IQGAP1,553
PIK3CA,IQGAP1,553
PXN,IQGAP1,743
PXN,IQGAP1,743
VCL,CDH2,811
VCL,CDH2,811
TIMP1,CDH2,558
TIMP1,CDH2,558
MMP2,CDH2,731
MMP2,CDH2,731
CSK,CDH2,529
CSK,CDH2,529
TGFB1,CDH2,589
TGFB1,CDH2,589
HGF,CDH2,653
HGF,CDH2,653
CCND1,CDH2,705
CCND1,CDH2,705
GAPDH,CDH2,757
GAPDH,CDH2,757
NANOG,CDH2,678
NANOG,CDH2,678
MAPK14,CDH2,730
MAPK14,CDH2,730
SNAI1,CDH2,882
SNAI1,CDH2,882
SOX9,CDH2,572
SOX9,CDH2,572
KRAS,CDH2,529
KRAS,CDH2,529
CDK4,CDH2,519
CDK4,CDH2,519
POU5F1,CDH2,683
POU5F1,CDH2,683
CDH1,CDH2,740
CDH1,CDH2,740
SMAD2,CDH2,691
SMAD2,CDH2,691
AXIN1,CDH2,993
AXIN1,CDH2,993
MAPK3,CDH2,600
MAPK3,CDH2,600
EPCAM,CDH2,668
EPCAM,CDH2,668
PIK3CA,CDH2,946
PIK3CA,CDH2,946
FGF2,CDH2,637
FGF2,CDH2,637
WNT5A,CDH2,584
WNT5A,CDH2,584
STAT3,CDH2,607
STAT3,CDH2,607
EGF,CDH2,687
EGF,CDH2,687
PXN,CDH2,532
PXN,CDH2,532
IQGAP1,CDH2,660
IQGAP1,CDH2,660
CD4,TP53,671
CD4,TP53,671
TNFRSF1A,TP53,569
TNFRSF1A,TP53,569
NGFR,TP53,954
NGFR,TP53,954
VCL,TP53,518
VCL,TP53,518
MAPK1,TP53,991
MAPK1,TP53,991
NFKBIA,TP53,925
NFKBIA,TP53,925
TIMP1,TP53,520
TIMP1,TP53,520
MMP2,TP53,676
MMP2,TP53,676
TGFB1,TP53,729
TGFB1,TP53,729
HGF,TP53,580
HGF,TP53,580
SERPINE1,TP53,570
SERPINE1,TP53,570
CCL2,TP53,644
CCL2,TP53,644
IL2,TP53,667
IL2,TP53,667
CCND1,TP53,911
CCND1,TP53,911
CDKN1B,TP53,953
CDKN1B,TP53,953
IFNG,TP53,657
IFNG,TP53,657
GAPDH,TP53,901
GAPDH,TP53,901
NANOG,TP53,695
NANOG,TP53,695
MAPK14,TP53,995
MAPK14,TP53,995
IL4,TP53,509
IL4,TP53,509
NR3C1,TP53,979
NR3C1,TP53,979
SNAI1,TP53,996
SNAI1,TP53,996
SOX9,TP53,556
SOX9,TP53,556
RAF1,TP53,607
RAF1,TP53,607
EPO,TP53,500
EPO,TP53,500
KRAS,TP53,919
KRAS,TP53,919
CCNB1,TP53,839
CCNB1,TP53,839
PDGFRA,TP53,712
PDGFRA,TP53,712
CDK4,TP53,936
CDK4,TP53,936
MDM2,TP53,999
MDM2,TP53,999
POU5F1,TP53,726
POU5F1,TP53,726
THBS1,TP53,606
THBS1,TP53,606
CDH1,TP53,809
CDH1,TP53,809
PDGFRB,TP53,605
PDGFRB,TP53,605
SMAD2,TP53,998
SMAD2,TP53,998
AXIN1,TP53,851
AXIN1,TP53,851
MAPK3,TP53,981
MAPK3,TP53,981
EP300,TP53,999
EP300,TP53,999
IL1A,TP53,645
IL1A,TP53,645
IL1B,TP53,689
IL1B,TP53,689
EPCAM,TP53,620
EPCAM,TP53,620
AKT3,TP53,955
AKT3,TP53,955
KDR,TP53,697
KDR,TP53,697
PIK3CA,TP53,904
PIK3CA,TP53,904
FGF2,TP53,674
FGF2,TP53,674
STAT3,TP53,887
STAT3,TP53,887
ICAM1,TP53,568
ICAM1,TP53,568
ZAP70,TP53,528
ZAP70,TP53,528
EGF,TP53,766
EGF,TP53,766
ERBB3,TP53,667
ERBB3,TP53,667
RB1,TP53,990
RB1,TP53,990
PXN,TP53,592
PXN,TP53,592
CDH2,TP53,627
CDH2,TP53,627
CD4,ERBB2,632
CD4,ERBB2,632
FGF4,ERBB2,724
FGF4,ERBB2,724
MAPK1,ERBB2,502
MAPK1,ERBB2,502
MMP2,ERBB2,615
MMP2,ERBB2,615
CSK,ERBB2,575
CSK,ERBB2,575
TGFB1,ERBB2,568
TGFB1,ERBB2,568
PIK3R2,ERBB2,973
PIK3R2,ERBB2,973
HGF,ERBB2,890
HGF,ERBB2,890
SERPINE1,ERBB2,557
SERPINE1,ERBB2,557
IL2,ERBB2,604
IL2,ERBB2,604
CCND1,ERBB2,885
CCND1,ERBB2,885
CDKN1B,ERBB2,603
CDKN1B,ERBB2,603
GAPDH,ERBB2,782
GAPDH,ERBB2,782
HBEGF,ERBB2,970
HBEGF,ERBB2,970
FGF23,ERBB2,633
FGF23,ERBB2,633
PLCG1,ERBB2,989
PLCG1,ERBB2,989
SNAI1,ERBB2,643
SNAI1,ERBB2,643
EREG,ERBB2,963
EREG,ERBB2,963
KRAS,ERBB2,992
KRAS,ERBB2,992
CCNB1,ERBB2,616
CCNB1,ERBB2,616
PDGFRA,ERBB2,633
PDGFRA,ERBB2,633
CDK4,ERBB2,503
CDK4,ERBB2,503
MDM2,ERBB2,662
MDM2,ERBB2,662
POU5F1,ERBB2,512
POU5F1,ERBB2,512
CDH1,ERBB2,868
CDH1,ERBB2,868
PDGFRB,ERBB2,688
PDGFRB,ERBB2,688
FLT4,ERBB2,600
FLT4,ERBB2,600
PIK3R3,ERBB2,921
PIK3R3,ERBB2,921
GAB1,ERBB2,905
GAB1,ERBB2,905
MAPK3,ERBB2,544
MAPK3,ERBB2,544
EP300,ERBB2,531
EP300,ERBB2,531
IL1B,ERBB2,575
IL1B,ERBB2,575
EPCAM,ERBB2,753
EPCAM,ERBB2,753
KDR,ERBB2,570
KDR,ERBB2,570
PIK3CA,ERBB2,988
PIK3CA,ERBB2,988
CBL,ERBB2,994
CBL,ERBB2,994
FGF2,ERBB2,824
FGF2,ERBB2,824
WNT5A,ERBB2,548
WNT5A,ERBB2,548
STAT3,ERBB2,993
STAT3,ERBB2,993
FGF10,ERBB2,714
FGF10,ERBB2,714
EGF,ERBB2,999
EGF,ERBB2,999
ERBB3,ERBB2,992
ERBB3,ERBB2,992
PXN,ERBB2,699
PXN,ERBB2,699
FGF7,ERBB2,715
FGF7,ERBB2,715
IQGAP1,ERBB2,872
IQGAP1,ERBB2,872
CDH2,ERBB2,766
CDH2,ERBB2,766
TP53,ERBB2,889
TP53,ERBB2,889
TNFRSF1A,RPS27A,927
TNFRSF1A,RPS27A,927
FGF4,RPS27A,600
FGF4,RPS27A,600
NGFR,RPS27A,900
NGFR,RPS27A,900
NFKBIA,RPS27A,911
NFKBIA,RPS27A,911
TGFB1,RPS27A,600
TGFB1,RPS27A,600
HGF,RPS27A,901
HGF,RPS27A,901
CCND1,RPS27A,716
CCND1,RPS27A,716
CDKN1B,RPS27A,730
CDKN1B,RPS27A,730
GAPDH,RPS27A,564
GAPDH,RPS27A,564
HBEGF,RPS27A,622
HBEGF,RPS27A,622
FGF23,RPS27A,600
FGF23,RPS27A,600
EREG,RPS27A,600
EREG,RPS27A,600
RAF1,RPS27A,908
RAF1,RPS27A,908
KRAS,RPS27A,918
KRAS,RPS27A,918
CCNB1,RPS27A,643
CCNB1,RPS27A,643
MDM2,RPS27A,998
MDM2,RPS27A,998
CDH1,RPS27A,625
CDH1,RPS27A,625
SMAD2,RPS27A,767
SMAD2,RPS27A,767
AXIN1,RPS27A,788
AXIN1,RPS27A,788
EP300,RPS27A,751
EP300,RPS27A,751
CBL,RPS27A,656
CBL,RPS27A,656
FGF2,RPS27A,632
FGF2,RPS27A,632
FGF10,RPS27A,600
FGF10,RPS27A,600
EGF,RPS27A,640
EGF,RPS27A,640
ERBB3,RPS27A,650
ERBB3,RPS27A,650
RB1,RPS27A,907
RB1,RPS27A,907
FGF7,RPS27A,602
FGF7,RPS27A,602
TP53,RPS27A,998
TP53,RPS27A,998
ERBB2,RPS27A,724
ERBB2,RPS27A,724
CCND1,CCNA2,816
CCND1,CCNA2,816
CDKN1B,CCNA2,999
CDKN1B,CCNA2,999
GAPDH,CCNA2,682
GAPDH,CCNA2,682
CCNB1,CCNA2,996
CCNB1,CCNA2,996
CDK4,CCNA2,997
CDK4,CCNA2,997
MDM2,CCNA2,966
MDM2,CCNA2,966
POU5F1,CCNA2,537
POU5F1,CCNA2,537
CDH1,CCNA2,556
CDH1,CCNA2,556
MAPK3,CCNA2,551
MAPK3,CCNA2,551
EP300,CCNA2,861
EP300,CCNA2,861
STAT3,CCNA2,515
STAT3,CCNA2,515
EGF,CCNA2,512
EGF,CCNA2,512
RB1,CCNA2,996
RB1,CCNA2,996
CDH2,CCNA2,575
CDH2,CCNA2,575
TP53,CCNA2,995
TP53,CCNA2,995
ERBB2,CCNA2,551
ERBB2,CCNA2,551
RPS27A,CCNA2,673
RPS27A,CCNA2,673
MAPK1,RASA1,947
MAPK1,RASA1,947
CSK,RASA1,943
CSK,RASA1,943
PLCG1,RASA1,781
PLCG1,RASA1,781
RAF1,RASA1,950
RAF1,RASA1,950
KRAS,RASA1,980
KRAS,RASA1,980
PDGFRA,RASA1,937
PDGFRA,RASA1,937
PDGFRB,RASA1,992
PDGFRB,RASA1,992
GAB1,RASA1,660
GAB1,RASA1,660
MAPK3,RASA1,949
MAPK3,RASA1,949
KDR,RASA1,565
KDR,RASA1,565
EGF,RASA1,934
EGF,RASA1,934
ERBB3,RASA1,694
ERBB3,RASA1,694
PXN,RASA1,963
PXN,RASA1,963
ERBB2,RASA1,788
ERBB2,RASA1,788
CD4,EGFR,567
CD4,EGFR,567
GNA11,EGFR,512
GNA11,EGFR,512
TNFRSF1A,EGFR,847
TNFRSF1A,EGFR,847
FGF4,EGFR,761
FGF4,EGFR,761
NGFR,EGFR,509
NGFR,EGFR,509
VCL,EGFR,536
VCL,EGFR,536
MAPK1,EGFR,962
MAPK1,EGFR,962
NFKBIA,EGFR,528
NFKBIA,EGFR,528
TIMP1,EGFR,514
TIMP1,EGFR,514
MMP2,EGFR,707
MMP2,EGFR,707
CSK,EGFR,981
CSK,EGFR,981
TGFB1,EGFR,730
TGFB1,EGFR,730
EPOR,EGFR,536
EPOR,EGFR,536
PIK3R2,EGFR,992
PIK3R2,EGFR,992
HGF,EGFR,921
HGF,EGFR,921
SERPINE1,EGFR,548
SERPINE1,EGFR,548
CSF3,EGFR,772
CSF3,EGFR,772
CCL2,EGFR,527
CCL2,EGFR,527
IL2,EGFR,815
IL2,EGFR,815
CCND1,EGFR,864
CCND1,EGFR,864
CDKN1B,EGFR,573
CDKN1B,EGFR,573
IFNG,EGFR,798
IFNG,EGFR,798
GAPDH,EGFR,955
GAPDH,EGFR,955
NANOG,EGFR,513
NANOG,EGFR,513
MAPK14,EGFR,807
MAPK14,EGFR,807
HBEGF,EGFR,999
HBEGF,EGFR,999
IL4,EGFR,783
IL4,EGFR,783
IL5,EGFR,714
IL5,EGFR,714
NR3C1,EGFR,788
NR3C1,EGFR,788
PLEK,EGFR,588
PLEK,EGFR,588
FGF23,EGFR,662
FGF23,EGFR,662
PLCG1,EGFR,999
PLCG1,EGFR,999
SNAI1,EGFR,709
SNAI1,EGFR,709
EREG,EGFR,999
EREG,EGFR,999
BMP4,EGFR,565
BMP4,EGFR,565
SOX9,EGFR,636
SOX9,EGFR,636
RAC2,EGFR,507
RAC2,EGFR,507
LIF,EGFR,735
LIF,EGFR,735
RAF1,EGFR,788
RAF1,EGFR,788
EPO,EGFR,753
EPO,EGFR,753
KRAS,EGFR,998
KRAS,EGFR,998
CCNB1,EGFR,612
CCNB1,EGFR,612
PDGFRA,EGFR,958
PDGFRA,EGFR,958
MDM2,EGFR,870
MDM2,EGFR,870
POU5F1,EGFR,557
POU5F1,EGFR,557
TLR2,EGFR,833
TLR2,EGFR,833
THBS1,EGFR,606
THBS1,EGFR,606
CDH1,EGFR,999
CDH1,EGFR,999
PDGFRB,EGFR,946
PDGFRB,EGFR,946
FLT4,EGFR,545
FLT4,EGFR,545
SMAD2,EGFR,582
SMAD2,EGFR,582
AXIN1,EGFR,526
AXIN1,EGFR,526
PIK3R3,EGFR,978
PIK3R3,EGFR,978
GAB1,EGFR,998
GAB1,EGFR,998
MAPK3,EGFR,960
MAPK3,EGFR,960
EP300,EGFR,564
EP300,EGFR,564
IL1A,EGFR,533
IL1A,EGFR,533
IL1B,EGFR,561
IL1B,EGFR,561
EPCAM,EGFR,687
EPCAM,EGFR,687
IL7,EGFR,705
IL7,EGFR,705
KDR,EGFR,629
KDR,EGFR,629
PIK3CA,EGFR,996
PIK3CA,EGFR,996
CBL,EGFR,999
CBL,EGFR,999
FGF2,EGFR,889
FGF2,EGFR,889
WNT5A,EGFR,673
WNT5A,EGFR,673
STAT3,EGFR,999
STAT3,EGFR,999
FGF10,EGFR,773
FGF10,EGFR,773
ICAM1,EGFR,627
ICAM1,EGFR,627
ZAP70,EGFR,783
ZAP70,EGFR,783
EGF,EGFR,999
EGF,EGFR,999
ERBB3,EGFR,997
ERBB3,EGFR,997
RB1,EGFR,520
RB1,EGFR,520
PXN,EGFR,969
PXN,EGFR,969
FGF7,EGFR,810
FGF7,EGFR,810
IQGAP1,EGFR,817
IQGAP1,EGFR,817
CDH2,EGFR,842
CDH2,EGFR,842
TP53,EGFR,908
TP53,EGFR,908
ERBB2,EGFR,998
ERBB2,EGFR,998
RPS27A,EGFR,811
RPS27A,EGFR,811
CCNA2,EGFR,594
CCNA2,EGFR,594
RASA1,EGFR,999
RASA1,EGFR,999
CD4,IFNA1,825
CD4,IFNA1,825
TNFRSF1A,IFNA1,504
TNFRSF1A,IFNA1,504
NFKBIA,IFNA1,519
NFKBIA,IFNA1,519
EPOR,IFNA1,658
EPOR,IFNA1,658
CSF3,IFNA1,662
CSF3,IFNA1,662
CCL2,IFNA1,710
CCL2,IFNA1,710
IL2,IFNA1,949
IL2,IFNA1,949
IFNG,IFNA1,681
IFNG,IFNA1,681
GAPDH,IFNA1,633
GAPDH,IFNA1,633
IL4,IFNA1,800
IL4,IFNA1,800
IL5,IFNA1,683
IL5,IFNA1,683
PDGFRA,IFNA1,652
PDGFRA,IFNA1,652
TLR2,IFNA1,688
TLR2,IFNA1,688
PDGFRB,IFNA1,696
PDGFRB,IFNA1,696
IL1A,IFNA1,681
IL1A,IFNA1,681
IL1B,IFNA1,803
IL1B,IFNA1,803
IL7,IFNA1,681
IL7,IFNA1,681
STAT3,IFNA1,681
STAT3,IFNA1,681
ICAM1,IFNA1,600
ICAM1,IFNA1,600
EGF,IFNA1,505
EGF,IFNA1,505
TP53,IFNA1,519
TP53,IFNA1,519
EGFR,IFNA1,760
EGFR,IFNA1,760
FGF4,NTRK2,649
FGF4,NTRK2,649
NGFR,NTRK2,999
NGFR,NTRK2,999
HGF,NTRK2,696
HGF,NTRK2,696
GAPDH,NTRK2,538
GAPDH,NTRK2,538
NR3C1,NTRK2,792
NR3C1,NTRK2,792
FGF23,NTRK2,620
FGF23,NTRK2,620
PLCG1,NTRK2,996
PLCG1,NTRK2,996
EREG,NTRK2,610
EREG,NTRK2,610
KRAS,NTRK2,944
KRAS,NTRK2,944
GAB1,NTRK2,949
GAB1,NTRK2,949
PIK3CA,NTRK2,717
PIK3CA,NTRK2,717
FGF2,NTRK2,806
FGF2,NTRK2,806
STAT3,NTRK2,938
STAT3,NTRK2,938
FGF10,NTRK2,644
FGF10,NTRK2,644
EGF,NTRK2,853
EGF,NTRK2,853
FGF7,NTRK2,680
FGF7,NTRK2,680
CDH2,NTRK2,933
CDH2,NTRK2,933
RASA1,NTRK2,908
RASA1,NTRK2,908
EGFR,NTRK2,826
EGFR,NTRK2,826
MAPK1,PAK1,706
MAPK1,PAK1,706
MAPK14,PAK1,959
MAPK14,PAK1,959
PLCG1,PAK1,764
PLCG1,PAK1,764
RAC2,PAK1,974
RAC2,PAK1,974
RAF1,PAK1,972
RAF1,PAK1,972
KRAS,PAK1,939
KRAS,PAK1,939
PDGFRB,PAK1,903
PDGFRB,PAK1,903
MAPK3,PAK1,657
MAPK3,PAK1,657
PXN,PAK1,977
PXN,PAK1,977
EGFR,PAK1,819
EGFR,PAK1,819
GNA11,ATM,526
GNA11,ATM,526
CCND1,ATM,712
CCND1,ATM,712
CDKN1B,ATM,548
CDKN1B,ATM,548
GAPDH,ATM,671
GAPDH,ATM,671
MAPK14,ATM,621
MAPK14,ATM,621
SNAI1,ATM,596
SNAI1,ATM,596
KRAS,ATM,686
KRAS,ATM,686
CCNB1,ATM,733
CCNB1,ATM,733
CDK4,ATM,942
CDK4,ATM,942
MDM2,ATM,996
MDM2,ATM,996
MAPK3,ATM,510
MAPK3,ATM,510
EP300,ATM,599
EP300,ATM,599
PIK3CA,ATM,555
PIK3CA,ATM,555
STAT3,ATM,510
STAT3,ATM,510
RB1,ATM,516
RB1,ATM,516
TP53,ATM,999
TP53,ATM,999
ERBB2,ATM,682
ERBB2,ATM,682
RPS27A,ATM,908
RPS27A,ATM,908
CCNA2,ATM,852
CCNA2,ATM,852
EGFR,ATM,804
EGFR,ATM,804
VCL,TJP1,886
VCL,TJP1,886
MMP2,TJP1,534
MMP2,TJP1,534
CCL2,TJP1,505
CCL2,TJP1,505
CCND1,TJP1,546
CCND1,TJP1,546
GAPDH,TJP1,671
GAPDH,TJP1,671
SNAI1,TJP1,701
SNAI1,TJP1,701
TLR2,TJP1,500
TLR2,TJP1,500
CDH1,TJP1,993
CDH1,TJP1,993
SMAD2,TJP1,522
SMAD2,TJP1,522
MAPK3,TJP1,575
MAPK3,TJP1,575
IL1B,TJP1,655
IL1B,TJP1,655
KDR,TJP1,501
KDR,TJP1,501
FGF2,TJP1,581
FGF2,TJP1,581
ICAM1,TJP1,568
ICAM1,TJP1,568
EGF,TJP1,603
EGF,TJP1,603
PXN,TJP1,650
PXN,TJP1,650
CDH2,TJP1,959
CDH2,TJP1,959
ERBB2,TJP1,574
ERBB2,TJP1,574
EGFR,TJP1,845
EGFR,TJP1,845
GNA11,FBXW7,534
GNA11,FBXW7,534
CCND1,FBXW7,537
CCND1,FBXW7,537
SNAI1,FBXW7,610
SNAI1,FBXW7,610
SOX9,FBXW7,505
SOX9,FBXW7,505
KRAS,FBXW7,713
KRAS,FBXW7,713
CCNB1,FBXW7,605
CCNB1,FBXW7,605
PDGFRA,FBXW7,531
PDGFRA,FBXW7,531
CDK4,FBXW7,537
CDK4,FBXW7,537
MDM2,FBXW7,775
MDM2,FBXW7,775
MAPK3,FBXW7,678
MAPK3,FBXW7,678
EP300,FBXW7,813
EP300,FBXW7,813
PIK3CA,FBXW7,751
PIK3CA,FBXW7,751
STAT3,FBXW7,746
STAT3,FBXW7,746
TP53,FBXW7,879
TP53,FBXW7,879
ERBB2,FBXW7,602
ERBB2,FBXW7,602
RPS27A,FBXW7,635
RPS27A,FBXW7,635
CCNA2,FBXW7,508
CCNA2,FBXW7,508
EGFR,FBXW7,602
EGFR,FBXW7,602
ATM,FBXW7,615
ATM,FBXW7,615
FGF4,FLT1,787
FGF4,FLT1,787
MMP2,FLT1,573
MMP2,FLT1,573
CSK,FLT1,910
CSK,FLT1,910
PIK3R2,FLT1,770
PIK3R2,FLT1,770
HGF,FLT1,832
HGF,FLT1,832
SERPINE1,FLT1,516
SERPINE1,FLT1,516
CCL2,FLT1,520
CCL2,FLT1,520
GAPDH,FLT1,526
GAPDH,FLT1,526
FGF23,FLT1,725
FGF23,FLT1,725
PLCG1,FLT1,987
PLCG1,FLT1,987
EREG,FLT1,685
EREG,FLT1,685
KRAS,FLT1,598
KRAS,FLT1,598
THBS1,FLT1,574
THBS1,FLT1,574
FLT4,FLT1,984
FLT4,FLT1,984
PIK3R3,FLT1,740
PIK3R3,FLT1,740
IL1B,FLT1,501
IL1B,FLT1,501
KDR,FLT1,998
KDR,FLT1,998
PIK3CA,FLT1,959
PIK3CA,FLT1,959
CBL,FLT1,984
CBL,FLT1,984
FGF2,FLT1,909
FGF2,FLT1,909
STAT3,FLT1,777
STAT3,FLT1,777
FGF10,FLT1,766
FGF10,FLT1,766
ICAM1,FLT1,568
ICAM1,FLT1,568
EGF,FLT1,841
EGF,FLT1,841
ERBB3,FLT1,535
ERBB3,FLT1,535
PXN,FLT1,930
PXN,FLT1,930
FGF7,FLT1,803
FGF7,FLT1,803
TP53,FLT1,532
TP53,FLT1,532
ERBB2,FLT1,545
ERBB2,FLT1,545
RASA1,FLT1,929
RASA1,FLT1,929
EGFR,FLT1,574
EGFR,FLT1,574
FGF4,WNT3A,650
FGF4,WNT3A,650
CCND1,WNT3A,729
CCND1,WNT3A,729
GAPDH,WNT3A,622
GAPDH,WNT3A,622
NANOG,WNT3A,604
NANOG,WNT3A,604
SNAI1,WNT3A,509
SNAI1,WNT3A,509
BMP4,WNT3A,890
BMP4,WNT3A,890
SOX9,WNT3A,686
SOX9,WNT3A,686
POU5F1,WNT3A,594
POU5F1,WNT3A,594
CDH1,WNT3A,632
CDH1,WNT3A,632
SMAD2,WNT3A,517
SMAD2,WNT3A,517
AXIN1,WNT3A,985
AXIN1,WNT3A,985
FGF2,WNT3A,798
FGF2,WNT3A,798
WNT5A,WNT3A,907
WNT5A,WNT3A,907
FGF10,WNT3A,733
FGF10,WNT3A,733
EGF,WNT3A,739
EGF,WNT3A,739
FGF7,WNT3A,574
FGF7,WNT3A,574
CDH2,WNT3A,583
CDH2,WNT3A,583
ERBB2,WNT3A,515
ERBB2,WNT3A,515
RPS27A,WNT3A,902
RPS27A,WNT3A,902
EGFR,WNT3A,573
EGFR,WNT3A,573
NGFR,APP,994
NGFR,APP,994
MAPK1,APP,765
MAPK1,APP,765
MMP2,APP,672
MMP2,APP,672
TGFB1,APP,811
TGFB1,APP,811
GAPDH,APP,980
GAPDH,APP,980
MDM2,APP,830
MDM2,APP,830
CDH1,APP,565
CDH1,APP,565
MAPK3,APP,812
MAPK3,APP,812
EP300,APP,967
EP300,APP,967
IL1B,APP,672
IL1B,APP,672
KDR,APP,579
KDR,APP,579
FGF2,APP,538
FGF2,APP,538
EGF,APP,755
EGF,APP,755
CDH2,APP,697
CDH2,APP,697
TP53,APP,621
TP53,APP,621
EGFR,APP,823
EGFR,APP,823
NTRK2,APP,702
NTRK2,APP,702
GNA11,GNAQ,937
GNA11,GNAQ,937
PIK3R2,GNAQ,640
PIK3R2,GNAQ,640
MAPK14,GNAQ,937
MAPK14,GNAQ,937
PLEK,GNAQ,521
PLEK,GNAQ,521
PLCG1,GNAQ,947
PLCG1,GNAQ,947
RAC2,GNAQ,537
RAC2,GNAQ,537
KRAS,GNAQ,898
KRAS,GNAQ,898
PDGFRA,GNAQ,504
PDGFRA,GNAQ,504
PIK3R3,GNAQ,654
PIK3R3,GNAQ,654
MAPK3,GNAQ,711
MAPK3,GNAQ,711
KDR,GNAQ,522
KDR,GNAQ,522
PIK3CA,GNAQ,980
PIK3CA,GNAQ,980
EGFR,GNAQ,537
EGFR,GNAQ,537
FBXW7,GNAQ,517
FBXW7,GNAQ,517
CD4,PPARG,560
CD4,PPARG,560
TNFRSF1A,PPARG,932
TNFRSF1A,PPARG,932
MAPK1,PPARG,812
MAPK1,PPARG,812
NFKBIA,PPARG,616
NFKBIA,PPARG,616
TIMP1,PPARG,515
TIMP1,PPARG,515
MMP2,PPARG,514
MMP2,PPARG,514
TGFB1,PPARG,956
TGFB1,PPARG,956
SERPINE1,PPARG,624
SERPINE1,PPARG,624
CCL2,PPARG,709
CCL2,PPARG,709
CCND1,PPARG,616
CCND1,PPARG,616
IFNG,PPARG,579
IFNG,PPARG,579
GAPDH,PPARG,716
GAPDH,PPARG,716
NANOG,PPARG,502
NANOG,PPARG,502
MAPK14,PPARG,678
MAPK14,PPARG,678
IL4,PPARG,662
IL4,PPARG,662
NR3C1,PPARG,507
NR3C1,PPARG,507
SNAI1,PPARG,774
SNAI1,PPARG,774
BMP4,PPARG,582
BMP4,PPARG,582
SOX9,PPARG,630
SOX9,PPARG,630
RAF1,PPARG,715
RAF1,PPARG,715
MDM2,PPARG,526
MDM2,PPARG,526
TLR2,PPARG,539
TLR2,PPARG,539
SMAD2,PPARG,699
SMAD2,PPARG,699
MAPK3,PPARG,651
MAPK3,PPARG,651
EP300,PPARG,999
EP300,PPARG,999
IL1B,PPARG,745
IL1B,PPARG,745
FGF2,PPARG,664
FGF2,PPARG,664
STAT3,PPARG,711
STAT3,PPARG,711
ICAM1,PPARG,609
ICAM1,PPARG,609
EGF,PPARG,529
EGF,PPARG,529
RB1,PPARG,945
RB1,PPARG,945
TP53,PPARG,924
TP53,PPARG,924
EGFR,PPARG,663
EGFR,PPARG,663
APP,PPARG,582
APP,PPARG,582
CD4,KIT,745
CD4,KIT,745
GNA11,KIT,619
GNA11,KIT,619
FGF4,KIT,766
FGF4,KIT,766
NGFR,KIT,503
NGFR,KIT,503
EPOR,KIT,996
EPOR,KIT,996
PIK3R2,KIT,969
PIK3R2,KIT,969
HGF,KIT,846
HGF,KIT,846
CSF3,KIT,682
CSF3,KIT,682
IL2,KIT,561
IL2,KIT,561
CCND1,KIT,612
CCND1,KIT,612
GAPDH,KIT,647
GAPDH,KIT,647
NANOG,KIT,688
NANOG,KIT,688
IL4,KIT,571
IL4,KIT,571
IL5,KIT,522
IL5,KIT,522
FGF23,KIT,696
FGF23,KIT,696
PLCG1,KIT,922
PLCG1,KIT,922
EREG,KIT,658
EREG,KIT,658
BMP4,KIT,572
BMP4,KIT,572
EPO,KIT,968
EPO,KIT,968
KRAS,KIT,969
KRAS,KIT,969
MDM2,KIT,556
MDM2,KIT,556
POU5F1,KIT,724
POU5F1,KIT,724
CDH1,KIT,604
CDH1,KIT,604
FLT4,KIT,517
FLT4,KIT,517
PIK3R3,KIT,870
PIK3R3,KIT,870
GAB1,KIT,917
GAB1,KIT,917
IL1B,KIT,520
IL1B,KIT,520
EPCAM,KIT,619
EPCAM,KIT,619
IL7,KIT,737
IL7,KIT,737
PIK3CA,KIT,977
PIK3CA,KIT,977
CBL,KIT,978
CBL,KIT,978
FGF2,KIT,891
FGF2,KIT,891
STAT3,KIT,962
STAT3,KIT,962
FGF10,KIT,761
FGF10,KIT,761
ICAM1,KIT,513
ICAM1,KIT,513
EGF,KIT,924
EGF,KIT,924
ERBB3,KIT,533
ERBB3,KIT,533
FGF7,KIT,805
FGF7,KIT,805
TP53,KIT,792
TP53,KIT,792
ATM,KIT,523
ATM,KIT,523
FBXW7,KIT,521
FBXW7,KIT,521
FLT1,KIT,530
FLT1,KIT,530
GNAQ,KIT,619
GNAQ,KIT,619
FGF4,FGFR4,896
FGF4,FGFR4,896
MAPK1,FGFR4,919
MAPK1,FGFR4,919
PIK3R2,FGFR4,667
PIK3R2,FGFR4,667
HGF,FGFR4,744
HGF,FGFR4,744
FGF23,FGFR4,994
FGF23,FGFR4,994
PLCG1,FGFR4,744
PLCG1,FGFR4,744
EREG,FGFR4,650
EREG,FGFR4,650
KRAS,FGFR4,962
KRAS,FGFR4,962
MDM2,FGFR4,702
MDM2,FGFR4,702
CDH1,FGFR4,514
CDH1,FGFR4,514
PIK3R3,FGFR4,670
PIK3R3,FGFR4,670
GAB1,FGFR4,578
GAB1,FGFR4,578
MAPK3,FGFR4,925
MAPK3,FGFR4,925
PIK3CA,FGFR4,788
PIK3CA,FGFR4,788
CBL,FGFR4,698
CBL,FGFR4,698
FGF2,FGFR4,989
FGF2,FGFR4,989
STAT3,FGFR4,876
STAT3,FGFR4,876
FGF10,FGFR4,872
FGF10,FGFR4,872
EGF,FGFR4,751
EGF,FGFR4,751
FGF7,FGFR4,882
FGF7,FGFR4,882
CDH2,FGFR4,860
CDH2,FGFR4,860
ERBB2,FGFR4,618
ERBB2,FGFR4,618
RPS27A,FGFR4,647
RPS27A,FGFR4,647
CD4,STAT5B,760
CD4,STAT5B,760
MAPK1,STAT5B,952
MAPK1,STAT5B,952
NFKBIA,STAT5B,504
NFKBIA,STAT5B,504
EPOR,STAT5B,993
EPOR,STAT5B,993
CSF3,STAT5B,560
CSF3,STAT5B,560
IL2,STAT5B,994
IL2,STAT5B,994
CCND1,STAT5B,959
CCND1,STAT5B,959
IFNG,STAT5B,553
IFNG,STAT5B,553
GAPDH,STAT5B,520
GAPDH,STAT5B,520
IL4,STAT5B,967
IL4,STAT5B,967
IL5,STAT5B,958
IL5,STAT5B,958
NR3C1,STAT5B,979
NR3C1,STAT5B,979
FGF23,STAT5B,904
FGF23,STAT5B,904
EPO,STAT5B,979
EPO,STAT5B,979
KRAS,STAT5B,515
KRAS,STAT5B,515
CCNB1,STAT5B,923
CCNB1,STAT5B,923
PDGFRA,STAT5B,772
PDGFRA,STAT5B,772
CDK4,STAT5B,520
CDK4,STAT5B,520
PDGFRB,STAT5B,955
PDGFRB,STAT5B,955
MAPK3,STAT5B,969
MAPK3,STAT5B,969
EP300,STAT5B,980
EP300,STAT5B,980
IL1B,STAT5B,530
IL1B,STAT5B,530
IL7,STAT5B,948
IL7,STAT5B,948
CBL,STAT5B,525
CBL,STAT5B,525
STAT3,STAT5B,969
STAT3,STAT5B,969
ZAP70,STAT5B,539
ZAP70,STAT5B,539
EGF,STAT5B,605
EGF,STAT5B,605
TP53,STAT5B,566
TP53,STAT5B,566
ERBB2,STAT5B,609
ERBB2,STAT5B,609
EGFR,STAT5B,998
EGFR,STAT5B,998
IFNA1,STAT5B,658
IFNA1,STAT5B,658
KIT,STAT5B,958
KIT,STAT5B,958
CCND1,WNT1,663
CCND1,WNT1,663
GAPDH,WNT1,542
GAPDH,WNT1,542
SNAI1,WNT1,531
SNAI1,WNT1,531
BMP4,WNT1,846
BMP4,WNT1,846
SOX9,WNT1,746
SOX9,WNT1,746
RAC2,WNT1,751
RAC2,WNT1,751
KRAS,WNT1,577
KRAS,WNT1,577
CDH1,WNT1,613
CDH1,WNT1,613
SMAD2,WNT1,548
SMAD2,WNT1,548
AXIN1,WNT1,951
AXIN1,WNT1,951
MAPK3,WNT1,508
MAPK3,WNT1,508
AKT3,WNT1,523
AKT3,WNT1,523
FGF2,WNT1,543
FGF2,WNT1,543
WNT5A,WNT1,910
WNT5A,WNT1,910
EGF,WNT1,553
EGF,WNT1,553
ERBB3,WNT1,630
ERBB3,WNT1,630
CDH2,WNT1,520
CDH2,WNT1,520
TP53,WNT1,538
TP53,WNT1,538
ERBB2,WNT1,734
ERBB2,WNT1,734
EGFR,WNT1,727
EGFR,WNT1,727
WNT3A,WNT1,927
WNT3A,WNT1,927
FGF4,FGF19,515
FGF4,FGF19,515
NGFR,FGF19,643
NGFR,FGF19,643
MAPK1,FGF19,913
MAPK1,FGF19,913
PIK3R2,FGF19,504
PIK3R2,FGF19,504
HGF,FGF19,708
HGF,FGF19,708
CCND1,FGF19,510
CCND1,FGF19,510
PLCG1,FGF19,623
PLCG1,FGF19,623
BMP4,FGF19,602
BMP4,FGF19,602
KRAS,FGF19,926
KRAS,FGF19,926
PDGFRA,FGF19,718
PDGFRA,FGF19,718
PDGFRB,FGF19,746
PDGFRB,FGF19,746
FLT4,FGF19,744
FLT4,FGF19,744
GAB1,FGF19,600
GAB1,FGF19,600
MAPK3,FGF19,941
MAPK3,FGF19,941
KDR,FGF19,804
KDR,FGF19,804
PIK3CA,FGF19,648
PIK3CA,FGF19,648
CBL,FGF19,609
CBL,FGF19,609
FGF10,FGF19,582
FGF10,FGF19,582
EGF,FGF19,722
EGF,FGF19,722
ERBB3,FGF19,655
ERBB3,FGF19,655
FGF7,FGF19,588
FGF7,FGF19,588
ERBB2,FGF19,730
ERBB2,FGF19,730
RPS27A,FGF19,600
RPS27A,FGF19,600
EGFR,FGF19,769
EGFR,FGF19,769
NTRK2,FGF19,652
NTRK2,FGF19,652
FLT1,FGF19,776
FLT1,FGF19,776
WNT3A,FGF19,505
WNT3A,FGF19,505
KIT,FGF19,776
KIT,FGF19,776
FGFR4,FGF19,999
FGFR4,FGF19,999
CD4,HPGDS,506
CD4,HPGDS,506
NFKBIA,HPGDS,636
NFKBIA,HPGDS,636
CCND1,HPGDS,564
CCND1,HPGDS,564
GAPDH,HPGDS,661
GAPDH,HPGDS,661
PLCG1,HPGDS,654
PLCG1,HPGDS,654
RAC2,HPGDS,520
RAC2,HPGDS,520
MDM2,HPGDS,749
MDM2,HPGDS,749
IL1B,HPGDS,522
IL1B,HPGDS,522
FGF2,HPGDS,716
FGF2,HPGDS,716
ZAP70,HPGDS,819
ZAP70,HPGDS,819
EGF,HPGDS,557
EGF,HPGDS,557
PXN,HPGDS,795
PXN,HPGDS,795
TP53,HPGDS,891
TP53,HPGDS,891
EGFR,HPGDS,545
EGFR,HPGDS,545
PPARG,HPGDS,712
PPARG,HPGDS,712
NGFR,TGFA,613
NGFR,TGFA,613
CSK,TGFA,900
CSK,TGFA,900
HGF,TGFA,556
HGF,TGFA,556
HBEGF,TGFA,722
HBEGF,TGFA,722
PLCG1,TGFA,625
PLCG1,TGFA,625
EREG,TGFA,704
EREG,TGFA,704
KRAS,TGFA,944
KRAS,TGFA,944
PDGFRA,TGFA,647
PDGFRA,TGFA,647
PDGFRB,TGFA,697
PDGFRB,TGFA,697
FLT4,TGFA,664
FLT4,TGFA,664
GAB1,TGFA,511
GAB1,TGFA,511
EP300,TGFA,906
EP300,TGFA,906
KDR,TGFA,708
KDR,TGFA,708
PIK3CA,TGFA,612
PIK3CA,TGFA,612
CBL,TGFA,618
CBL,TGFA,618
FGF2,TGFA,595
FGF2,TGFA,595
EGF,TGFA,831
EGF,TGFA,831
ERBB3,TGFA,944
ERBB3,TGFA,944
PXN,TGFA,900
PXN,TGFA,900
ERBB2,TGFA,980
ERBB2,TGFA,980
RPS27A,TGFA,600
RPS27A,TGFA,600
EGFR,TGFA,999
EGFR,TGFA,999
NTRK2,TGFA,629
NTRK2,TGFA,629
FLT1,TGFA,709
FLT1,TGFA,709
KIT,TGFA,680
KIT,TGFA,680
FGFR4,TGFA,645
FGFR4,TGFA,645
CD4,ALB,852
CD4,ALB,852
TNFRSF1A,ALB,519
TNFRSF1A,ALB,519
FGF4,ALB,607
FGF4,ALB,607
VCL,ALB,725
VCL,ALB,725
NFKBIA,ALB,646
NFKBIA,ALB,646
TIMP1,ALB,606
TIMP1,ALB,606
MMP2,ALB,686
MMP2,ALB,686
TGFB1,ALB,658
TGFB1,ALB,658
HGF,ALB,715
HGF,ALB,715
SERPINE1,ALB,665
SERPINE1,ALB,665
CSF3,ALB,687
CSF3,ALB,687
CCL2,ALB,740
CCL2,ALB,740
IL2,ALB,775
IL2,ALB,775
CCND1,ALB,673
CCND1,ALB,673
IFNG,ALB,740
IFNG,ALB,740
GAPDH,ALB,875
GAPDH,ALB,875
NANOG,ALB,676
NANOG,ALB,676
MAPK14,ALB,579
MAPK14,ALB,579
IL4,ALB,737
IL4,ALB,737
IL5,ALB,639
IL5,ALB,639
NR3C1,ALB,645
NR3C1,ALB,645
PLEK,ALB,503
PLEK,ALB,503
FGF23,ALB,662
FGF23,ALB,662
SNAI1,ALB,583
SNAI1,ALB,583
BMP4,ALB,602
BMP4,ALB,602
SOX9,ALB,590
SOX9,ALB,590
LIF,ALB,567
LIF,ALB,567
EPO,ALB,782
EPO,ALB,782
KRAS,ALB,592
KRAS,ALB,592
CCNB1,ALB,549
CCNB1,ALB,549
CDK4,ALB,500
CDK4,ALB,500
MDM2,ALB,606
MDM2,ALB,606
POU5F1,ALB,693
POU5F1,ALB,693
TLR2,ALB,707
TLR2,ALB,707
CDH1,ALB,809
CDH1,ALB,809
PDGFRB,ALB,677
PDGFRB,ALB,677
SMAD2,ALB,660
SMAD2,ALB,660
MAPK3,ALB,702
MAPK3,ALB,702
IL1A,ALB,602
IL1A,ALB,602
IL1B,ALB,822
IL1B,ALB,822
EPCAM,ALB,674
EPCAM,ALB,674
IL7,ALB,508
IL7,ALB,508
KDR,ALB,666
KDR,ALB,666
FGF2,ALB,821
FGF2,ALB,821
STAT3,ALB,730
STAT3,ALB,730
FGF10,ALB,506
FGF10,ALB,506
ICAM1,ALB,711
ICAM1,ALB,711
EGF,ALB,817
EGF,ALB,817
ERBB3,ALB,897
ERBB3,ALB,897
PXN,ALB,592
PXN,ALB,592
FGF7,ALB,633
FGF7,ALB,633
CDH2,ALB,613
CDH2,ALB,613
TP53,ALB,715
TP53,ALB,715
ERBB2,ALB,923
ERBB2,ALB,923
EGFR,ALB,789
EGFR,ALB,789
IFNA1,ALB,689
IFNA1,ALB,689
NTRK2,ALB,538
NTRK2,ALB,538
ATM,ALB,556
ATM,ALB,556
TJP1,ALB,754
TJP1,ALB,754
FLT1,ALB,566
FLT1,ALB,566
WNT3A,ALB,557
WNT3A,ALB,557
APP,ALB,793
APP,ALB,793
PPARG,ALB,737
PPARG,ALB,737
KIT,ALB,687
KIT,ALB,687
FGF19,ALB,600
FGF19,ALB,600
HPGDS,ALB,697
HPGDS,ALB,697
CD4,ANXA5,876
CD4,ANXA5,876
TNFRSF1A,ANXA5,577
TNFRSF1A,ANXA5,577
VCL,ANXA5,947
VCL,ANXA5,947
NFKBIA,ANXA5,611
NFKBIA,ANXA5,611
MMP2,ANXA5,626
MMP2,ANXA5,626
CCL2,ANXA5,538
CCL2,ANXA5,538
IL2,ANXA5,673
IL2,ANXA5,673
CCND1,ANXA5,819
CCND1,ANXA5,819
CDKN1B,ANXA5,511
CDKN1B,ANXA5,511
IFNG,ANXA5,578
IFNG,ANXA5,578
GAPDH,ANXA5,896
GAPDH,ANXA5,896
NANOG,ANXA5,502
NANOG,ANXA5,502
MAPK14,ANXA5,524
MAPK14,ANXA5,524
IL4,ANXA5,613
IL4,ANXA5,613
PLEK,ANXA5,923
PLEK,ANXA5,923
SNAI1,ANXA5,502
SNAI1,ANXA5,502
KRAS,ANXA5,628
KRAS,ANXA5,628
CCNB1,ANXA5,716
CCNB1,ANXA5,716
CDK4,ANXA5,665
CDK4,ANXA5,665
MDM2,ANXA5,630
MDM2,ANXA5,630
POU5F1,ANXA5,518
POU5F1,ANXA5,518
CDH1,ANXA5,684
CDH1,ANXA5,684
MAPK3,ANXA5,694
MAPK3,ANXA5,694
IL1B,ANXA5,653
IL1B,ANXA5,653
EPCAM,ANXA5,532
EPCAM,ANXA5,532
IL7,ANXA5,521
IL7,ANXA5,521
KDR,ANXA5,682
KDR,ANXA5,682
FGF2,ANXA5,599
FGF2,ANXA5,599
STAT3,ANXA5,754
STAT3,ANXA5,754
ICAM1,ANXA5,566
ICAM1,ANXA5,566
EGF,ANXA5,661
EGF,ANXA5,661
CDH2,ANXA5,565
CDH2,ANXA5,565
TP53,ANXA5,829
TP53,ANXA5,829
ERBB2,ANXA5,762
ERBB2,ANXA5,762
CCNA2,ANXA5,610
CCNA2,ANXA5,610
EGFR,ANXA5,733
EGFR,ANXA5,733
ATM,ANXA5,610
ATM,ANXA5,610
KIT,ANXA5,679
KIT,ANXA5,679
STAT5B,ANXA5,530
STAT5B,ANXA5,530
ALB,ANXA5,823
ALB,ANXA5,823
CD4,IL15,868
CD4,IL15,868
EPOR,IL15,752
EPOR,IL15,752
CSF3,IL15,778
CSF3,IL15,778
CCL2,IL15,774
CCL2,IL15,774
IL2,IL15,941
IL2,IL15,941
IFNG,IL15,813
IFNG,IL15,813
IL4,IL15,860
IL4,IL15,860
IL5,IL15,833
IL5,IL15,833
PDGFRA,IL15,628
PDGFRA,IL15,628
TLR2,IL15,590
TLR2,IL15,590
PDGFRB,IL15,660
PDGFRB,IL15,660
IL1A,IL15,740
IL1A,IL15,740
IL1B,IL15,815
IL1B,IL15,815
IL7,IL15,939
IL7,IL15,939
FGF2,IL15,562
FGF2,IL15,562
STAT3,IL15,841
STAT3,IL15,841
ICAM1,IL15,606
ICAM1,IL15,606
EGF,IL15,626
EGF,IL15,626
EGFR,IL15,743
EGFR,IL15,743
IFNA1,IL15,745
IFNA1,IL15,745
STAT5B,IL15,902
STAT5B,IL15,902
ALB,IL15,581
ALB,IL15,581
CD4,IL3,694
CD4,IL3,694
TNFRSF1A,IL3,541
TNFRSF1A,IL3,541
EPOR,IL3,891
EPOR,IL3,891
PIK3R2,IL3,552
PIK3R2,IL3,552
HGF,IL3,620
HGF,IL3,620
CSF3,IL3,959
CSF3,IL3,959
CCL2,IL3,667
CCL2,IL3,667
IL2,IL3,928
IL2,IL3,928
IFNG,IL3,747
IFNG,IL3,747
GAPDH,IL3,528
GAPDH,IL3,528
IL4,IL3,857
IL4,IL3,857
IL5,IL3,932
IL5,IL3,932
LIF,IL3,561
LIF,IL3,561
EPO,IL3,877
EPO,IL3,877
PDGFRA,IL3,713
PDGFRA,IL3,713
PDGFRB,IL3,724
PDGFRB,IL3,724
PIK3R3,IL3,515
PIK3R3,IL3,515
IL1A,IL3,853
IL1A,IL3,853
IL1B,IL3,815
IL1B,IL3,815
IL7,IL3,801
IL7,IL3,801
PIK3CA,IL3,931
PIK3CA,IL3,931
FGF2,IL3,640
FGF2,IL3,640
STAT3,IL3,563
STAT3,IL3,563
ICAM1,IL3,519
ICAM1,IL3,519
EGF,IL3,560
EGF,IL3,560
EGFR,IL3,801
EGFR,IL3,801
IFNA1,IL3,617
IFNA1,IL3,617
KIT,IL3,880
KIT,IL3,880
STAT5B,IL3,969
STAT5B,IL3,969
ALB,IL3,608
ALB,IL3,608
ANXA5,IL3,595
ANXA5,IL3,595
IL15,IL3,709
IL15,IL3,709
CD4,CSF2,873
CD4,CSF2,873
TNFRSF1A,CSF2,560
TNFRSF1A,CSF2,560
MAPK1,CSF2,922
MAPK1,CSF2,922
NFKBIA,CSF2,577
NFKBIA,CSF2,577
TIMP1,CSF2,539
TIMP1,CSF2,539
TGFB1,CSF2,626
TGFB1,CSF2,626
EPOR,CSF2,875
EPOR,CSF2,875
PIK3R2,CSF2,517
PIK3R2,CSF2,517
HGF,CSF2,564
HGF,CSF2,564
CSF3,CSF2,992
CSF3,CSF2,992
CCL2,CSF2,988
CCL2,CSF2,988
IL2,CSF2,939
IL2,CSF2,939
IFNG,CSF2,862
IFNG,CSF2,862
GAPDH,CSF2,635
GAPDH,CSF2,635
HBEGF,CSF2,595
HBEGF,CSF2,595
IL4,CSF2,914
IL4,CSF2,914
IL5,CSF2,954
IL5,CSF2,954
LIF,CSF2,957
LIF,CSF2,957
EPO,CSF2,883
EPO,CSF2,883
KRAS,CSF2,948
KRAS,CSF2,948
PDGFRA,CSF2,687
PDGFRA,CSF2,687
TLR2,CSF2,716
TLR2,CSF2,716
PDGFRB,CSF2,706
PDGFRB,CSF2,706
PIK3R3,CSF2,506
PIK3R3,CSF2,506
MAPK3,CSF2,950
MAPK3,CSF2,950
IL1A,CSF2,987
IL1A,CSF2,987
IL1B,CSF2,988
IL1B,CSF2,988
IL7,CSF2,847
IL7,CSF2,847
PIK3CA,CSF2,914
PIK3CA,CSF2,914
FGF2,CSF2,687
FGF2,CSF2,687
STAT3,CSF2,967
STAT3,CSF2,967
ICAM1,CSF2,745
ICAM1,CSF2,745
EGF,CSF2,658
EGF,CSF2,658
FGF7,CSF2,537
FGF7,CSF2,537
TP53,CSF2,646
TP53,CSF2,646
ERBB2,CSF2,566
ERBB2,CSF2,566
EGFR,CSF2,800
EGFR,CSF2,800
IFNA1,CSF2,807
IFNA1,CSF2,807
KIT,CSF2,783
KIT,CSF2,783
STAT5B,CSF2,973
STAT5B,CSF2,973
ALB,CSF2,725
ALB,CSF2,725
ANXA5,CSF2,635
ANXA5,CSF2,635
IL15,CSF2,879
IL15,CSF2,879
IL3,CSF2,994
IL3,CSF2,994
GNA11,NPM1,505
GNA11,NPM1,505
GAPDH,NPM1,722
GAPDH,NPM1,722
KRAS,NPM1,671
KRAS,NPM1,671
PDGFRA,NPM1,507
PDGFRA,NPM1,507
MDM2,NPM1,995
MDM2,NPM1,995
EP300,NPM1,657
EP300,NPM1,657
KDR,NPM1,527
KDR,NPM1,527
STAT3,NPM1,694
STAT3,NPM1,694
RB1,NPM1,733
RB1,NPM1,733
TP53,NPM1,999
TP53,NPM1,999
RPS27A,NPM1,502
RPS27A,NPM1,502
EGFR,NPM1,697
EGFR,NPM1,697
ATM,NPM1,528
ATM,NPM1,528
FBXW7,NPM1,592
FBXW7,NPM1,592
KIT,NPM1,721
KIT,NPM1,721
STAT5B,NPM1,505
STAT5B,NPM1,505
FGF4,SHH,741
FGF4,SHH,741
TGFB1,SHH,515
TGFB1,SHH,515
CCND1,SHH,623
CCND1,SHH,623
GAPDH,SHH,576
GAPDH,SHH,576
NANOG,SHH,614
NANOG,SHH,614
SNAI1,SHH,575
SNAI1,SHH,575
BMP4,SHH,926
BMP4,SHH,926
SOX9,SHH,734
SOX9,SHH,734
KRAS,SHH,576
KRAS,SHH,576
CCNB1,SHH,933
CCNB1,SHH,933
PDGFRA,SHH,531
PDGFRA,SHH,531
CDK4,SHH,556
CDK4,SHH,556
POU5F1,SHH,631
POU5F1,SHH,631
CDH1,SHH,609
CDH1,SHH,609
AXIN1,SHH,801
AXIN1,SHH,801
KDR,SHH,503
KDR,SHH,503
FGF2,SHH,772
FGF2,SHH,772
WNT5A,SHH,772
WNT5A,SHH,772
STAT3,SHH,522
STAT3,SHH,522
FGF10,SHH,875
FGF10,SHH,875
EGF,SHH,687
EGF,SHH,687
FGF7,SHH,634
FGF7,SHH,634
CDH2,SHH,621
CDH2,SHH,621
TP53,SHH,640
TP53,SHH,640
ERBB2,SHH,591
ERBB2,SHH,591
RPS27A,SHH,901
RPS27A,SHH,901
EGFR,SHH,735
EGFR,SHH,735
WNT3A,SHH,767
WNT3A,SHH,767
WNT1,SHH,911
WNT1,SHH,911
FGF19,SHH,540
FGF19,SHH,540
ALB,SHH,557
ALB,SHH,557
GNA11,ARF6,923
GNA11,ARF6,923
MAPK1,ARF6,921
MAPK1,ARF6,921
HGF,ARF6,930
HGF,ARF6,930
MAPK14,ARF6,509
MAPK14,ARF6,509
PLEK,ARF6,640
PLEK,ARF6,640
RAC2,ARF6,768
RAC2,ARF6,768
KRAS,ARF6,533
KRAS,ARF6,533
GAB1,ARF6,615
GAB1,ARF6,615
MAPK3,ARF6,939
MAPK3,ARF6,939
PIK3CA,ARF6,917
PIK3CA,ARF6,917
EGF,ARF6,943
EGF,ARF6,943
PXN,ARF6,959
PXN,ARF6,959
IQGAP1,ARF6,566
IQGAP1,ARF6,566
EGFR,ARF6,953
EGFR,ARF6,953
GNAQ,ARF6,963
GNAQ,ARF6,963
PPARG,ARF6,516
PPARG,ARF6,516
HPGDS,ARF6,693
HPGDS,ARF6,693
GNA11,LRRK2,746
GNA11,LRRK2,746
MAPK1,LRRK2,507
MAPK1,LRRK2,507
GAPDH,LRRK2,578
GAPDH,LRRK2,578
HBEGF,LRRK2,627
HBEGF,LRRK2,627
KRAS,LRRK2,588
KRAS,LRRK2,588
AXIN1,LRRK2,729
AXIN1,LRRK2,729
MAPK3,LRRK2,522
MAPK3,LRRK2,522
IQGAP1,LRRK2,601
IQGAP1,LRRK2,601
TP53,LRRK2,764
TP53,LRRK2,764
RPS27A,LRRK2,561
RPS27A,LRRK2,561
EGFR,LRRK2,725
EGFR,LRRK2,725
APP,LRRK2,707
APP,LRRK2,707
GNAQ,LRRK2,563
GNAQ,LRRK2,563
NPM1,LRRK2,512
NPM1,LRRK2,512
ARF6,LRRK2,572
ARF6,LRRK2,572
NFKBIA,MMP3,535
NFKBIA,MMP3,535
TIMP1,MMP3,999
TIMP1,MMP3,999
TGFB1,MMP3,952
TGFB1,MMP3,952
HGF,MMP3,951
HGF,MMP3,951
SERPINE1,MMP3,769
SERPINE1,MMP3,769
CCL2,MMP3,795
CCL2,MMP3,795
CCND1,MMP3,541
CCND1,MMP3,541
GAPDH,MMP3,633
GAPDH,MMP3,633
HBEGF,MMP3,941
HBEGF,MMP3,941
IL4,MMP3,519
IL4,MMP3,519
SNAI1,MMP3,532
SNAI1,MMP3,532
SOX9,MMP3,596
SOX9,MMP3,596
LIF,MMP3,925
LIF,MMP3,925
THBS1,MMP3,559
THBS1,MMP3,559
CDH1,MMP3,965
CDH1,MMP3,965
SMAD2,MMP3,534
SMAD2,MMP3,534
MAPK3,MMP3,517
MAPK3,MMP3,517
IL1A,MMP3,630
IL1A,MMP3,630
IL1B,MMP3,825
IL1B,MMP3,825
FGF2,MMP3,960
FGF2,MMP3,960
WNT5A,MMP3,573
WNT5A,MMP3,573
STAT3,MMP3,964
STAT3,MMP3,964
ICAM1,MMP3,612
ICAM1,MMP3,612
EGF,MMP3,548
EGF,MMP3,548
FGF7,MMP3,509
FGF7,MMP3,509
CDH2,MMP3,505
CDH2,MMP3,505
TP53,MMP3,523
TP53,MMP3,523
EGFR,MMP3,838
EGFR,MMP3,838
ALB,MMP3,677
ALB,MMP3,677
CSF2,MMP3,515
CSF2,MMP3,515
CD4,STAT6,737
CD4,STAT6,737
CCL2,STAT6,527
CCL2,STAT6,527
IL2,STAT6,656
IL2,STAT6,656
IFNG,STAT6,780
IFNG,STAT6,780
GAPDH,STAT6,514
GAPDH,STAT6,514
IL4,STAT6,991
IL4,STAT6,991
IL5,STAT6,730
IL5,STAT6,730
PDGFRA,STAT6,661
PDGFRA,STAT6,661
TLR2,STAT6,533
TLR2,STAT6,533
PDGFRB,STAT6,701
PDGFRB,STAT6,701
MAPK3,STAT6,584
MAPK3,STAT6,584
EP300,STAT6,994
EP300,STAT6,994
IL1B,STAT6,631
IL1B,STAT6,631
IL7,STAT6,503
IL7,STAT6,503
STAT3,STAT6,872
STAT3,STAT6,872
TP53,STAT6,533
TP53,STAT6,533
EGFR,STAT6,525
EGFR,STAT6,525
IFNA1,STAT6,508
IFNA1,STAT6,508
PPARG,STAT6,973
PPARG,STAT6,973
STAT5B,STAT6,827
STAT5B,STAT6,827
IL15,STAT6,527
IL15,STAT6,527
IL3,STAT6,504
IL3,STAT6,504
CSF2,STAT6,580
CSF2,STAT6,580
NGFR,CRK,600
NGFR,CRK,600
VCL,CRK,658
VCL,CRK,658
MAPK1,CRK,555
MAPK1,CRK,555
PIK3R2,CRK,947
PIK3R2,CRK,947
HGF,CRK,932
HGF,CRK,932
RAC2,CRK,567
RAC2,CRK,567
KRAS,CRK,527
KRAS,CRK,527
PDGFRA,CRK,990
PDGFRA,CRK,990
PDGFRB,CRK,944
PDGFRB,CRK,944
FLT4,CRK,955
FLT4,CRK,955
PIK3R3,CRK,867
PIK3R3,CRK,867
GAB1,CRK,993
GAB1,CRK,993
KDR,CRK,922
KDR,CRK,922
PIK3CA,CRK,929
PIK3CA,CRK,929
CBL,CRK,999
CBL,CRK,999
ZAP70,CRK,967
ZAP70,CRK,967
EGF,CRK,517
EGF,CRK,517
ERBB3,CRK,563
ERBB3,CRK,563
PXN,CRK,999
PXN,CRK,999
ERBB2,CRK,843
ERBB2,CRK,843
EGFR,CRK,996
EGFR,CRK,996
NTRK2,CRK,913
NTRK2,CRK,913
FLT1,CRK,907
FLT1,CRK,907
KIT,CRK,901
KIT,CRK,901
FGFR4,CRK,688
FGFR4,CRK,688
ARF6,CRK,785
ARF6,CRK,785
GNA11,MAP2K1,565
GNA11,MAP2K1,565
VCL,MAP2K1,738
VCL,MAP2K1,738
MAPK1,MAP2K1,998
MAPK1,MAP2K1,998
NFKBIA,MAP2K1,569
NFKBIA,MAP2K1,569
CSK,MAP2K1,727
CSK,MAP2K1,727
HGF,MAP2K1,517
HGF,MAP2K1,517
IL2,MAP2K1,934
IL2,MAP2K1,934
CCND1,MAP2K1,646
CCND1,MAP2K1,646
GAPDH,MAP2K1,685
GAPDH,MAP2K1,685
MAPK14,MAP2K1,973
MAPK14,MAP2K1,973
PLCG1,MAP2K1,598
PLCG1,MAP2K1,598
RAC2,MAP2K1,653
RAC2,MAP2K1,653
RAF1,MAP2K1,998
RAF1,MAP2K1,998
KRAS,MAP2K1,988
KRAS,MAP2K1,988
CDH1,MAP2K1,564
CDH1,MAP2K1,564
SMAD2,MAP2K1,562
SMAD2,MAP2K1,562
AXIN1,MAP2K1,544
AXIN1,MAP2K1,544
GAB1,MAP2K1,923
GAB1,MAP2K1,923
MAPK3,MAP2K1,998
MAPK3,MAP2K1,998
IL1B,MAP2K1,551
IL1B,MAP2K1,551
PIK3CA,MAP2K1,974
PIK3CA,MAP2K1,974
FGF2,MAP2K1,565
FGF2,MAP2K1,565
STAT3,MAP2K1,965
STAT3,MAP2K1,965
EGF,MAP2K1,707
EGF,MAP2K1,707
ERBB3,MAP2K1,940
ERBB3,MAP2K1,940
PXN,MAP2K1,631
PXN,MAP2K1,631
IQGAP1,MAP2K1,996
IQGAP1,MAP2K1,996
TP53,MAP2K1,661
TP53,MAP2K1,661
ERBB2,MAP2K1,947
ERBB2,MAP2K1,947
RPS27A,MAP2K1,690
RPS27A,MAP2K1,690
RASA1,MAP2K1,547
RASA1,MAP2K1,547
EGFR,MAP2K1,564
EGFR,MAP2K1,564
PAK1,MAP2K1,972
PAK1,MAP2K1,972
FBXW7,MAP2K1,510
FBXW7,MAP2K1,510
GNAQ,MAP2K1,610
GNAQ,MAP2K1,610
PPARG,MAP2K1,860
PPARG,MAP2K1,860
HPGDS,MAP2K1,507
HPGDS,MAP2K1,507
ALB,MAP2K1,537
ALB,MAP2K1,537
ANXA5,MAP2K1,510
ANXA5,MAP2K1,510
SHH,MAP2K1,932
SHH,MAP2K1,932
CD4,BCL2L1,629
CD4,BCL2L1,629
TNFRSF1A,BCL2L1,651
TNFRSF1A,BCL2L1,651
MAPK1,BCL2L1,944
MAPK1,BCL2L1,944
NFKBIA,BCL2L1,698
NFKBIA,BCL2L1,698
MMP2,BCL2L1,556
MMP2,BCL2L1,556
EPOR,BCL2L1,521
EPOR,BCL2L1,521
IL2,BCL2L1,621
IL2,BCL2L1,621
CCND1,BCL2L1,848
CCND1,BCL2L1,848
CDKN1B,BCL2L1,571
CDKN1B,BCL2L1,571
GAPDH,BCL2L1,732
GAPDH,BCL2L1,732
MAPK14,BCL2L1,694
MAPK14,BCL2L1,694
IL4,BCL2L1,505
IL4,BCL2L1,505
RAF1,BCL2L1,831
RAF1,BCL2L1,831
EPO,BCL2L1,565
EPO,BCL2L1,565
KRAS,BCL2L1,971
KRAS,BCL2L1,971
CCNB1,BCL2L1,689
CCNB1,BCL2L1,689
CDK4,BCL2L1,665
CDK4,BCL2L1,665
MDM2,BCL2L1,756
MDM2,BCL2L1,756
CDH1,BCL2L1,559
CDH1,BCL2L1,559
MAPK3,BCL2L1,967
MAPK3,BCL2L1,967
IL1B,BCL2L1,604
IL1B,BCL2L1,604
AKT3,BCL2L1,865
AKT3,BCL2L1,865
FGF2,BCL2L1,510
FGF2,BCL2L1,510
STAT3,BCL2L1,985
STAT3,BCL2L1,985
ICAM1,BCL2L1,504
ICAM1,BCL2L1,504
EGF,BCL2L1,754
EGF,BCL2L1,754
TP53,BCL2L1,999
TP53,BCL2L1,999
ERBB2,BCL2L1,683
ERBB2,BCL2L1,683
CCNA2,BCL2L1,607
CCNA2,BCL2L1,607
EGFR,BCL2L1,686
EGFR,BCL2L1,686
ATM,BCL2L1,569
ATM,BCL2L1,569
KIT,BCL2L1,511
KIT,BCL2L1,511
STAT5B,BCL2L1,968
STAT5B,BCL2L1,968
ALB,BCL2L1,671
ALB,BCL2L1,671
ANXA5,BCL2L1,854
ANXA5,BCL2L1,854
IL3,BCL2L1,556
IL3,BCL2L1,556
CSF2,BCL2L1,510
CSF2,BCL2L1,510
NPM1,BCL2L1,512
NPM1,BCL2L1,512
STAT6,BCL2L1,509
STAT6,BCL2L1,509
MAP2K1,BCL2L1,562
MAP2K1,BCL2L1,562
CD4,IGF1,522
CD4,IGF1,522
FGF4,IGF1,711
FGF4,IGF1,711
NGFR,IGF1,755
NGFR,IGF1,755
MAPK1,IGF1,945
MAPK1,IGF1,945
TIMP1,IGF1,562
TIMP1,IGF1,562
MMP2,IGF1,959
MMP2,IGF1,959
TGFB1,IGF1,880
TGFB1,IGF1,880
HGF,IGF1,804
HGF,IGF1,804
SERPINE1,IGF1,561
SERPINE1,IGF1,561
CSF3,IGF1,533
CSF3,IGF1,533
CCL2,IGF1,611
CCL2,IGF1,611
IL2,IGF1,504
IL2,IGF1,504
CCND1,IGF1,684
CCND1,IGF1,684
CDKN1B,IGF1,500
CDKN1B,IGF1,500
IFNG,IGF1,628
IFNG,IGF1,628
GAPDH,IGF1,687
GAPDH,IGF1,687
MAPK14,IGF1,525
MAPK14,IGF1,525
HBEGF,IGF1,961
HBEGF,IGF1,961
IL4,IGF1,575
IL4,IGF1,575
NR3C1,IGF1,521
NR3C1,IGF1,521
FGF23,IGF1,676
FGF23,IGF1,676
BMP4,IGF1,641
BMP4,IGF1,641
SOX9,IGF1,587
SOX9,IGF1,587
LIF,IGF1,955
LIF,IGF1,955
RAF1,IGF1,939
RAF1,IGF1,939
EPO,IGF1,668
EPO,IGF1,668
KRAS,IGF1,598
KRAS,IGF1,598
PDGFRA,IGF1,762
PDGFRA,IGF1,762
MDM2,IGF1,511
MDM2,IGF1,511
POU5F1,IGF1,519
POU5F1,IGF1,519
THBS1,IGF1,558
THBS1,IGF1,558
CDH1,IGF1,954
CDH1,IGF1,954
PDGFRB,IGF1,793
PDGFRB,IGF1,793
FLT4,IGF1,754
FLT4,IGF1,754
SMAD2,IGF1,648
SMAD2,IGF1,648
MAPK3,IGF1,969
MAPK3,IGF1,969
IL1A,IGF1,566
IL1A,IGF1,566
IL1B,IGF1,767
IL1B,IGF1,767
AKT3,IGF1,506
AKT3,IGF1,506
IL7,IGF1,798
IL7,IGF1,798
KDR,IGF1,848
KDR,IGF1,848
PIK3CA,IGF1,950
PIK3CA,IGF1,950
FGF2,IGF1,976
FGF2,IGF1,976
STAT3,IGF1,677
STAT3,IGF1,677
FGF10,IGF1,741
FGF10,IGF1,741
ICAM1,IGF1,516
ICAM1,IGF1,516
EGF,IGF1,973
EGF,IGF1,973
ERBB3,IGF1,817
ERBB3,IGF1,817
PXN,IGF1,936
PXN,IGF1,936
FGF7,IGF1,814
FGF7,IGF1,814
TP53,IGF1,706
TP53,IGF1,706
ERBB2,IGF1,934
ERBB2,IGF1,934
EGFR,IGF1,912
EGFR,IGF1,912
NTRK2,IGF1,819
NTRK2,IGF1,819
FLT1,IGF1,804
FLT1,IGF1,804
WNT3A,IGF1,514
WNT3A,IGF1,514
APP,IGF1,532
APP,IGF1,532
PPARG,IGF1,774
PPARG,IGF1,774
KIT,IGF1,837
KIT,IGF1,837
FGFR4,IGF1,726
FGFR4,IGF1,726
STAT5B,IGF1,637
STAT5B,IGF1,637
FGF19,IGF1,677
FGF19,IGF1,677
TGFA,IGF1,899
TGFA,IGF1,899
ALB,IGF1,770
ALB,IGF1,770
ANXA5,IGF1,550
ANXA5,IGF1,550
IL15,IGF1,542
IL15,IGF1,542
IL3,IGF1,507
IL3,IGF1,507
CSF2,IGF1,528
CSF2,IGF1,528
SHH,IGF1,581
SHH,IGF1,581
MMP3,IGF1,556
MMP3,IGF1,556
CRK,IGF1,962
CRK,IGF1,962
MAP2K1,IGF1,539
MAP2K1,IGF1,539
BCL2L1,IGF1,566
BCL2L1,IGF1,566
CD4,HSPA4,557
CD4,HSPA4,557
TNFRSF1A,HSPA4,914
TNFRSF1A,HSPA4,914
NFKBIA,HSPA4,774
NFKBIA,HSPA4,774
IL2,HSPA4,543
IL2,HSPA4,543
GAPDH,HSPA4,799
GAPDH,HSPA4,799
NR3C1,HSPA4,993
NR3C1,HSPA4,993
SOX9,HSPA4,887
SOX9,HSPA4,887
RAF1,HSPA4,948
RAF1,HSPA4,948
CDK4,HSPA4,711
CDK4,HSPA4,711
MDM2,HSPA4,857
MDM2,HSPA4,857
TLR2,HSPA4,989
TLR2,HSPA4,989
SMAD2,HSPA4,568
SMAD2,HSPA4,568
MAPK3,HSPA4,662
MAPK3,HSPA4,662
IL1B,HSPA4,612
IL1B,HSPA4,612
STAT3,HSPA4,534
STAT3,HSPA4,534
TP53,HSPA4,998
TP53,HSPA4,998
ERBB2,HSPA4,945
ERBB2,HSPA4,945
EGFR,HSPA4,896
EGFR,HSPA4,896
TJP1,HSPA4,981
TJP1,HSPA4,981
APP,HSPA4,760
APP,HSPA4,760
HPGDS,HSPA4,711
HPGDS,HSPA4,711
ALB,HSPA4,638
ALB,HSPA4,638
ANXA5,HSPA4,620
ANXA5,HSPA4,620
NPM1,HSPA4,700
NPM1,HSPA4,700
LRRK2,HSPA4,727
LRRK2,HSPA4,727
BCL2L1,HSPA4,741
BCL2L1,HSPA4,741
FGF4,INSR,624
FGF4,INSR,624
PIK3R2,INSR,798
PIK3R2,INSR,798
HGF,INSR,655
HGF,INSR,655
FGF23,INSR,656
FGF23,INSR,656
PLCG1,INSR,866
PLCG1,INSR,866
EREG,INSR,641
EREG,INSR,641
PIK3R3,INSR,882
PIK3R3,INSR,882
GAB1,INSR,723
GAB1,INSR,723
PIK3CA,INSR,958
PIK3CA,INSR,958
CBL,INSR,937
CBL,INSR,937
FGF2,INSR,671
FGF2,INSR,671
FGF10,INSR,624
FGF10,INSR,624
EGF,INSR,861
EGF,INSR,861
FGF7,INSR,660
FGF7,INSR,660
RASA1,INSR,527
RASA1,INSR,527
EGFR,INSR,651
EGFR,INSR,651
PPARG,INSR,525
PPARG,INSR,525
STAT5B,INSR,758
STAT5B,INSR,758
FGF19,INSR,675
FGF19,INSR,675
TGFA,INSR,600
TGFA,INSR,600
CRK,INSR,698
CRK,INSR,698
IGF1,INSR,999
IGF1,INSR,999
VCL,CTNNA1,997
VCL,CTNNA1,997
HGF,CTNNA1,903
HGF,CTNNA1,903
MAPK14,CTNNA1,620
MAPK14,CTNNA1,620
CDH1,CTNNA1,999
CDH1,CTNNA1,999
AXIN1,CTNNA1,980
AXIN1,CTNNA1,980
KDR,CTNNA1,906
KDR,CTNNA1,906
PIK3CA,CTNNA1,921
PIK3CA,CTNNA1,921
EGF,CTNNA1,920
EGF,CTNNA1,920
ERBB3,CTNNA1,508
ERBB3,CTNNA1,508
IQGAP1,CTNNA1,943
IQGAP1,CTNNA1,943
CDH2,CTNNA1,991
CDH2,CTNNA1,991
EGFR,CTNNA1,975
EGFR,CTNNA1,975
NTRK2,CTNNA1,901
NTRK2,CTNNA1,901
PAK1,CTNNA1,905
PAK1,CTNNA1,905
TJP1,CTNNA1,977
TJP1,CTNNA1,977
MMP3,CTNNA1,906
MMP3,CTNNA1,906
IGF1,CTNNA1,910
IGF1,CTNNA1,910
TNFRSF1A,UBB,919
TNFRSF1A,UBB,919
FGF4,UBB,600
FGF4,UBB,600
NGFR,UBB,900
NGFR,UBB,900
NFKBIA,UBB,674
NFKBIA,UBB,674
TGFB1,UBB,620
TGFB1,UBB,620
HGF,UBB,901
HGF,UBB,901
CCND1,UBB,608
CCND1,UBB,608
CDKN1B,UBB,700
CDKN1B,UBB,700
GAPDH,UBB,530
GAPDH,UBB,530
HBEGF,UBB,600
HBEGF,UBB,600
FGF23,UBB,600
FGF23,UBB,600
EREG,UBB,609
EREG,UBB,609
RAF1,UBB,906
RAF1,UBB,906
KRAS,UBB,922
KRAS,UBB,922
CCNB1,UBB,682
CCNB1,UBB,682
MDM2,UBB,986
MDM2,UBB,986
CDH1,UBB,613
CDH1,UBB,613
FLT4,UBB,537
FLT4,UBB,537
SMAD2,UBB,655
SMAD2,UBB,655
AXIN1,UBB,632
AXIN1,UBB,632
EP300,UBB,664
EP300,UBB,664
KDR,UBB,739
KDR,UBB,739
CBL,UBB,626
CBL,UBB,626
FGF2,UBB,608
FGF2,UBB,608
FGF10,UBB,600
FGF10,UBB,600
ZAP70,UBB,816
ZAP70,UBB,816
EGF,UBB,624
EGF,UBB,624
ERBB3,UBB,662
ERBB3,UBB,662
RB1,UBB,915
RB1,UBB,915
FGF7,UBB,606
FGF7,UBB,606
TP53,UBB,953
TP53,UBB,953
ERBB2,UBB,746
ERBB2,UBB,746
RPS27A,UBB,988
RPS27A,UBB,988
CCNA2,UBB,635
CCNA2,UBB,635
EGFR,UBB,777
EGFR,UBB,777
ATM,UBB,907
ATM,UBB,907
FBXW7,UBB,696
FBXW7,UBB,696
WNT3A,UBB,900
WNT3A,UBB,900
APP,UBB,525
APP,UBB,525
FGFR4,UBB,660
FGFR4,UBB,660
FGF19,UBB,600
FGF19,UBB,600
TGFA,UBB,600
TGFA,UBB,600
SHH,UBB,904
SHH,UBB,904
MAP2K1,UBB,684
MAP2K1,UBB,684
FGF4,IRS1,522
FGF4,IRS1,522
NGFR,IRS1,645
NGFR,IRS1,645
MAPK1,IRS1,960
MAPK1,IRS1,960
NFKBIA,IRS1,543
NFKBIA,IRS1,543
PIK3R2,IRS1,999
PIK3R2,IRS1,999
CCL2,IRS1,520
CCL2,IRS1,520
IL2,IRS1,920
IL2,IRS1,920
CCND1,IRS1,549
CCND1,IRS1,549
GAPDH,IRS1,563
GAPDH,IRS1,563
IL4,IRS1,939
IL4,IRS1,939
NR3C1,IRS1,560
NR3C1,IRS1,560
PLEK,IRS1,621
PLEK,IRS1,621
FGF23,IRS1,531
FGF23,IRS1,531
KRAS,IRS1,956
KRAS,IRS1,956
PDGFRA,IRS1,673
PDGFRA,IRS1,673
MDM2,IRS1,563
MDM2,IRS1,563
CDH1,IRS1,563
CDH1,IRS1,563
PDGFRB,IRS1,732
PDGFRB,IRS1,732
FLT4,IRS1,668
FLT4,IRS1,668
PIK3R3,IRS1,999
PIK3R3,IRS1,999
GAB1,IRS1,683
GAB1,IRS1,683
MAPK3,IRS1,975
MAPK3,IRS1,975
IL1B,IRS1,562
IL1B,IRS1,562
AKT3,IRS1,697
AKT3,IRS1,697
IL7,IRS1,630
IL7,IRS1,630
KDR,IRS1,713
KDR,IRS1,713
PIK3CA,IRS1,999
PIK3CA,IRS1,999
CBL,IRS1,970
CBL,IRS1,970
FGF2,IRS1,640
FGF2,IRS1,640
STAT3,IRS1,586
STAT3,IRS1,586
FGF10,IRS1,516
FGF10,IRS1,516
EGF,IRS1,521
EGF,IRS1,521
ERBB3,IRS1,830
ERBB3,IRS1,830
PXN,IRS1,979
PXN,IRS1,979
FGF7,IRS1,522
FGF7,IRS1,522
TP53,IRS1,599
TP53,IRS1,599
ERBB2,IRS1,842
ERBB2,IRS1,842
EGFR,IRS1,961
EGFR,IRS1,961
NTRK2,IRS1,895
NTRK2,IRS1,895
ATM,IRS1,621
ATM,IRS1,621
FLT1,IRS1,684
FLT1,IRS1,684
PPARG,IRS1,752
PPARG,IRS1,752
KIT,IRS1,686
KIT,IRS1,686
FGFR4,IRS1,641
FGFR4,IRS1,641
FGF19,IRS1,545
FGF19,IRS1,545
ALB,IRS1,570
ALB,IRS1,570
CRK,IRS1,982
CRK,IRS1,982
MAP2K1,IRS1,505
MAP2K1,IRS1,505
BCL2L1,IRS1,634
BCL2L1,IRS1,634
IGF1,IRS1,997
IGF1,IRS1,997
INSR,IRS1,999
INSR,IRS1,999
CD4,IL13,879
CD4,IL13,879
TNFRSF1A,IL13,502
TNFRSF1A,IL13,502
TIMP1,IL13,562
TIMP1,IL13,562
TGFB1,IL13,606
TGFB1,IL13,606
EPOR,IL13,639
EPOR,IL13,639
CSF3,IL13,846
CSF3,IL13,846
CCL2,IL13,983
CCL2,IL13,983
IL2,IL13,881
IL2,IL13,881
IFNG,IL13,885
IFNG,IL13,885
GAPDH,IL13,603
GAPDH,IL13,603
IL4,IL13,930
IL4,IL13,930
IL5,IL13,921
IL5,IL13,921
PDGFRA,IL13,658
PDGFRA,IL13,658
TLR2,IL13,712
TLR2,IL13,712
PDGFRB,IL13,659
PDGFRB,IL13,659
IL1A,IL13,979
IL1A,IL13,979
IL1B,IL13,986
IL1B,IL13,986
IL7,IL13,836
IL7,IL13,836
FGF2,IL13,600
FGF2,IL13,600
STAT3,IL13,886
STAT3,IL13,886
ICAM1,IL13,637
ICAM1,IL13,637
EGF,IL13,707
EGF,IL13,707
EGFR,IL13,819
EGFR,IL13,819
IFNA1,IL13,685
IFNA1,IL13,685
PPARG,IL13,564
PPARG,IL13,564
KIT,IL13,538
KIT,IL13,538
STAT5B,IL13,561
STAT5B,IL13,561
ALB,IL13,662
ALB,IL13,662
IL15,IL13,832
IL15,IL13,832
IL3,IL13,810
IL3,IL13,810
CSF2,IL13,881
CSF2,IL13,881
STAT6,IL13,942
STAT6,IL13,942
CD4,FOS,504
CD4,FOS,504
MAPK1,FOS,992
MAPK1,FOS,992
NFKBIA,FOS,686
NFKBIA,FOS,686
TIMP1,FOS,501
TIMP1,FOS,501
MMP2,FOS,522
MMP2,FOS,522
TGFB1,FOS,944
TGFB1,FOS,944
CCL2,FOS,953
CCL2,FOS,953
IL2,FOS,691
IL2,FOS,691
CCND1,FOS,987
CCND1,FOS,987
GAPDH,FOS,686
GAPDH,FOS,686
NANOG,FOS,929
NANOG,FOS,929
MAPK14,FOS,966
MAPK14,FOS,966
HBEGF,FOS,958
HBEGF,FOS,958
IL4,FOS,501
IL4,FOS,501
NR3C1,FOS,973
NR3C1,FOS,973
SNAI1,FOS,553
SNAI1,FOS,553
EREG,FOS,922
EREG,FOS,922
RAF1,FOS,531
RAF1,FOS,531
KRAS,FOS,653
KRAS,FOS,653
CDH1,FOS,612
CDH1,FOS,612
SMAD2,FOS,655
SMAD2,FOS,655
MAPK3,FOS,983
MAPK3,FOS,983
EP300,FOS,998
EP300,FOS,998
IL1A,FOS,949
IL1A,FOS,949
IL1B,FOS,690
IL1B,FOS,690
FGF2,FOS,572
FGF2,FOS,572
STAT3,FOS,998
STAT3,FOS,998
EGF,FOS,967
EGF,FOS,967
RB1,FOS,710
RB1,FOS,710
TP53,FOS,882
TP53,FOS,882
ERBB2,FOS,531
ERBB2,FOS,531
CCNA2,FOS,527
CCNA2,FOS,527
EGFR,FOS,977
EGFR,FOS,977
NTRK2,FOS,604
NTRK2,FOS,604
PPARG,FOS,960
PPARG,FOS,960
STAT5B,FOS,950
STAT5B,FOS,950
TGFA,FOS,934
TGFA,FOS,934
ALB,FOS,671
ALB,FOS,671
CSF2,FOS,518
CSF2,FOS,518
MAP2K1,FOS,689
MAP2K1,FOS,689
BCL2L1,FOS,554
BCL2L1,FOS,554
IGF1,FOS,615
IGF1,FOS,615
HSPA4,FOS,581
HSPA4,FOS,581
CD4,CXCL8,832
CD4,CXCL8,832
TNFRSF1A,CXCL8,728
TNFRSF1A,CXCL8,728
NFKBIA,CXCL8,843
NFKBIA,CXCL8,843
TIMP1,CXCL8,713
TIMP1,CXCL8,713
MMP2,CXCL8,688
MMP2,CXCL8,688
TGFB1,CXCL8,671
TGFB1,CXCL8,671
HGF,CXCL8,701
HGF,CXCL8,701
SERPINE1,CXCL8,732
SERPINE1,CXCL8,732
CSF3,CXCL8,987
CSF3,CXCL8,987
CCL2,CXCL8,995
CCL2,CXCL8,995
IL2,CXCL8,873
IL2,CXCL8,873
CCND1,CXCL8,560
CCND1,CXCL8,560
IFNG,CXCL8,862
IFNG,CXCL8,862
GAPDH,CXCL8,728
GAPDH,CXCL8,728
MAPK14,CXCL8,953
MAPK14,CXCL8,953
HBEGF,CXCL8,590
HBEGF,CXCL8,590
IL4,CXCL8,986
IL4,CXCL8,986
IL5,CXCL8,860
IL5,CXCL8,860
NR3C1,CXCL8,516
NR3C1,CXCL8,516
SNAI1,CXCL8,638
SNAI1,CXCL8,638
LIF,CXCL8,956
LIF,CXCL8,956
TLR2,CXCL8,861
TLR2,CXCL8,861
THBS1,CXCL8,632
THBS1,CXCL8,632
CDH1,CXCL8,603
CDH1,CXCL8,603
MAPK3,CXCL8,681
MAPK3,CXCL8,681
EP300,CXCL8,951
EP300,CXCL8,951
IL1A,CXCL8,989
IL1A,CXCL8,989
IL1B,CXCL8,998
IL1B,CXCL8,998
IL7,CXCL8,783
IL7,CXCL8,783
KDR,CXCL8,609
KDR,CXCL8,609
FGF2,CXCL8,775
FGF2,CXCL8,775
STAT3,CXCL8,903
STAT3,CXCL8,903
ICAM1,CXCL8,883
ICAM1,CXCL8,883
EGF,CXCL8,725
EGF,CXCL8,725
FGF7,CXCL8,568
FGF7,CXCL8,568
TP53,CXCL8,693
TP53,CXCL8,693
ERBB2,CXCL8,716
ERBB2,CXCL8,716
EGFR,CXCL8,654
EGFR,CXCL8,654
IFNA1,CXCL8,756
IFNA1,CXCL8,756
TJP1,CXCL8,561
TJP1,CXCL8,561
FLT1,CXCL8,595
FLT1,CXCL8,595
PPARG,CXCL8,636
PPARG,CXCL8,636
KIT,CXCL8,504
KIT,CXCL8,504
ALB,CXCL8,743
ALB,CXCL8,743
ANXA5,CXCL8,590
ANXA5,CXCL8,590
IL15,CXCL8,825
IL15,CXCL8,825
IL3,CXCL8,700
IL3,CXCL8,700
CSF2,CXCL8,988
CSF2,CXCL8,988
MMP3,CXCL8,734
MMP3,CXCL8,734
STAT6,CXCL8,535
STAT6,CXCL8,535
BCL2L1,CXCL8,530
BCL2L1,CXCL8,530
IGF1,CXCL8,656
IGF1,CXCL8,656
HSPA4,CXCL8,519
HSPA4,CXCL8,519
IL13,CXCL8,985
IL13,CXCL8,985
FOS,CXCL8,616
FOS,CXCL8,616
CD4,CYCS,556
CD4,CYCS,556
TNFRSF1A,CYCS,660
TNFRSF1A,CYCS,660
NGFR,CYCS,926
NGFR,CYCS,926
MAPK1,CYCS,950
MAPK1,CYCS,950
NFKBIA,CYCS,575
NFKBIA,CYCS,575
MMP2,CYCS,504
MMP2,CYCS,504
CCND1,CYCS,661
CCND1,CYCS,661
GAPDH,CYCS,825
GAPDH,CYCS,825
CCNB1,CYCS,632
CCNB1,CYCS,632
CDK4,CYCS,692
CDK4,CYCS,692
MDM2,CYCS,600
MDM2,CYCS,600
MAPK3,CYCS,964
MAPK3,CYCS,964
IL1B,CYCS,636
IL1B,CYCS,636
STAT3,CYCS,600
STAT3,CYCS,600
EGF,CYCS,517
EGF,CYCS,517
TP53,CYCS,859
TP53,CYCS,859
CCNA2,CYCS,589
CCNA2,CYCS,589
EGFR,CYCS,556
EGFR,CYCS,556
ATM,CYCS,524
ATM,CYCS,524
APP,CYCS,507
APP,CYCS,507
PPARG,CYCS,560
PPARG,CYCS,560
ALB,CYCS,860
ALB,CYCS,860
ANXA5,CYCS,848
ANXA5,CYCS,848
LRRK2,CYCS,525
LRRK2,CYCS,525
BCL2L1,CYCS,996
BCL2L1,CYCS,996
IGF1,CYCS,510
IGF1,CYCS,510
HSPA4,CYCS,814
HSPA4,CYCS,814
CXCL8,CYCS,501
CXCL8,CYCS,501
MAPK1,TERT,924
MAPK1,TERT,924
IL2,TERT,929
IL2,TERT,929
CCND1,TERT,609
CCND1,TERT,609
CDKN1B,TERT,936
CDKN1B,TERT,936
IFNG,TERT,924
IFNG,TERT,924
GAPDH,TERT,646
GAPDH,TERT,646
NANOG,TERT,646
NANOG,TERT,646
KRAS,TERT,574
KRAS,TERT,574
PDGFRA,TERT,546
PDGFRA,TERT,546
CDK4,TERT,704
CDK4,TERT,704
MDM2,TERT,766
MDM2,TERT,766
POU5F1,TERT,656
POU5F1,TERT,656
CDH1,TERT,511
CDH1,TERT,511
MAPK3,TERT,932
MAPK3,TERT,932
PIK3CA,TERT,679
PIK3CA,TERT,679
FGF2,TERT,516
FGF2,TERT,516
EGF,TERT,656
EGF,TERT,656
RB1,TERT,945
RB1,TERT,945
TP53,TERT,984
TP53,TERT,984
ERBB2,TERT,566
ERBB2,TERT,566
CCNA2,TERT,948
CCNA2,TERT,948
EGFR,TERT,669
EGFR,TERT,669
ATM,TERT,879
ATM,TERT,879
KIT,TERT,556
KIT,TERT,556
ALB,TERT,534
ALB,TERT,534
GNA11,PRKACA,926
GNA11,PRKACA,926
MAPK1,PRKACA,867
MAPK1,PRKACA,867
NFKBIA,PRKACA,819
NFKBIA,PRKACA,819
IL5,PRKACA,900
IL5,PRKACA,900
NR3C1,PRKACA,919
NR3C1,PRKACA,919
SOX9,PRKACA,825
SOX9,PRKACA,825
RAF1,PRKACA,850
RAF1,PRKACA,850
GAB1,PRKACA,911
GAB1,PRKACA,911
MAPK3,PRKACA,870
MAPK3,PRKACA,870
EP300,PRKACA,618
EP300,PRKACA,618
KDR,PRKACA,902
KDR,PRKACA,902
ERBB3,PRKACA,924
ERBB3,PRKACA,924
PXN,PRKACA,900
PXN,PRKACA,900
IQGAP1,PRKACA,714
IQGAP1,PRKACA,714
ERBB2,PRKACA,903
ERBB2,PRKACA,903
EGFR,PRKACA,506
EGFR,PRKACA,506
GNAQ,PRKACA,916
GNAQ,PRKACA,916
IL3,PRKACA,900
IL3,PRKACA,900
CSF2,PRKACA,900
CSF2,PRKACA,900
LRRK2,PRKACA,655
LRRK2,PRKACA,655
MAP2K1,PRKACA,865
MAP2K1,PRKACA,865
BCL2L1,PRKACA,906
BCL2L1,PRKACA,906
FOS,PRKACA,861
FOS,PRKACA,861
CD4,CD34,817
CD4,CD34,817
TNFRSF1A,CD34,514
TNFRSF1A,CD34,514
NGFR,CD34,653
NGFR,CD34,653
MMP2,CD34,522
MMP2,CD34,522
TGFB1,CD34,554
TGFB1,CD34,554
EPOR,CD34,561
EPOR,CD34,561
HGF,CD34,646
HGF,CD34,646
CSF3,CD34,878
CSF3,CD34,878
CCL2,CD34,571
CCL2,CD34,571
IL2,CD34,641
IL2,CD34,641
CCND1,CD34,518
CCND1,CD34,518
IFNG,CD34,585
IFNG,CD34,585
GAPDH,CD34,683
GAPDH,CD34,683
NANOG,CD34,706
NANOG,CD34,706
IL4,CD34,631
IL4,CD34,631
IL5,CD34,517
IL5,CD34,517
BMP4,CD34,621
BMP4,CD34,621
SOX9,CD34,586
SOX9,CD34,586
EPO,CD34,756
EPO,CD34,756
PDGFRA,CD34,696
PDGFRA,CD34,696
MDM2,CD34,501
MDM2,CD34,501
POU5F1,CD34,732
POU5F1,CD34,732
CDH1,CD34,561
CDH1,CD34,561
PDGFRB,CD34,686
PDGFRB,CD34,686
FLT4,CD34,581
FLT4,CD34,581
MAPK3,CD34,505
MAPK3,CD34,505
IL1B,CD34,603
IL1B,CD34,603
EPCAM,CD34,603
EPCAM,CD34,603
IL7,CD34,657
IL7,CD34,657
KDR,CD34,878
KDR,CD34,878
FGF2,CD34,762
FGF2,CD34,762
STAT3,CD34,565
STAT3,CD34,565
ICAM1,CD34,669
ICAM1,CD34,669
EGF,CD34,627
EGF,CD34,627
FGF7,CD34,537
FGF7,CD34,537
TP53,CD34,685
TP53,CD34,685
ERBB2,CD34,503
ERBB2,CD34,503
EGFR,CD34,509
EGFR,CD34,509
IFNA1,CD34,509
IFNA1,CD34,509
FLT1,CD34,690
FLT1,CD34,690
PPARG,CD34,524
PPARG,CD34,524
KIT,CD34,927
KIT,CD34,927
STAT5B,CD34,607
STAT5B,CD34,607
ALB,CD34,806
ALB,CD34,806
ANXA5,CD34,712
ANXA5,CD34,712
IL15,CD34,608
IL15,CD34,608
IL3,CD34,859
IL3,CD34,859
CSF2,CD34,801
CSF2,CD34,801
NPM1,CD34,616
NPM1,CD34,616
STAT6,CD34,519
STAT6,CD34,519
BCL2L1,CD34,518
BCL2L1,CD34,518
IGF1,CD34,653
IGF1,CD34,653
CXCL8,CD34,618
CXCL8,CD34,618
CD4,CASP3,677
CD4,CASP3,677
TNFRSF1A,CASP3,705
TNFRSF1A,CASP3,705
NGFR,CASP3,948
NGFR,CASP3,948
VCL,CASP3,574
VCL,CASP3,574
MAPK1,CASP3,914
MAPK1,CASP3,914
NFKBIA,CASP3,748
NFKBIA,CASP3,748
TIMP1,CASP3,558
TIMP1,CASP3,558
MMP2,CASP3,681
MMP2,CASP3,681
TGFB1,CASP3,578
TGFB1,CASP3,578
HGF,CASP3,530
HGF,CASP3,530
CCL2,CASP3,639
CCL2,CASP3,639
IL2,CASP3,736
IL2,CASP3,736
CCND1,CASP3,865
CCND1,CASP3,865
CDKN1B,CASP3,626
CDKN1B,CASP3,626
IFNG,CASP3,608
IFNG,CASP3,608
GAPDH,CASP3,883
GAPDH,CASP3,883
NANOG,CASP3,531
NANOG,CASP3,531
MAPK14,CASP3,977
MAPK14,CASP3,977
IL4,CASP3,566
IL4,CASP3,566
SNAI1,CASP3,568
SNAI1,CASP3,568
SOX9,CASP3,514
SOX9,CASP3,514
RAF1,CASP3,542
RAF1,CASP3,542
EPO,CASP3,590
EPO,CASP3,590
KRAS,CASP3,673
KRAS,CASP3,673
CCNB1,CASP3,817
CCNB1,CASP3,817
CDK4,CASP3,865
CDK4,CASP3,865
MDM2,CASP3,965
MDM2,CASP3,965
POU5F1,CASP3,549
POU5F1,CASP3,549
TLR2,CASP3,545
TLR2,CASP3,545
CDH1,CASP3,989
CDH1,CASP3,989
SMAD2,CASP3,592
SMAD2,CASP3,592
MAPK3,CASP3,963
MAPK3,CASP3,963
IL1A,CASP3,528
IL1A,CASP3,528
IL1B,CASP3,827
IL1B,CASP3,827
AKT3,CASP3,788
AKT3,CASP3,788
KDR,CASP3,605
KDR,CASP3,605
PIK3CA,CASP3,530
PIK3CA,CASP3,530
FGF2,CASP3,689
FGF2,CASP3,689
STAT3,CASP3,817
STAT3,CASP3,817
ICAM1,CASP3,643
ICAM1,CASP3,643
EGF,CASP3,710
EGF,CASP3,710
RB1,CASP3,973
RB1,CASP3,973
PXN,CASP3,539
PXN,CASP3,539
CDH2,CASP3,607
CDH2,CASP3,607
TP53,CASP3,925
TP53,CASP3,925
ERBB2,CASP3,696
ERBB2,CASP3,696
CCNA2,CASP3,695
CCNA2,CASP3,695
EGFR,CASP3,759
EGFR,CASP3,759
IFNA1,CASP3,501
IFNA1,CASP3,501
NTRK2,CASP3,539
NTRK2,CASP3,539
PAK1,CASP3,922
PAK1,CASP3,922
ATM,CASP3,682
ATM,CASP3,682
TJP1,CASP3,956
TJP1,CASP3,956
APP,CASP3,943
APP,CASP3,943
PPARG,CASP3,644
PPARG,CASP3,644
KIT,CASP3,582
KIT,CASP3,582
STAT5B,CASP3,531
STAT5B,CASP3,531
HPGDS,CASP3,649
HPGDS,CASP3,649
ALB,CASP3,852
ALB,CASP3,852
ANXA5,CASP3,920
ANXA5,CASP3,920
CSF2,CASP3,510
CSF2,CASP3,510
SHH,CASP3,524
SHH,CASP3,524
LRRK2,CASP3,578
LRRK2,CASP3,578
MMP3,CASP3,633
MMP3,CASP3,633
MAP2K1,CASP3,643
MAP2K1,CASP3,643
BCL2L1,CASP3,915
BCL2L1,CASP3,915
IGF1,CASP3,702
IGF1,CASP3,702
HSPA4,CASP3,856
HSPA4,CASP3,856
IRS1,CASP3,516
IRS1,CASP3,516
FOS,CASP3,609
FOS,CASP3,609
CXCL8,CASP3,668
CXCL8,CASP3,668
CYCS,CASP3,995
CYCS,CASP3,995
CD34,CASP3,622
CD34,CASP3,622
CD4,LEP,559
CD4,LEP,559
TIMP1,LEP,529
TIMP1,LEP,529
EPOR,LEP,683
EPOR,LEP,683
HGF,LEP,517
HGF,LEP,517
SERPINE1,LEP,768
SERPINE1,LEP,768
CSF3,LEP,908
CSF3,LEP,908
CCL2,LEP,754
CCL2,LEP,754
IL2,LEP,564
IL2,LEP,564
IFNG,LEP,570
IFNG,LEP,570
GAPDH,LEP,601
GAPDH,LEP,601
IL4,LEP,620
IL4,LEP,620
IL5,LEP,501
IL5,LEP,501
NR3C1,LEP,558
NR3C1,LEP,558
FGF23,LEP,501
FGF23,LEP,501
EPO,LEP,928
EPO,LEP,928
PDGFRA,LEP,647
PDGFRA,LEP,647
PDGFRB,LEP,670
PDGFRB,LEP,670
MAPK3,LEP,573
MAPK3,LEP,573
EP300,LEP,923
EP300,LEP,923
IL1A,LEP,569
IL1A,LEP,569
IL1B,LEP,913
IL1B,LEP,913
FGF2,LEP,607
FGF2,LEP,607
STAT3,LEP,982
STAT3,LEP,982
ICAM1,LEP,562
ICAM1,LEP,562
EGF,LEP,557
EGF,LEP,557
EGFR,LEP,804
EGFR,LEP,804
PPARG,LEP,984
PPARG,LEP,984
STAT5B,LEP,792
STAT5B,LEP,792
ALB,LEP,746
ALB,LEP,746
CSF2,LEP,523
CSF2,LEP,523
IGF1,LEP,859
IGF1,LEP,859
INSR,LEP,569
INSR,LEP,569
IRS1,LEP,898
IRS1,LEP,898
IL13,LEP,532
IL13,LEP,532
FOS,LEP,653
FOS,LEP,653
CXCL8,LEP,682
CXCL8,LEP,682
HGF,HNF4A,537
HGF,HNF4A,537
CCND1,HNF4A,754
CCND1,HNF4A,754
GAPDH,HNF4A,615
GAPDH,HNF4A,615
NANOG,HNF4A,608
NANOG,HNF4A,608
NR3C1,HNF4A,524
NR3C1,HNF4A,524
SNAI1,HNF4A,602
SNAI1,HNF4A,602
BMP4,HNF4A,572
BMP4,HNF4A,572
SOX9,HNF4A,686
SOX9,HNF4A,686
CDK4,HNF4A,520
CDK4,HNF4A,520
POU5F1,HNF4A,755
POU5F1,HNF4A,755
CDH1,HNF4A,873
CDH1,HNF4A,873
SMAD2,HNF4A,933
SMAD2,HNF4A,933
AXIN1,HNF4A,898
AXIN1,HNF4A,898
MAPK3,HNF4A,619
MAPK3,HNF4A,619
EP300,HNF4A,969
EP300,HNF4A,969
EPCAM,HNF4A,589
EPCAM,HNF4A,589
FGF2,HNF4A,505
FGF2,HNF4A,505
WNT5A,HNF4A,683
WNT5A,HNF4A,683
STAT3,HNF4A,556
STAT3,HNF4A,556
EGF,HNF4A,563
EGF,HNF4A,563
CDH2,HNF4A,520
CDH2,HNF4A,520
TP53,HNF4A,917
TP53,HNF4A,917
EGFR,HNF4A,527
EGFR,HNF4A,527
WNT3A,HNF4A,803
WNT3A,HNF4A,803
STAT5B,HNF4A,588
STAT5B,HNF4A,588
WNT1,HNF4A,711
WNT1,HNF4A,711
ALB,HNF4A,701
ALB,HNF4A,701
SHH,HNF4A,548
SHH,HNF4A,548
IGF1,HNF4A,590
IGF1,HNF4A,590
FOS,HNF4A,534
FOS,HNF4A,534
FGF4,MET,679
FGF4,MET,679
MAPK1,MET,925
MAPK1,MET,925
MMP2,MET,531
MMP2,MET,531
PIK3R2,MET,719
PIK3R2,MET,719
HGF,MET,999
HGF,MET,999
CCND1,MET,667
CCND1,MET,667
GAPDH,MET,572
GAPDH,MET,572
FGF23,MET,629
FGF23,MET,629
PLCG1,MET,955
PLCG1,MET,955
SNAI1,MET,570
SNAI1,MET,570
EREG,MET,753
EREG,MET,753
KRAS,MET,980
KRAS,MET,980
CDH1,MET,999
CDH1,MET,999
SMAD2,MET,545
SMAD2,MET,545
PIK3R3,MET,690
PIK3R3,MET,690
GAB1,MET,998
GAB1,MET,998
MAPK3,MET,936
MAPK3,MET,936
EPCAM,MET,542
EPCAM,MET,542
KDR,MET,702
KDR,MET,702
PIK3CA,MET,976
PIK3CA,MET,976
CBL,MET,999
CBL,MET,999
FGF2,MET,850
FGF2,MET,850
STAT3,MET,929
STAT3,MET,929
FGF10,MET,683
FGF10,MET,683
EGF,MET,874
EGF,MET,874
ERBB3,MET,944
ERBB3,MET,944
PXN,MET,556
PXN,MET,556
FGF7,MET,770
FGF7,MET,770
CDH2,MET,951
CDH2,MET,951
TP53,MET,738
TP53,MET,738
ERBB2,MET,590
ERBB2,MET,590
RPS27A,MET,907
RPS27A,MET,907
EGFR,MET,946
EGFR,MET,946
STAT5B,MET,556
STAT5B,MET,556
FGF19,MET,713
FGF19,MET,713
TGFA,MET,762
TGFA,MET,762
ALB,MET,574
ALB,MET,574
ANXA5,MET,558
ANXA5,MET,558
ARF6,MET,940
ARF6,MET,940
CRK,MET,962
CRK,MET,962
IGF1,MET,823
IGF1,MET,823
HSPA4,MET,548
HSPA4,MET,548
CTNNA1,MET,914
CTNNA1,MET,914
UBB,MET,907
UBB,MET,907
IRS1,MET,893
IRS1,MET,893
CASP3,MET,815
CASP3,MET,815
CCND1,EZH2,683
CCND1,EZH2,683
CDKN1B,EZH2,594
CDKN1B,EZH2,594
GAPDH,EZH2,647
GAPDH,EZH2,647
NANOG,EZH2,746
NANOG,EZH2,746
SNAI1,EZH2,998
SNAI1,EZH2,998
KRAS,EZH2,583
KRAS,EZH2,583
CCNB1,EZH2,663
CCNB1,EZH2,663
CDK4,EZH2,599
CDK4,EZH2,599
MDM2,EZH2,936
MDM2,EZH2,936
POU5F1,EZH2,742
POU5F1,EZH2,742
CDH1,EZH2,670
CDH1,EZH2,670
SMAD2,EZH2,780
SMAD2,EZH2,780
EP300,EZH2,982
EP300,EZH2,982
PIK3CA,EZH2,543
PIK3CA,EZH2,543
STAT3,EZH2,985
STAT3,EZH2,985
ZAP70,EZH2,646
ZAP70,EZH2,646
RB1,EZH2,673
RB1,EZH2,673
TP53,EZH2,923
TP53,EZH2,923
ERBB2,EZH2,528
ERBB2,EZH2,528
CCNA2,EZH2,766
CCNA2,EZH2,766
EGFR,EZH2,572
EGFR,EZH2,572
ATM,EZH2,559
ATM,EZH2,559
FBXW7,EZH2,634
FBXW7,EZH2,634
PPARG,EZH2,834
PPARG,EZH2,834
KIT,EZH2,564
KIT,EZH2,564
STAT5B,EZH2,919
STAT5B,EZH2,919
HPGDS,EZH2,728
HPGDS,EZH2,728
NPM1,EZH2,653
NPM1,EZH2,653
FOS,EZH2,527
FOS,EZH2,527
HNF4A,EZH2,767
HNF4A,EZH2,767
FGF4,FGF8,509
FGF4,FGF8,509
NGFR,FGF8,680
NGFR,FGF8,680
MAPK1,FGF8,922
MAPK1,FGF8,922
PIK3R2,FGF8,504
PIK3R2,FGF8,504
HGF,FGF8,690
HGF,FGF8,690
NANOG,FGF8,527
NANOG,FGF8,527
FGF23,FGF8,700
FGF23,FGF8,700
PLCG1,FGF8,625
PLCG1,FGF8,625
BMP4,FGF8,862
BMP4,FGF8,862
SOX9,FGF8,609
SOX9,FGF8,609
KRAS,FGF8,915
KRAS,FGF8,915
PDGFRA,FGF8,749
PDGFRA,FGF8,749
POU5F1,FGF8,552
POU5F1,FGF8,552
PDGFRB,FGF8,745
PDGFRB,FGF8,745
FLT4,FGF8,739
FLT4,FGF8,739
GAB1,FGF8,513
GAB1,FGF8,513
MAPK3,FGF8,940
MAPK3,FGF8,940
KDR,FGF8,808
KDR,FGF8,808
PIK3CA,FGF8,531
PIK3CA,FGF8,531
CBL,FGF8,620
CBL,FGF8,620
FGF2,FGF8,518
FGF2,FGF8,518
WNT5A,FGF8,613
WNT5A,FGF8,613
FGF10,FGF8,650
FGF10,FGF8,650
EGF,FGF8,695
EGF,FGF8,695
ERBB3,FGF8,634
ERBB3,FGF8,634
FGF7,FGF8,604
FGF7,FGF8,604
ERBB2,FGF8,686
ERBB2,FGF8,686
RPS27A,FGF8,600
RPS27A,FGF8,600
EGFR,FGF8,750
EGFR,FGF8,750
NTRK2,FGF8,667
NTRK2,FGF8,667
FLT1,FGF8,773
FLT1,FGF8,773
WNT3A,FGF8,810
WNT3A,FGF8,810
KIT,FGF8,763
KIT,FGF8,763
FGFR4,FGF8,939
FGFR4,FGF8,939
WNT1,FGF8,803
WNT1,FGF8,803
FGF19,FGF8,802
FGF19,FGF8,802
ALB,FGF8,596
ALB,FGF8,596
SHH,FGF8,969
SHH,FGF8,969
IGF1,FGF8,669
IGF1,FGF8,669
INSR,FGF8,635
INSR,FGF8,635
UBB,FGF8,600
UBB,FGF8,600
IRS1,FGF8,520
IRS1,FGF8,520
MET,FGF8,703
MET,FGF8,703
MMP2,FGF13,507
MMP2,FGF13,507
TGFB1,FGF13,606
TGFB1,FGF13,606
HGF,FGF13,776
HGF,FGF13,776
CSF3,FGF13,524
CSF3,FGF13,524
CCL2,FGF13,563
CCL2,FGF13,563
GAPDH,FGF13,609
GAPDH,FGF13,609
NANOG,FGF13,625
NANOG,FGF13,625
HBEGF,FGF13,519
HBEGF,FGF13,519
BMP4,FGF13,787
BMP4,FGF13,787
SOX9,FGF13,569
SOX9,FGF13,569
LIF,FGF13,585
LIF,FGF13,585
PDGFRA,FGF13,553
PDGFRA,FGF13,553
POU5F1,FGF13,622
POU5F1,FGF13,622
CDH1,FGF13,522
CDH1,FGF13,522
PDGFRB,FGF13,597
PDGFRB,FGF13,597
FLT4,FGF13,527
FLT4,FGF13,527
SMAD2,FGF13,535
SMAD2,FGF13,535
MAPK3,FGF13,609
MAPK3,FGF13,609
IL1A,FGF13,505
IL1A,FGF13,505
IL1B,FGF13,643
IL1B,FGF13,643
KDR,FGF13,718
KDR,FGF13,718
STAT3,FGF13,537
STAT3,FGF13,537
EGF,FGF13,884
EGF,FGF13,884
CDH2,FGF13,502
CDH2,FGF13,502
TP53,FGF13,501
TP53,FGF13,501
EGFR,FGF13,583
EGFR,FGF13,583
FLT1,FGF13,723
FLT1,FGF13,723
WNT3A,FGF13,631
WNT3A,FGF13,631
KIT,FGF13,567
KIT,FGF13,567
FGFR4,FGF13,738
FGFR4,FGF13,738
ALB,FGF13,655
ALB,FGF13,655
CSF2,FGF13,520
CSF2,FGF13,520
SHH,FGF13,722
SHH,FGF13,722
IGF1,FGF13,889
IGF1,FGF13,889
CXCL8,FGF13,608
CXCL8,FGF13,608
CD34,FGF13,562
CD34,FGF13,562
CASP3,FGF13,510
CASP3,FGF13,510
FGF4,SOX2,782
FGF4,SOX2,782
NGFR,SOX2,537
NGFR,SOX2,537
CCND1,SOX2,965
CCND1,SOX2,965
GAPDH,SOX2,739
GAPDH,SOX2,739
NANOG,SOX2,998
NANOG,SOX2,998
SNAI1,SOX2,696
SNAI1,SOX2,696
BMP4,SOX2,843
BMP4,SOX2,843
LIF,SOX2,731
LIF,SOX2,731
KRAS,SOX2,548
KRAS,SOX2,548
PDGFRA,SOX2,555
PDGFRA,SOX2,555
CDK4,SOX2,559
CDK4,SOX2,559
POU5F1,SOX2,999
POU5F1,SOX2,999
CDH1,SOX2,718
CDH1,SOX2,718
SMAD2,SOX2,835
SMAD2,SOX2,835
MAPK3,SOX2,658
MAPK3,SOX2,658
EP300,SOX2,750
EP300,SOX2,750
EPCAM,SOX2,668
EPCAM,SOX2,668
KDR,SOX2,575
KDR,SOX2,575
FGF2,SOX2,985
FGF2,SOX2,985
WNT5A,SOX2,546
WNT5A,SOX2,546
STAT3,SOX2,968
STAT3,SOX2,968
FGF10,SOX2,701
FGF10,SOX2,701
EGF,SOX2,722
EGF,SOX2,722
FGF7,SOX2,513
FGF7,SOX2,513
CDH2,SOX2,695
CDH2,SOX2,695
TP53,SOX2,739
TP53,SOX2,739
ERBB2,SOX2,574
ERBB2,SOX2,574
EGFR,SOX2,768
EGFR,SOX2,768
WNT3A,SOX2,662
WNT3A,SOX2,662
KIT,SOX2,646
KIT,SOX2,646
WNT1,SOX2,750
WNT1,SOX2,750
ALB,SOX2,663
ALB,SOX2,663
ANXA5,SOX2,500
ANXA5,SOX2,500
SHH,SOX2,808
SHH,SOX2,808
IGF1,SOX2,534
IGF1,SOX2,534
FOS,SOX2,943
FOS,SOX2,943
TERT,SOX2,629
TERT,SOX2,629
CD34,SOX2,698
CD34,SOX2,698
CASP3,SOX2,609
CASP3,SOX2,609
HNF4A,SOX2,714
HNF4A,SOX2,714
EZH2,SOX2,719
EZH2,SOX2,719
FGF8,SOX2,641
FGF8,SOX2,641
FGF13,SOX2,683
FGF13,SOX2,683
NFKBIA,HSPA5,561
NFKBIA,HSPA5,561
GAPDH,HSPA5,834
GAPDH,HSPA5,834
MAPK14,HSPA5,500
MAPK14,HSPA5,500
PLCG1,HSPA5,644
PLCG1,HSPA5,644
CDH1,HSPA5,597
CDH1,HSPA5,597
MAPK3,HSPA5,731
MAPK3,HSPA5,731
EP300,HSPA5,557
EP300,HSPA5,557
IL1B,HSPA5,506
IL1B,HSPA5,506
CBL,HSPA5,575
CBL,HSPA5,575
STAT3,HSPA5,582
STAT3,HSPA5,582
ZAP70,HSPA5,547
ZAP70,HSPA5,547
TP53,HSPA5,894
TP53,HSPA5,894
EGFR,HSPA5,985
EGFR,HSPA5,985
APP,HSPA5,937
APP,HSPA5,937
HPGDS,HSPA5,533
HPGDS,HSPA5,533
ALB,HSPA5,657
ALB,HSPA5,657
ANXA5,HSPA5,691
ANXA5,HSPA5,691
LRRK2,HSPA5,649
LRRK2,HSPA5,649
BCL2L1,HSPA5,562
BCL2L1,HSPA5,562
HSPA4,HSPA5,831
HSPA4,HSPA5,831
CYCS,HSPA5,715
CYCS,HSPA5,715
CASP3,HSPA5,824
CASP3,HSPA5,824
MAPK1,PPP2R1A,859
MAPK1,PPP2R1A,859
GAPDH,PPP2R1A,635
GAPDH,PPP2R1A,635
RAF1,PPP2R1A,930
RAF1,PPP2R1A,930
KRAS,PPP2R1A,951
KRAS,PPP2R1A,951
CCNB1,PPP2R1A,751
CCNB1,PPP2R1A,751
MDM2,PPP2R1A,653
MDM2,PPP2R1A,653
AXIN1,PPP2R1A,797
AXIN1,PPP2R1A,797
MAPK3,PPP2R1A,867
MAPK3,PPP2R1A,867
AKT3,PPP2R1A,935
AKT3,PPP2R1A,935
PIK3CA,PPP2R1A,622
PIK3CA,PPP2R1A,622
CBL,PPP2R1A,669
CBL,PPP2R1A,669
EGF,PPP2R1A,912
EGF,PPP2R1A,912
RB1,PPP2R1A,901
RB1,PPP2R1A,901
IQGAP1,PPP2R1A,658
IQGAP1,PPP2R1A,658
TP53,PPP2R1A,949
TP53,PPP2R1A,949
RPS27A,PPP2R1A,652
RPS27A,PPP2R1A,652
CCNA2,PPP2R1A,769
CCNA2,PPP2R1A,769
EGFR,PPP2R1A,935
EGFR,PPP2R1A,935
ATM,PPP2R1A,548
ATM,PPP2R1A,548
FBXW7,PPP2R1A,570
FBXW7,PPP2R1A,570
WNT3A,PPP2R1A,902
WNT3A,PPP2R1A,902
WNT1,PPP2R1A,902
WNT1,PPP2R1A,902
MAP2K1,PPP2R1A,922
MAP2K1,PPP2R1A,922
INSR,PPP2R1A,904
INSR,PPP2R1A,904
UBB,PPP2R1A,632
UBB,PPP2R1A,632
CXCL8,PPP2R1A,902
CXCL8,PPP2R1A,902
CYCS,PPP2R1A,908
CYCS,PPP2R1A,908
CD4,CD28,996
CD4,CD28,996
TNFRSF1A,CD28,570
TNFRSF1A,CD28,570
NFKBIA,CD28,504
NFKBIA,CD28,504
TGFB1,CD28,536
TGFB1,CD28,536
PIK3R2,CD28,905
PIK3R2,CD28,905
CCL2,CD28,543
CCL2,CD28,543
IL2,CD28,914
IL2,CD28,914
IFNG,CD28,854
IFNG,CD28,854
GAPDH,CD28,565
GAPDH,CD28,565
IL4,CD28,866
IL4,CD28,866
IL5,CD28,716
IL5,CD28,716
PLCG1,CD28,709
PLCG1,CD28,709
TLR2,CD28,534
TLR2,CD28,534
PIK3R3,CD28,824
PIK3R3,CD28,824
IL1B,CD28,686
IL1B,CD28,686
AKT3,CD28,693
AKT3,CD28,693
IL7,CD28,750
IL7,CD28,750
PIK3CA,CD28,933
PIK3CA,CD28,933
STAT3,CD28,620
STAT3,CD28,620
ICAM1,CD28,690
ICAM1,CD28,690
ZAP70,CD28,987
ZAP70,CD28,987
ERBB2,CD28,502
ERBB2,CD28,502
IFNA1,CD28,601
IFNA1,CD28,601
PAK1,CD28,651
PAK1,CD28,651
STAT5B,CD28,627
STAT5B,CD28,627
ALB,CD28,634
ALB,CD28,634
ANXA5,CD28,670
ANXA5,CD28,670
IL15,CD28,750
IL15,CD28,750
CSF2,CD28,720
CSF2,CD28,720
STAT6,CD28,578
STAT6,CD28,578
BCL2L1,CD28,563
BCL2L1,CD28,563
IL13,CD28,700
IL13,CD28,700
CXCL8,CD28,568
CXCL8,CD28,568
CD34,CD28,540
CD34,CD28,540
MAPK1,PGR,944
MAPK1,PGR,944
CSK,PGR,761
CSK,PGR,761
PIK3R2,PGR,818
PIK3R2,PGR,818
CCND1,PGR,836
CCND1,PGR,836
GAPDH,PGR,602
GAPDH,PGR,602
MAPK14,PGR,850
MAPK14,PGR,850
NR3C1,PGR,655
NR3C1,PGR,655
KRAS,PGR,581
KRAS,PGR,581
CDH1,PGR,688
CDH1,PGR,688
PIK3R3,PGR,822
PIK3R3,PGR,822
MAPK3,PGR,959
MAPK3,PGR,959
EP300,PGR,820
EP300,PGR,820
EPCAM,PGR,529
EPCAM,PGR,529
PIK3CA,PGR,920
PIK3CA,PGR,920
STAT3,PGR,953
STAT3,PGR,953
EGF,PGR,692
EGF,PGR,692
ERBB3,PGR,604
ERBB3,PGR,604
RB1,PGR,700
RB1,PGR,700
FGF7,PGR,529
FGF7,PGR,529
TP53,PGR,810
TP53,PGR,810
ERBB2,PGR,941
ERBB2,PGR,941
CCNA2,PGR,519
CCNA2,PGR,519
EGFR,PGR,844
EGFR,PGR,844
KIT,PGR,535
KIT,PGR,535
STAT5B,PGR,679
STAT5B,PGR,679
ALB,PGR,544
ALB,PGR,544
IGF1,PGR,596
IGF1,PGR,596
HSPA4,PGR,962
HSPA4,PGR,962
FOS,PGR,519
FOS,PGR,519
PRKACA,PGR,900
PRKACA,PGR,900
CD34,PGR,519
CD34,PGR,519
CASP3,PGR,509
CASP3,PGR,509
CD4,CSF1,719
CD4,CSF1,719
NGFR,CSF1,653
NGFR,CSF1,653
NFKBIA,CSF1,510
NFKBIA,CSF1,510
CSF3,CSF1,807
CSF3,CSF1,807
CCL2,CSF1,789
CCL2,CSF1,789
IL2,CSF1,653
IL2,CSF1,653
IFNG,CSF1,648
IFNG,CSF1,648
GAPDH,CSF1,731
GAPDH,CSF1,731
IL4,CSF1,782
IL4,CSF1,782
IL5,CSF1,612
IL5,CSF1,612
PDGFRA,CSF1,731
PDGFRA,CSF1,731
TLR2,CSF1,579
TLR2,CSF1,579
PDGFRB,CSF1,791
PDGFRB,CSF1,791
FLT4,CSF1,743
FLT4,CSF1,743
IL1A,CSF1,718
IL1A,CSF1,718
IL1B,CSF1,755
IL1B,CSF1,755
IL7,CSF1,631
IL7,CSF1,631
KDR,CSF1,810
KDR,CSF1,810
CBL,CSF1,946
CBL,CSF1,946
FGF2,CSF1,537
FGF2,CSF1,537
STAT3,CSF1,856
STAT3,CSF1,856
ICAM1,CSF1,960
ICAM1,CSF1,960
EGF,CSF1,930
EGF,CSF1,930
ERBB3,CSF1,654
ERBB3,CSF1,654
ERBB2,CSF1,757
ERBB2,CSF1,757
EGFR,CSF1,830
EGFR,CSF1,830
IFNA1,CSF1,560
IFNA1,CSF1,560
NTRK2,CSF1,657
NTRK2,CSF1,657
FLT1,CSF1,803
FLT1,CSF1,803
KIT,CSF1,869
KIT,CSF1,869
FGFR4,CSF1,668
FGFR4,CSF1,668
ALB,CSF1,559
ALB,CSF1,559
IL15,CSF1,616
IL15,CSF1,616
IL3,CSF1,823
IL3,CSF1,823
CSF2,CSF1,868
CSF2,CSF1,868
STAT6,CSF1,508
STAT6,CSF1,508
IGF1,CSF1,528
IGF1,CSF1,528
INSR,CSF1,634
INSR,CSF1,634
IL13,CSF1,705
IL13,CSF1,705
FOS,CSF1,556
FOS,CSF1,556
CXCL8,CSF1,744
CXCL8,CSF1,744
CD34,CSF1,561
CD34,CSF1,561
MET,CSF1,714
MET,CSF1,714
MAPK1,SP1,962
MAPK1,SP1,962
NFKBIA,SP1,932
NFKBIA,SP1,932
MMP2,SP1,644
MMP2,SP1,644
CCND1,SP1,638
CCND1,SP1,638
GAPDH,SP1,535
GAPDH,SP1,535
MAPK14,SP1,942
MAPK14,SP1,942
CDK4,SP1,649
CDK4,SP1,649
MDM2,SP1,984
MDM2,SP1,984
POU5F1,SP1,632
POU5F1,SP1,632
SMAD2,SP1,990
SMAD2,SP1,990
MAPK3,SP1,972
MAPK3,SP1,972
EP300,SP1,999
EP300,SP1,999
KDR,SP1,695
KDR,SP1,695
PIK3CA,SP1,907
PIK3CA,SP1,907
STAT3,SP1,994
STAT3,SP1,994
RB1,SP1,995
RB1,SP1,995
TP53,SP1,999
TP53,SP1,999
CCNA2,SP1,923
CCNA2,SP1,923
EGFR,SP1,654
EGFR,SP1,654
PPARG,SP1,988
PPARG,SP1,988
NPM1,SP1,786
NPM1,SP1,786
STAT6,SP1,693
STAT6,SP1,693
FOS,SP1,949
FOS,SP1,949
TERT,SP1,930
TERT,SP1,930
PRKACA,SP1,829
PRKACA,SP1,829
CASP3,SP1,562
CASP3,SP1,562
HNF4A,SP1,760
HNF4A,SP1,760
PGR,SP1,656
PGR,SP1,656
CD4,SOCS1,602
CD4,SOCS1,602
NFKBIA,SOCS1,542
NFKBIA,SOCS1,542
PIK3R2,SOCS1,761
PIK3R2,SOCS1,761
IL2,SOCS1,958
IL2,SOCS1,958
IFNG,SOCS1,959
IFNG,SOCS1,959
IL4,SOCS1,959
IL4,SOCS1,959
TLR2,SOCS1,544
TLR2,SOCS1,544
PIK3R3,SOCS1,552
PIK3R3,SOCS1,552
IL1B,SOCS1,623
IL1B,SOCS1,623
PIK3CA,SOCS1,669
PIK3CA,SOCS1,669
CBL,SOCS1,922
CBL,SOCS1,922
STAT3,SOCS1,915
STAT3,SOCS1,915
ZAP70,SOCS1,729
ZAP70,SOCS1,729
TP53,SOCS1,987
TP53,SOCS1,987
ERBB2,SOCS1,540
ERBB2,SOCS1,540
RASA1,SOCS1,544
RASA1,SOCS1,544
EGFR,SOCS1,788
EGFR,SOCS1,788
IFNA1,SOCS1,668
IFNA1,SOCS1,668
ATM,SOCS1,843
ATM,SOCS1,843
KIT,SOCS1,969
KIT,SOCS1,969
STAT5B,SOCS1,972
STAT5B,SOCS1,972
STAT6,SOCS1,970
STAT6,SOCS1,970
CRK,SOCS1,695
CRK,SOCS1,695
INSR,SOCS1,933
INSR,SOCS1,933
IRS1,SOCS1,991
IRS1,SOCS1,991
IL13,SOCS1,505
IL13,SOCS1,505
CXCL8,SOCS1,523
CXCL8,SOCS1,523
MET,SOCS1,531
MET,SOCS1,531
CSF1,SOCS1,608
CSF1,SOCS1,608
TNFRSF1A,CASP9,654
TNFRSF1A,CASP9,654
MAPK1,CASP9,966
MAPK1,CASP9,966
NFKBIA,CASP9,625
NFKBIA,CASP9,625
MMP2,CASP9,519
MMP2,CASP9,519
CCND1,CASP9,755
CCND1,CASP9,755
GAPDH,CASP9,750
GAPDH,CASP9,750
MAPK14,CASP9,557
MAPK14,CASP9,557
CCNB1,CASP9,809
CCNB1,CASP9,809
CDK4,CASP9,635
CDK4,CASP9,635
MDM2,CASP9,639
MDM2,CASP9,639
CDH1,CASP9,547
CDH1,CASP9,547
MAPK3,CASP9,970
MAPK3,CASP9,970
IL1B,CASP9,618
IL1B,CASP9,618
AKT3,CASP9,939
AKT3,CASP9,939
STAT3,CASP9,636
STAT3,CASP9,636
EGF,CASP9,504
EGF,CASP9,504
TP53,CASP9,862
TP53,CASP9,862
ERBB2,CASP9,536
ERBB2,CASP9,536
CCNA2,CASP9,602
CCNA2,CASP9,602
EGFR,CASP9,623
EGFR,CASP9,623
ATM,CASP9,538
ATM,CASP9,538
ALB,CASP9,672
ALB,CASP9,672
ANXA5,CASP9,879
ANXA5,CASP9,879
MAP2K1,CASP9,579
MAP2K1,CASP9,579
BCL2L1,CASP9,973
BCL2L1,CASP9,973
IGF1,CASP9,517
IGF1,CASP9,517
HSPA4,CASP9,643
HSPA4,CASP9,643
CYCS,CASP9,999
CYCS,CASP9,999
CASP3,CASP9,988
CASP3,CASP9,988
HSPA5,CASP9,708
HSPA5,CASP9,708
CD4,SOCS3,609
CD4,SOCS3,609
NFKBIA,SOCS3,763
NFKBIA,SOCS3,763
EPOR,SOCS3,990
EPOR,SOCS3,990
PIK3R2,SOCS3,571
PIK3R2,SOCS3,571
CSF3,SOCS3,541
CSF3,SOCS3,541
CCL2,SOCS3,603
CCL2,SOCS3,603
IL2,SOCS3,949
IL2,SOCS3,949
IFNG,SOCS3,826
IFNG,SOCS3,826
GAPDH,SOCS3,561
GAPDH,SOCS3,561
IL4,SOCS3,614
IL4,SOCS3,614
LIF,SOCS3,595
LIF,SOCS3,595
EPO,SOCS3,936
EPO,SOCS3,936
KRAS,SOCS3,929
KRAS,SOCS3,929
TLR2,SOCS3,597
TLR2,SOCS3,597
PIK3R3,SOCS3,550
PIK3R3,SOCS3,550
MAPK3,SOCS3,506
MAPK3,SOCS3,506
IL1B,SOCS3,725
IL1B,SOCS3,725
PIK3CA,SOCS3,608
PIK3CA,SOCS3,608
CBL,SOCS3,923
CBL,SOCS3,923
STAT3,SOCS3,992
STAT3,SOCS3,992
ICAM1,SOCS3,502
ICAM1,SOCS3,502
TP53,SOCS3,871
TP53,SOCS3,871
RASA1,SOCS3,998
RASA1,SOCS3,998
EGFR,SOCS3,863
EGFR,SOCS3,863
IFNA1,SOCS3,595
IFNA1,SOCS3,595
PPARG,SOCS3,517
PPARG,SOCS3,517
STAT5B,SOCS3,975
STAT5B,SOCS3,975
STAT6,SOCS3,707
STAT6,SOCS3,707
BCL2L1,SOCS3,502
BCL2L1,SOCS3,502
IGF1,SOCS3,613
IGF1,SOCS3,613
INSR,SOCS3,964
INSR,SOCS3,964
IRS1,SOCS3,994
IRS1,SOCS3,994
IL13,SOCS3,506
IL13,SOCS3,506
FOS,SOCS3,617
FOS,SOCS3,617
CXCL8,SOCS3,618
CXCL8,SOCS3,618
LEP,SOCS3,980
LEP,SOCS3,980
CD28,SOCS3,509
CD28,SOCS3,509
SOCS1,SOCS3,862
SOCS1,SOCS3,862
NGFR,PDGFB,685
NGFR,PDGFB,685
TGFB1,PDGFB,581
TGFB1,PDGFB,581
EPOR,PDGFB,667
EPOR,PDGFB,667
PIK3R2,PDGFB,537
PIK3R2,PDGFB,537
HGF,PDGFB,504
HGF,PDGFB,504
PLCG1,PDGFB,907
PLCG1,PDGFB,907
KRAS,PDGFB,936
KRAS,PDGFB,936
PDGFRA,PDGFB,997
PDGFRA,PDGFB,997
THBS1,PDGFB,765
THBS1,PDGFB,765
PDGFRB,PDGFB,999
PDGFRB,PDGFB,999
FLT4,PDGFB,925
FLT4,PDGFB,925
GAB1,PDGFB,900
GAB1,PDGFB,900
KDR,PDGFB,949
KDR,PDGFB,949
PIK3CA,PDGFB,917
PIK3CA,PDGFB,917
CBL,PDGFB,904
CBL,PDGFB,904
FGF2,PDGFB,853
FGF2,PDGFB,853
STAT3,PDGFB,936
STAT3,PDGFB,936
EGF,PDGFB,909
EGF,PDGFB,909
ERBB3,PDGFB,769
ERBB3,PDGFB,769
TP53,PDGFB,501
TP53,PDGFB,501
ERBB2,PDGFB,813
ERBB2,PDGFB,813
RASA1,PDGFB,902
RASA1,PDGFB,902
EGFR,PDGFB,874
EGFR,PDGFB,874
NTRK2,PDGFB,637
NTRK2,PDGFB,637
PAK1,PDGFB,901
PAK1,PDGFB,901
FLT1,PDGFB,936
FLT1,PDGFB,936
KIT,PDGFB,811
KIT,PDGFB,811
FGFR4,PDGFB,813
FGFR4,PDGFB,813
STAT5B,PDGFB,915
STAT5B,PDGFB,915
TGFA,PDGFB,867
TGFA,PDGFB,867
STAT6,PDGFB,640
STAT6,PDGFB,640
CRK,PDGFB,918
CRK,PDGFB,918
IGF1,PDGFB,915
IGF1,PDGFB,915
INSR,PDGFB,627
INSR,PDGFB,627
MET,PDGFB,726
MET,PDGFB,726
FGF13,PDGFB,576
FGF13,PDGFB,576
HGF,HGS,915
HGF,HGS,915
HBEGF,HGS,600
HBEGF,HGS,600
EREG,HGS,600
EREG,HGS,600
CDH1,HGS,916
CDH1,HGS,916
SMAD2,HGS,826
SMAD2,HGS,826
CBL,HGS,781
CBL,HGS,781
EGF,HGS,928
EGF,HGS,928
RPS27A,HGS,958
RPS27A,HGS,958
EGFR,HGS,992
EGFR,HGS,992
TGFA,HGS,600
TGFA,HGS,600
UBB,HGS,916
UBB,HGS,916
MET,HGS,958
MET,HGS,958
CD4,SMAD3,559
CD4,SMAD3,559
MAPK1,SMAD3,981
MAPK1,SMAD3,981
TIMP1,SMAD3,569
TIMP1,SMAD3,569
MMP2,SMAD3,572
MMP2,SMAD3,572
TGFB1,SMAD3,985
TGFB1,SMAD3,985
SERPINE1,SMAD3,971
SERPINE1,SMAD3,971
CCND1,SMAD3,595
CCND1,SMAD3,595
CDKN1B,SMAD3,940
CDKN1B,SMAD3,940
GAPDH,SMAD3,639
GAPDH,SMAD3,639
MAPK14,SMAD3,632
MAPK14,SMAD3,632
NR3C1,SMAD3,963
NR3C1,SMAD3,963
SNAI1,SMAD3,990
SNAI1,SMAD3,990
BMP4,SMAD3,809
BMP4,SMAD3,809
SOX9,SMAD3,813
SOX9,SMAD3,813
CDK4,SMAD3,982
CDK4,SMAD3,982
POU5F1,SMAD3,950
POU5F1,SMAD3,950
THBS1,SMAD3,504
THBS1,SMAD3,504
CDH1,SMAD3,968
CDH1,SMAD3,968
SMAD2,SMAD3,990
SMAD2,SMAD3,990
AXIN1,SMAD3,995
AXIN1,SMAD3,995
MAPK3,SMAD3,962
MAPK3,SMAD3,962
EP300,SMAD3,999
EP300,SMAD3,999
IL1B,SMAD3,561
IL1B,SMAD3,561
STAT3,SMAD3,937
STAT3,SMAD3,937
EGF,SMAD3,553
EGF,SMAD3,553
CDH2,SMAD3,606
CDH2,SMAD3,606
TP53,SMAD3,985
TP53,SMAD3,985
ERBB2,SMAD3,583
ERBB2,SMAD3,583
RPS27A,SMAD3,710
RPS27A,SMAD3,710
EGFR,SMAD3,647
EGFR,SMAD3,647
PPARG,SMAD3,794
PPARG,SMAD3,794
STAT5B,SMAD3,650
STAT5B,SMAD3,650
WNT1,SMAD3,518
WNT1,SMAD3,518
HPGDS,SMAD3,523
HPGDS,SMAD3,523
ALB,SMAD3,522
ALB,SMAD3,522
STAT6,SMAD3,542
STAT6,SMAD3,542
HSPA4,SMAD3,950
HSPA4,SMAD3,950
UBB,SMAD3,648
UBB,SMAD3,648
IL13,SMAD3,573
IL13,SMAD3,573
FOS,SMAD3,990
FOS,SMAD3,990
CASP3,SMAD3,539
CASP3,SMAD3,539
HNF4A,SMAD3,990
HNF4A,SMAD3,990
EZH2,SMAD3,530
EZH2,SMAD3,530
SOX2,SMAD3,643
SOX2,SMAD3,643
SP1,SMAD3,999
SP1,SMAD3,999
FGF4,FGF3,619
FGF4,FGF3,619
NGFR,FGF3,652
NGFR,FGF3,652
MAPK1,FGF3,920
MAPK1,FGF3,920
PIK3R2,FGF3,503
PIK3R2,FGF3,503
HGF,FGF3,683
HGF,FGF3,683
CCND1,FGF3,564
CCND1,FGF3,564
FGF23,FGF3,599
FGF23,FGF3,599
PLCG1,FGF3,620
PLCG1,FGF3,620
BMP4,FGF3,656
BMP4,FGF3,656
KRAS,FGF3,921
KRAS,FGF3,921
PDGFRA,FGF3,756
PDGFRA,FGF3,756
PDGFRB,FGF3,760
PDGFRB,FGF3,760
FLT4,FGF3,746
FLT4,FGF3,746
GAB1,FGF3,519
GAB1,FGF3,519
MAPK3,FGF3,934
MAPK3,FGF3,934
KDR,FGF3,804
KDR,FGF3,804
PIK3CA,FGF3,687
PIK3CA,FGF3,687
CBL,FGF3,608
CBL,FGF3,608
FGF2,FGF3,601
FGF2,FGF3,601
EGF,FGF3,724
EGF,FGF3,724
ERBB3,FGF3,676
ERBB3,FGF3,676
ERBB2,FGF3,776
ERBB2,FGF3,776
RPS27A,FGF3,600
RPS27A,FGF3,600
EGFR,FGF3,785
EGFR,FGF3,785
NTRK2,FGF3,688
NTRK2,FGF3,688
FLT1,FGF3,780
FLT1,FGF3,780
KIT,FGF3,777
KIT,FGF3,777
FGFR4,FGF3,919
FGFR4,FGF3,919
WNT1,FGF3,575
WNT1,FGF3,575
FGF19,FGF3,671
FGF19,FGF3,671
ALB,FGF3,592
ALB,FGF3,592
SHH,FGF3,625
SHH,FGF3,625
IGF1,FGF3,678
IGF1,FGF3,678
INSR,FGF3,624
INSR,FGF3,624
UBB,FGF3,600
UBB,FGF3,600
IRS1,FGF3,522
IRS1,FGF3,522
MET,FGF3,713
MET,FGF3,713
FGF8,FGF3,680
FGF8,FGF3,680
SOX2,FGF3,560
SOX2,FGF3,560
MAPK1,HSP90AA1,980
MAPK1,HSP90AA1,980
NFKBIA,HSP90AA1,550
NFKBIA,HSP90AA1,550
MMP2,HSP90AA1,938
MMP2,HSP90AA1,938
CSK,HSP90AA1,594
CSK,HSP90AA1,594
IL2,HSP90AA1,948
IL2,HSP90AA1,948
CCND1,HSP90AA1,891
CCND1,HSP90AA1,891
CDKN1B,HSP90AA1,940
CDKN1B,HSP90AA1,940
IFNG,HSP90AA1,931
IFNG,HSP90AA1,931
GAPDH,HSP90AA1,912
GAPDH,HSP90AA1,912
MAPK14,HSP90AA1,627
MAPK14,HSP90AA1,627
HBEGF,HSP90AA1,914
HBEGF,HSP90AA1,914
NR3C1,HSP90AA1,999
NR3C1,HSP90AA1,999
PLCG1,HSP90AA1,882
PLCG1,HSP90AA1,882
SNAI1,HSP90AA1,604
SNAI1,HSP90AA1,604
EREG,HSP90AA1,908
EREG,HSP90AA1,908
RAF1,HSP90AA1,999
RAF1,HSP90AA1,999
KRAS,HSP90AA1,965
KRAS,HSP90AA1,965
CCNB1,HSP90AA1,561
CCNB1,HSP90AA1,561
PDGFRA,HSP90AA1,665
PDGFRA,HSP90AA1,665
CDK4,HSP90AA1,999
CDK4,HSP90AA1,999
MDM2,HSP90AA1,983
MDM2,HSP90AA1,983
TLR2,HSP90AA1,799
TLR2,HSP90AA1,799
CDH1,HSP90AA1,671
CDH1,HSP90AA1,671
PDGFRB,HSP90AA1,582
PDGFRB,HSP90AA1,582
SMAD2,HSP90AA1,516
SMAD2,HSP90AA1,516
GAB1,HSP90AA1,613
GAB1,HSP90AA1,613
MAPK3,HSP90AA1,990
MAPK3,HSP90AA1,990
EP300,HSP90AA1,609
EP300,HSP90AA1,609
IL1B,HSP90AA1,611
IL1B,HSP90AA1,611
AKT3,HSP90AA1,924
AKT3,HSP90AA1,924
KDR,HSP90AA1,992
KDR,HSP90AA1,992
PIK3CA,HSP90AA1,880
PIK3CA,HSP90AA1,880
CBL,HSP90AA1,744
CBL,HSP90AA1,744
STAT3,HSP90AA1,999
STAT3,HSP90AA1,999
ZAP70,HSP90AA1,806
ZAP70,HSP90AA1,806
EGF,HSP90AA1,951
EGF,HSP90AA1,951
ERBB3,HSP90AA1,978
ERBB3,HSP90AA1,978
RB1,HSP90AA1,933
RB1,HSP90AA1,933
PXN,HSP90AA1,705
PXN,HSP90AA1,705
IQGAP1,HSP90AA1,634
IQGAP1,HSP90AA1,634
TP53,HSP90AA1,999
TP53,HSP90AA1,999
ERBB2,HSP90AA1,999
ERBB2,HSP90AA1,999
RPS27A,HSP90AA1,768
RPS27A,HSP90AA1,768
EGFR,HSP90AA1,999
EGFR,HSP90AA1,999
PAK1,HSP90AA1,758
PAK1,HSP90AA1,758
ATM,HSP90AA1,947
ATM,HSP90AA1,947
APP,HSP90AA1,834
APP,HSP90AA1,834
PPARG,HSP90AA1,782
PPARG,HSP90AA1,782
KIT,HSP90AA1,892
KIT,HSP90AA1,892
STAT5B,HSP90AA1,580
STAT5B,HSP90AA1,580
HPGDS,HSP90AA1,779
HPGDS,HSP90AA1,779
ALB,HSP90AA1,570
ALB,HSP90AA1,570
ANXA5,HSP90AA1,618
ANXA5,HSP90AA1,618
NPM1,HSP90AA1,863
NPM1,HSP90AA1,863
LRRK2,HSP90AA1,999
LRRK2,HSP90AA1,999
CRK,HSP90AA1,671
CRK,HSP90AA1,671
MAP2K1,HSP90AA1,665
MAP2K1,HSP90AA1,665
BCL2L1,HSP90AA1,601
BCL2L1,HSP90AA1,601
HSPA4,HSP90AA1,999
HSPA4,HSP90AA1,999
UBB,HSP90AA1,791
UBB,HSP90AA1,791
IRS1,HSP90AA1,544
IRS1,HSP90AA1,544
CYCS,HSP90AA1,720
CYCS,HSP90AA1,720
TERT,HSP90AA1,999
TERT,HSP90AA1,999
PRKACA,HSP90AA1,969
PRKACA,HSP90AA1,969
CASP3,HSP90AA1,833
CASP3,HSP90AA1,833
MET,HSP90AA1,771
MET,HSP90AA1,771
EZH2,HSP90AA1,573
EZH2,HSP90AA1,573
SOX2,HSP90AA1,537
SOX2,HSP90AA1,537
HSPA5,HSP90AA1,978
HSPA5,HSP90AA1,978
PPP2R1A,HSP90AA1,626
PPP2R1A,HSP90AA1,626
PGR,HSP90AA1,996
PGR,HSP90AA1,996
SP1,HSP90AA1,733
SP1,HSP90AA1,733
CASP9,HSP90AA1,572
CASP9,HSP90AA1,572
SOCS3,HSP90AA1,937
SOCS3,HSP90AA1,937
SMAD3,HSP90AA1,516
SMAD3,HSP90AA1,516
CD4,LCK,999
CD4,LCK,999
VCL,LCK,922
VCL,LCK,922
MAPK1,LCK,977
MAPK1,LCK,977
NFKBIA,LCK,964
NFKBIA,LCK,964
CSK,LCK,955
CSK,LCK,955
PIK3R2,LCK,756
PIK3R2,LCK,756
IL2,LCK,974
IL2,LCK,974
MAPK14,LCK,930
MAPK14,LCK,930
IL4,LCK,523
IL4,LCK,523
NR3C1,LCK,588
NR3C1,LCK,588
PLCG1,LCK,984
PLCG1,LCK,984
RAC2,LCK,546
RAC2,LCK,546
KRAS,LCK,945
KRAS,LCK,945
PDGFRB,LCK,919
PDGFRB,LCK,919
PIK3R3,LCK,573
PIK3R3,LCK,573
MAPK3,LCK,948
MAPK3,LCK,948
AKT3,LCK,716
AKT3,LCK,716
IL7,LCK,609
IL7,LCK,609
PIK3CA,LCK,975
PIK3CA,LCK,975
CBL,LCK,998
CBL,LCK,998
STAT3,LCK,987
STAT3,LCK,987
ZAP70,LCK,995
ZAP70,LCK,995
EGF,LCK,937
EGF,LCK,937
PXN,LCK,985
PXN,LCK,985
TP53,LCK,528
TP53,LCK,528
RASA1,LCK,954
RASA1,LCK,954
EGFR,LCK,932
EGFR,LCK,932
PAK1,LCK,921
PAK1,LCK,921
KIT,LCK,778
KIT,LCK,778
STAT5B,LCK,965
STAT5B,LCK,965
ANXA5,LCK,571
ANXA5,LCK,571
IL3,LCK,572
IL3,LCK,572
STAT6,LCK,563
STAT6,LCK,563
CRK,LCK,941
CRK,LCK,941
MAP2K1,LCK,933
MAP2K1,LCK,933
INSR,LCK,523
INSR,LCK,523
IRS1,LCK,945
IRS1,LCK,945
FOS,LCK,694
FOS,LCK,694
CD34,LCK,673
CD34,LCK,673
PPP2R1A,LCK,906
PPP2R1A,LCK,906
CD28,LCK,999
CD28,LCK,999
SOCS1,LCK,948
SOCS1,LCK,948
SOCS3,LCK,946
SOCS3,LCK,946
PDGFB,LCK,907
PDGFB,LCK,907
SMAD3,LCK,609
SMAD3,LCK,609
HSP90AA1,LCK,914
HSP90AA1,LCK,914
MAPK1,SNCA,710
MAPK1,SNCA,710
GAPDH,SNCA,952
GAPDH,SNCA,952
TLR2,SNCA,959
TLR2,SNCA,959
EP300,SNCA,502
EP300,SNCA,502
IL1B,SNCA,568
IL1B,SNCA,568
TP53,SNCA,505
TP53,SNCA,505
RPS27A,SNCA,623
RPS27A,SNCA,623
EGFR,SNCA,716
EGFR,SNCA,716
NTRK2,SNCA,640
NTRK2,SNCA,640
FBXW7,SNCA,672
FBXW7,SNCA,672
APP,SNCA,987
APP,SNCA,987
ALB,SNCA,694
ALB,SNCA,694
LRRK2,SNCA,989
LRRK2,SNCA,989
BCL2L1,SNCA,763
BCL2L1,SNCA,763
HSPA4,SNCA,999
HSPA4,SNCA,999
UBB,SNCA,824
UBB,SNCA,824
CYCS,SNCA,803
CYCS,SNCA,803
CASP3,SNCA,575
CASP3,SNCA,575
HSPA5,SNCA,960
HSPA5,SNCA,960
HSP90AA1,SNCA,788
HSP90AA1,SNCA,788
LCK,SNCA,911
LCK,SNCA,911
TNFRSF1A,CAV1,957
TNFRSF1A,CAV1,957
NGFR,CAV1,594
NGFR,CAV1,594
VCL,CAV1,690
VCL,CAV1,690
MAPK1,CAV1,508
MAPK1,CAV1,508
MMP2,CAV1,573
MMP2,CAV1,573
CSK,CAV1,993
CSK,CAV1,993
TGFB1,CAV1,933
TGFB1,CAV1,933
SERPINE1,CAV1,606
SERPINE1,CAV1,606
CCND1,CAV1,669
CCND1,CAV1,669
GAPDH,CAV1,594
GAPDH,CAV1,594
NR3C1,CAV1,710
NR3C1,CAV1,710
KRAS,CAV1,582
KRAS,CAV1,582
PDGFRA,CAV1,948
PDGFRA,CAV1,948
MDM2,CAV1,891
MDM2,CAV1,891
POU5F1,CAV1,723
POU5F1,CAV1,723
CDH1,CAV1,901
CDH1,CAV1,901
PDGFRB,CAV1,556
PDGFRB,CAV1,556
SMAD2,CAV1,965
SMAD2,CAV1,965
AXIN1,CAV1,791
AXIN1,CAV1,791
MAPK3,CAV1,766
MAPK3,CAV1,766
KDR,CAV1,993
KDR,CAV1,993
FGF2,CAV1,595
FGF2,CAV1,595
STAT3,CAV1,881
STAT3,CAV1,881
ICAM1,CAV1,609
ICAM1,CAV1,609
EGF,CAV1,972
EGF,CAV1,972
PXN,CAV1,590
PXN,CAV1,590
IQGAP1,CAV1,857
IQGAP1,CAV1,857
CDH2,CAV1,522
CDH2,CAV1,522
TP53,CAV1,567
TP53,CAV1,567
ERBB2,CAV1,718
ERBB2,CAV1,718
EGFR,CAV1,999
EGFR,CAV1,999
TJP1,CAV1,583
TJP1,CAV1,583
FLT1,CAV1,725
FLT1,CAV1,725
WNT3A,CAV1,933
WNT3A,CAV1,933
APP,CAV1,562
APP,CAV1,562
GNAQ,CAV1,906
GNAQ,CAV1,906
PPARG,CAV1,774
PPARG,CAV1,774
HPGDS,CAV1,614
HPGDS,CAV1,614
ALB,CAV1,931
ALB,CAV1,931
SHH,CAV1,728
SHH,CAV1,728
IGF1,CAV1,611
IGF1,CAV1,611
INSR,CAV1,966
INSR,CAV1,966
IRS1,CAV1,985
IRS1,CAV1,985
CYCS,CAV1,660
CYCS,CAV1,660
LEP,CAV1,548
LEP,CAV1,548
MET,CAV1,510
MET,CAV1,510
SMAD3,CAV1,943
SMAD3,CAV1,943
HSP90AA1,CAV1,989
HSP90AA1,CAV1,989
SNCA,CAV1,700
SNCA,CAV1,700
GNA11,FGFR3,570
GNA11,FGFR3,570
FGF4,FGFR3,918
FGF4,FGFR3,918
MAPK1,FGFR3,920
MAPK1,FGFR3,920
PIK3R2,FGFR3,842
PIK3R2,FGFR3,842
HGF,FGFR3,711
HGF,FGFR3,711
CCND1,FGFR3,684
CCND1,FGFR3,684
FGF23,FGFR3,984
FGF23,FGFR3,984
PLCG1,FGFR3,936
PLCG1,FGFR3,936
EREG,FGFR3,661
EREG,FGFR3,661
SOX9,FGFR3,572
SOX9,FGFR3,572
KRAS,FGFR3,976
KRAS,FGFR3,976
MDM2,FGFR3,773
MDM2,FGFR3,773
PIK3R3,FGFR3,785
PIK3R3,FGFR3,785
GAB1,FGFR3,916
GAB1,FGFR3,916
MAPK3,FGFR3,926
MAPK3,FGFR3,926
PIK3CA,FGFR3,974
PIK3CA,FGFR3,974
CBL,FGFR3,928
CBL,FGFR3,928
FGF2,FGFR3,999
FGF2,FGFR3,999
STAT3,FGFR3,971
STAT3,FGFR3,971
FGF10,FGFR3,899
FGF10,FGFR3,899
EGF,FGFR3,780
EGF,FGFR3,780
FGF7,FGFR3,944
FGF7,FGFR3,944
TP53,FGFR3,687
TP53,FGFR3,687
ERBB2,FGFR3,584
ERBB2,FGFR3,584
RPS27A,FGFR3,647
RPS27A,FGFR3,647
ATM,FGFR3,528
ATM,FGFR3,528
FBXW7,FGFR3,610
FBXW7,FGFR3,610
GNAQ,FGFR3,504
GNAQ,FGFR3,504
FGFR4,FGFR3,907
FGFR4,FGFR3,907
STAT5B,FGFR3,929
STAT5B,FGFR3,929
FGF19,FGFR3,972
FGF19,FGFR3,972
TGFA,FGFR3,663
TGFA,FGFR3,663
SHH,FGFR3,502
SHH,FGFR3,502
CRK,FGFR3,688
CRK,FGFR3,688
IGF1,FGFR3,778
IGF1,FGFR3,778
UBB,FGFR3,660
UBB,FGFR3,660
IRS1,FGFR3,656
IRS1,FGFR3,656
FOS,FGFR3,922
FOS,FGFR3,922
TERT,FGFR3,558
TERT,FGFR3,558
FGF8,FGFR3,997
FGF8,FGFR3,997
FGF13,FGFR3,891
FGF13,FGFR3,891
CSF1,FGFR3,686
CSF1,FGFR3,686
SOCS1,FGFR3,518
SOCS1,FGFR3,518
SOCS3,FGFR3,590
SOCS3,FGFR3,590
PDGFB,FGFR3,726
PDGFB,FGFR3,726
FGF3,FGFR3,921
FGF3,FGFR3,921
HSP90AA1,FGFR3,933
HSP90AA1,FGFR3,933
MAPK1,MAPT,906
MAPK1,MAPT,906
GAPDH,MAPT,703
GAPDH,MAPT,703
MAPK3,MAPT,935
MAPK3,MAPT,935
EP300,MAPT,742
EP300,MAPT,742
TP53,MAPT,725
TP53,MAPT,725
RPS27A,MAPT,522
RPS27A,MAPT,522
EGFR,MAPT,752
EGFR,MAPT,752
NTRK2,MAPT,546
NTRK2,MAPT,546
APP,MAPT,969
APP,MAPT,969
ALB,MAPT,568
ALB,MAPT,568
LRRK2,MAPT,932
LRRK2,MAPT,932
HSPA4,MAPT,949
HSPA4,MAPT,949
UBB,MAPT,689
UBB,MAPT,689
PRKACA,MAPT,977
PRKACA,MAPT,977
CASP3,MAPT,988
CASP3,MAPT,988
HSPA5,MAPT,605
HSPA5,MAPT,605
HSP90AA1,MAPT,941
HSP90AA1,MAPT,941
LCK,MAPT,740
LCK,MAPT,740
SNCA,MAPT,988
SNCA,MAPT,988
CD4,PTPN11,951
CD4,PTPN11,951
GNA11,PTPN11,542
GNA11,PTPN11,542
FGF4,PTPN11,629
FGF4,PTPN11,629
MAPK1,PTPN11,976
MAPK1,PTPN11,976
CSK,PTPN11,936
CSK,PTPN11,936
EPOR,PTPN11,767
EPOR,PTPN11,767
PIK3R2,PTPN11,927
PIK3R2,PTPN11,927
HGF,PTPN11,951
HGF,PTPN11,951
IL2,PTPN11,947
IL2,PTPN11,947
IFNG,PTPN11,934
IFNG,PTPN11,934
MAPK14,PTPN11,679
MAPK14,PTPN11,679
HBEGF,PTPN11,591
HBEGF,PTPN11,591
IL5,PTPN11,922
IL5,PTPN11,922
PLEK,PTPN11,534
PLEK,PTPN11,534
FGF23,PTPN11,904
FGF23,PTPN11,904
PLCG1,PTPN11,693
PLCG1,PTPN11,693
EREG,PTPN11,559
EREG,PTPN11,559
RAF1,PTPN11,744
RAF1,PTPN11,744
KRAS,PTPN11,988
KRAS,PTPN11,988
PDGFRA,PTPN11,975
PDGFRA,PTPN11,975
PDGFRB,PTPN11,998
PDGFRB,PTPN11,998
PIK3R3,PTPN11,870
PIK3R3,PTPN11,870
GAB1,PTPN11,999
GAB1,PTPN11,999
MAPK3,PTPN11,996
MAPK3,PTPN11,996
KDR,PTPN11,986
KDR,PTPN11,986
PIK3CA,PTPN11,984
PIK3CA,PTPN11,984
CBL,PTPN11,985
CBL,PTPN11,985
FGF2,PTPN11,703
FGF2,PTPN11,703
STAT3,PTPN11,968
STAT3,PTPN11,968
FGF10,PTPN11,629
FGF10,PTPN11,629
ICAM1,PTPN11,753
ICAM1,PTPN11,753
ZAP70,PTPN11,943
ZAP70,PTPN11,943
EGF,PTPN11,972
EGF,PTPN11,972
ERBB3,PTPN11,985
ERBB3,PTPN11,985
PXN,PTPN11,990
PXN,PTPN11,990
FGF7,PTPN11,611
FGF7,PTPN11,611
CDH2,PTPN11,944
CDH2,PTPN11,944
TP53,PTPN11,572
TP53,PTPN11,572
ERBB2,PTPN11,998
ERBB2,PTPN11,998
RPS27A,PTPN11,608
RPS27A,PTPN11,608
EGFR,PTPN11,999
EGFR,PTPN11,999
IFNA1,PTPN11,519
IFNA1,PTPN11,519
NTRK2,PTPN11,999
NTRK2,PTPN11,999
FBXW7,PTPN11,644
FBXW7,PTPN11,644
FLT1,PTPN11,990
FLT1,PTPN11,990
GNAQ,PTPN11,510
GNAQ,PTPN11,510
KIT,PTPN11,990
KIT,PTPN11,990
FGFR4,PTPN11,760
FGFR4,PTPN11,760
STAT5B,PTPN11,952
STAT5B,PTPN11,952
FGF19,PTPN11,606
FGF19,PTPN11,606
HPGDS,PTPN11,685
HPGDS,PTPN11,685
TGFA,PTPN11,534
TGFA,PTPN11,534
IL3,PTPN11,944
IL3,PTPN11,944
CSF2,PTPN11,944
CSF2,PTPN11,944
NPM1,PTPN11,737
NPM1,PTPN11,737
CRK,PTPN11,962
CRK,PTPN11,962
MAP2K1,PTPN11,982
MAP2K1,PTPN11,982
BCL2L1,PTPN11,945
BCL2L1,PTPN11,945
IGF1,PTPN11,944
IGF1,PTPN11,944
INSR,PTPN11,988
INSR,PTPN11,988
CTNNA1,PTPN11,909
CTNNA1,PTPN11,909
UBB,PTPN11,609
UBB,PTPN11,609
IRS1,PTPN11,999
IRS1,PTPN11,999
PRKACA,PTPN11,918
PRKACA,PTPN11,918
LEP,PTPN11,826
LEP,PTPN11,826
MET,PTPN11,989
MET,PTPN11,989
EZH2,PTPN11,518
EZH2,PTPN11,518
FGF8,PTPN11,722
FGF8,PTPN11,722
PPP2R1A,PTPN11,915
PPP2R1A,PTPN11,915
CD28,PTPN11,514
CD28,PTPN11,514
SOCS1,PTPN11,745
SOCS1,PTPN11,745
SOCS3,PTPN11,996
SOCS3,PTPN11,996
PDGFB,PTPN11,916
PDGFB,PTPN11,916
SMAD3,PTPN11,928
SMAD3,PTPN11,928
FGF3,PTPN11,624
FGF3,PTPN11,624
HSP90AA1,PTPN11,518
HSP90AA1,PTPN11,518
LCK,PTPN11,946
LCK,PTPN11,946
CAV1,PTPN11,765
CAV1,PTPN11,765
FGFR3,PTPN11,965
FGFR3,PTPN11,965
CD4,PTK2,771
CD4,PTK2,771
VCL,PTK2,996
VCL,PTK2,996
MAPK1,PTK2,929
MAPK1,PTK2,929
MMP2,PTK2,636
MMP2,PTK2,636
CSK,PTK2,939
CSK,PTK2,939
PIK3R2,PTK2,863
PIK3R2,PTK2,863
HGF,PTK2,741
HGF,PTK2,741
CCND1,PTK2,563
CCND1,PTK2,563
GAPDH,PTK2,670
GAPDH,PTK2,670
MAPK14,PTK2,850
MAPK14,PTK2,850
HBEGF,PTK2,619
HBEGF,PTK2,619
PLCG1,PTK2,988
PLCG1,PTK2,988
SNAI1,PTK2,556
SNAI1,PTK2,556
EREG,PTK2,577
EREG,PTK2,577
KRAS,PTK2,953
KRAS,PTK2,953
PDGFRA,PTK2,832
PDGFRA,PTK2,832
MDM2,PTK2,725
MDM2,PTK2,725
THBS1,PTK2,725
THBS1,PTK2,725
CDH1,PTK2,669
CDH1,PTK2,669
PDGFRB,PTK2,877
PDGFRB,PTK2,877
FLT4,PTK2,935
FLT4,PTK2,935
SMAD2,PTK2,579
SMAD2,PTK2,579
PIK3R3,PTK2,941
PIK3R3,PTK2,941
MAPK3,PTK2,944
MAPK3,PTK2,944
KDR,PTK2,932
KDR,PTK2,932
PIK3CA,PTK2,953
PIK3CA,PTK2,953
CBL,PTK2,841
CBL,PTK2,841
FGF2,PTK2,520
FGF2,PTK2,520
STAT3,PTK2,960
STAT3,PTK2,960
EGF,PTK2,803
EGF,PTK2,803
PXN,PTK2,999
PXN,PTK2,999
CDH2,PTK2,597
CDH2,PTK2,597
TP53,PTK2,955
TP53,PTK2,955
ERBB2,PTK2,970
ERBB2,PTK2,970
RASA1,PTK2,932
RASA1,PTK2,932
EGFR,PTK2,973
EGFR,PTK2,973
PAK1,PTK2,913
PAK1,PTK2,913
TJP1,PTK2,773
TJP1,PTK2,773
FLT1,PTK2,974
FLT1,PTK2,974
TGFA,PTK2,515
TGFA,PTK2,515
ALB,PTK2,501
ALB,PTK2,501
CRK,PTK2,998
CRK,PTK2,998
HSPA4,PTK2,575
HSPA4,PTK2,575
IRS1,PTK2,520
IRS1,PTK2,520
FOS,PTK2,936
FOS,PTK2,936
PRKACA,PTK2,808
PRKACA,PTK2,808
CASP3,PTK2,953
CASP3,PTK2,953
MET,PTK2,865
MET,PTK2,865
SOCS3,PTK2,920
SOCS3,PTK2,920
HSP90AA1,PTK2,961
HSP90AA1,PTK2,961
LCK,PTK2,949
LCK,PTK2,949
CAV1,PTK2,516
CAV1,PTK2,516
PTPN11,PTK2,993
PTPN11,PTK2,993
CD4,STAT5A,766
CD4,STAT5A,766
MAPK1,STAT5A,991
MAPK1,STAT5A,991
NFKBIA,STAT5A,535
NFKBIA,STAT5A,535
EPOR,STAT5A,999
EPOR,STAT5A,999
CSF3,STAT5A,560
CSF3,STAT5A,560
IL2,STAT5A,983
IL2,STAT5A,983
CCND1,STAT5A,962
CCND1,STAT5A,962
IFNG,STAT5A,962
IFNG,STAT5A,962
GAPDH,STAT5A,556
GAPDH,STAT5A,556
HBEGF,STAT5A,923
HBEGF,STAT5A,923
IL4,STAT5A,967
IL4,STAT5A,967
IL5,STAT5A,958
IL5,STAT5A,958
NR3C1,STAT5A,990
NR3C1,STAT5A,990
PLCG1,STAT5A,942
PLCG1,STAT5A,942
EPO,STAT5A,970
EPO,STAT5A,970
CCNB1,STAT5A,923
CCNB1,STAT5A,923
PDGFRA,STAT5A,774
PDGFRA,STAT5A,774
CDK4,STAT5A,566
CDK4,STAT5A,566
TLR2,STAT5A,501
TLR2,STAT5A,501
PDGFRB,STAT5A,980
PDGFRB,STAT5A,980
MAPK3,STAT5A,974
MAPK3,STAT5A,974
EP300,STAT5A,994
EP300,STAT5A,994
IL1B,STAT5A,561
IL1B,STAT5A,561
IL7,STAT5A,899
IL7,STAT5A,899
CBL,STAT5A,771
CBL,STAT5A,771
STAT3,STAT5A,941
STAT3,STAT5A,941
ZAP70,STAT5A,582
ZAP70,STAT5A,582
EGF,STAT5A,549
EGF,STAT5A,549
TP53,STAT5A,568
TP53,STAT5A,568
ERBB2,STAT5A,581
ERBB2,STAT5A,581
EGFR,STAT5A,998
EGFR,STAT5A,998
IFNA1,STAT5A,560
IFNA1,STAT5A,560
PPARG,STAT5A,797
PPARG,STAT5A,797
KIT,STAT5A,939
KIT,STAT5A,939
STAT5B,STAT5A,943
STAT5B,STAT5A,943
ANXA5,STAT5A,565
ANXA5,STAT5A,565
IL15,STAT5A,917
IL15,STAT5A,917
IL3,STAT5A,969
IL3,STAT5A,969
CSF2,STAT5A,968
CSF2,STAT5A,968
STAT6,STAT5A,836
STAT6,STAT5A,836
CRK,STAT5A,726
CRK,STAT5A,726
BCL2L1,STAT5A,968
BCL2L1,STAT5A,968
IGF1,STAT5A,609
IGF1,STAT5A,609
IL13,STAT5A,569
IL13,STAT5A,569
FOS,STAT5A,951
FOS,STAT5A,951
CXCL8,STAT5A,516
CXCL8,STAT5A,516
CD34,STAT5A,608
CD34,STAT5A,608
CASP3,STAT5A,574
CASP3,STAT5A,574
LEP,STAT5A,792
LEP,STAT5A,792
MET,STAT5A,554
MET,STAT5A,554
EZH2,STAT5A,983
EZH2,STAT5A,983
CD28,STAT5A,636
CD28,STAT5A,636
PGR,STAT5A,630
PGR,STAT5A,630
SOCS1,STAT5A,973
SOCS1,STAT5A,973
SOCS3,STAT5A,976
SOCS3,STAT5A,976
PDGFB,STAT5A,914
PDGFB,STAT5A,914
SMAD3,STAT5A,536
SMAD3,STAT5A,536
LCK,STAT5A,968
LCK,STAT5A,968
PTPN11,STAT5A,983
PTPN11,STAT5A,983
MAPK1,SMAD4,570
MAPK1,SMAD4,570
MMP2,SMAD4,645
MMP2,SMAD4,645
TGFB1,SMAD4,985
TGFB1,SMAD4,985
SERPINE1,SMAD4,961
SERPINE1,SMAD4,961
CCND1,SMAD4,958
CCND1,SMAD4,958
CDKN1B,SMAD4,948
CDKN1B,SMAD4,948
GAPDH,SMAD4,631
GAPDH,SMAD4,631
NANOG,SMAD4,818
NANOG,SMAD4,818
MAPK14,SMAD4,508
MAPK14,SMAD4,508
NR3C1,SMAD4,925
NR3C1,SMAD4,925
SNAI1,SMAD4,976
SNAI1,SMAD4,976
BMP4,SMAD4,964
BMP4,SMAD4,964
SOX9,SMAD4,659
SOX9,SMAD4,659
KRAS,SMAD4,871
KRAS,SMAD4,871
PDGFRA,SMAD4,513
PDGFRA,SMAD4,513
CDK4,SMAD4,957
CDK4,SMAD4,957
POU5F1,SMAD4,830
POU5F1,SMAD4,830
CDH1,SMAD4,972
CDH1,SMAD4,972
SMAD2,SMAD4,999
SMAD2,SMAD4,999
AXIN1,SMAD4,568
AXIN1,SMAD4,568
MAPK3,SMAD4,617
MAPK3,SMAD4,617
EP300,SMAD4,999
EP300,SMAD4,999
AKT3,SMAD4,513
AKT3,SMAD4,513
PIK3CA,SMAD4,742
PIK3CA,SMAD4,742
STAT3,SMAD4,759
STAT3,SMAD4,759
EGF,SMAD4,606
EGF,SMAD4,606
CDH2,SMAD4,575
CDH2,SMAD4,575
TP53,SMAD4,817
TP53,SMAD4,817
ERBB2,SMAD4,677
ERBB2,SMAD4,677
RPS27A,SMAD4,757
RPS27A,SMAD4,757
EGFR,SMAD4,693
EGFR,SMAD4,693
ATM,SMAD4,639
ATM,SMAD4,639
FBXW7,SMAD4,666
FBXW7,SMAD4,666
WNT3A,SMAD4,550
WNT3A,SMAD4,550
APP,SMAD4,799
APP,SMAD4,799
KIT,SMAD4,510
KIT,SMAD4,510
WNT1,SMAD4,651
WNT1,SMAD4,651
HPGDS,SMAD4,586
HPGDS,SMAD4,586
ALB,SMAD4,548
ALB,SMAD4,548
SHH,SMAD4,601
SHH,SMAD4,601
ARF6,SMAD4,559
ARF6,SMAD4,559
MAP2K1,SMAD4,548
MAP2K1,SMAD4,548
UBB,SMAD4,642
UBB,SMAD4,642
FOS,SMAD4,957
FOS,SMAD4,957
HNF4A,SMAD4,996
HNF4A,SMAD4,996
EZH2,SMAD4,601
EZH2,SMAD4,601
SOX2,SMAD4,801
SOX2,SMAD4,801
SP1,SMAD4,991
SP1,SMAD4,991
HGS,SMAD4,585
HGS,SMAD4,585
SMAD3,SMAD4,999
SMAD3,SMAD4,999
FGFR3,SMAD4,557
FGFR3,SMAD4,557
PTPN11,SMAD4,525
PTPN11,SMAD4,525
GNA11,ERBB4,535
GNA11,ERBB4,535
FGF4,ERBB4,646
FGF4,ERBB4,646
MAPK1,ERBB4,943
MAPK1,ERBB4,943
PIK3R2,ERBB4,900
PIK3R2,ERBB4,900
HGF,ERBB4,767
HGF,ERBB4,767
CCND1,ERBB4,537
CCND1,ERBB4,537
GAPDH,ERBB4,577
GAPDH,ERBB4,577
HBEGF,ERBB4,999
HBEGF,ERBB4,999
FGF23,ERBB4,611
FGF23,ERBB4,611
PLCG1,ERBB4,901
PLCG1,ERBB4,901
EREG,ERBB4,983
EREG,ERBB4,983
KRAS,ERBB4,980
KRAS,ERBB4,980
MDM2,ERBB4,950
MDM2,ERBB4,950
FLT4,ERBB4,502
FLT4,ERBB4,502
PIK3R3,ERBB4,803
PIK3R3,ERBB4,803
GAB1,ERBB4,643
GAB1,ERBB4,643
MAPK3,ERBB4,948
MAPK3,ERBB4,948
KDR,ERBB4,538
KDR,ERBB4,538
PIK3CA,ERBB4,967
PIK3CA,ERBB4,967
CBL,ERBB4,860
CBL,ERBB4,860
FGF2,ERBB4,744
FGF2,ERBB4,744
STAT3,ERBB4,513
STAT3,ERBB4,513
FGF10,ERBB4,683
FGF10,ERBB4,683
EGF,ERBB4,995
EGF,ERBB4,995
ERBB3,ERBB4,974
ERBB3,ERBB4,974
FGF7,ERBB4,666
FGF7,ERBB4,666
TP53,ERBB4,701
TP53,ERBB4,701
ERBB2,ERBB4,987
ERBB2,ERBB4,987
RPS27A,ERBB4,707
RPS27A,ERBB4,707
RASA1,ERBB4,668
RASA1,ERBB4,668
EGFR,ERBB4,976
EGFR,ERBB4,976
NTRK2,ERBB4,648
NTRK2,ERBB4,648
ATM,ERBB4,542
ATM,ERBB4,542
FBXW7,ERBB4,565
FBXW7,ERBB4,565
FLT1,ERBB4,512
FLT1,ERBB4,512
APP,ERBB4,510
APP,ERBB4,510
STAT5B,ERBB4,995
STAT5B,ERBB4,995
WNT1,ERBB4,596
WNT1,ERBB4,596
FGF19,ERBB4,639
FGF19,ERBB4,639
TGFA,ERBB4,858
TGFA,ERBB4,858
CRK,ERBB4,776
CRK,ERBB4,776
IGF1,ERBB4,783
IGF1,ERBB4,783
UBB,ERBB4,661
UBB,ERBB4,661
IRS1,ERBB4,697
IRS1,ERBB4,697
FGF8,ERBB4,653
FGF8,ERBB4,653
PGR,ERBB4,953
PGR,ERBB4,953
CSF1,ERBB4,656
CSF1,ERBB4,656
PDGFB,ERBB4,749
PDGFB,ERBB4,749
FGF3,ERBB4,682
FGF3,ERBB4,682
HSP90AA1,ERBB4,972
HSP90AA1,ERBB4,972
PTPN11,ERBB4,925
PTPN11,ERBB4,925
STAT5A,ERBB4,999
STAT5A,ERBB4,999
SMAD4,ERBB4,580
SMAD4,ERBB4,580
CD4,JAK1,617
CD4,JAK1,617
TNFRSF1A,JAK1,844
TNFRSF1A,JAK1,844
MAPK1,JAK1,932
MAPK1,JAK1,932
NFKBIA,JAK1,512
NFKBIA,JAK1,512
EPOR,JAK1,924
EPOR,JAK1,924
PIK3R2,JAK1,682
PIK3R2,JAK1,682
CSF3,JAK1,775
CSF3,JAK1,775
IL2,JAK1,983
IL2,JAK1,983
IFNG,JAK1,979
IFNG,JAK1,979
GAPDH,JAK1,524
GAPDH,JAK1,524
MAPK14,JAK1,925
MAPK14,JAK1,925
IL4,JAK1,973
IL4,JAK1,973
IL5,JAK1,786
IL5,JAK1,786
PLCG1,JAK1,657
PLCG1,JAK1,657
LIF,JAK1,835
LIF,JAK1,835
EPO,JAK1,819
EPO,JAK1,819
KRAS,JAK1,953
KRAS,JAK1,953
PDGFRA,JAK1,934
PDGFRA,JAK1,934
MDM2,JAK1,643
MDM2,JAK1,643
PDGFRB,JAK1,875
PDGFRB,JAK1,875
PIK3R3,JAK1,660
PIK3R3,JAK1,660
GAB1,JAK1,941
GAB1,JAK1,941
MAPK3,JAK1,935
MAPK3,JAK1,935
IL1B,JAK1,576
IL1B,JAK1,576
IL7,JAK1,846
IL7,JAK1,846
KDR,JAK1,842
KDR,JAK1,842
PIK3CA,JAK1,942
PIK3CA,JAK1,942
CBL,JAK1,931
CBL,JAK1,931
STAT3,JAK1,999
STAT3,JAK1,999
EGF,JAK1,945
EGF,JAK1,945
ERBB3,JAK1,842
ERBB3,JAK1,842
TP53,JAK1,526
TP53,JAK1,526
ERBB2,JAK1,883
ERBB2,JAK1,883
EGFR,JAK1,949
EGFR,JAK1,949
IFNA1,JAK1,964
IFNA1,JAK1,964
STAT5B,JAK1,997
STAT5B,JAK1,997
IL15,JAK1,842
IL15,JAK1,842
IL3,JAK1,801
IL3,JAK1,801
CSF2,JAK1,751
CSF2,JAK1,751
NPM1,JAK1,516
NPM1,JAK1,516
STAT6,JAK1,991
STAT6,JAK1,991
MAP2K1,JAK1,931
MAP2K1,JAK1,931
BCL2L1,JAK1,574
BCL2L1,JAK1,574
INSR,JAK1,509
INSR,JAK1,509
IRS1,JAK1,996
IRS1,JAK1,996
IL13,JAK1,829
IL13,JAK1,829
CASP3,JAK1,515
CASP3,JAK1,515
MET,JAK1,836
MET,JAK1,836
SOCS1,JAK1,992
SOCS1,JAK1,992
SOCS3,JAK1,999
SOCS3,JAK1,999
HSP90AA1,JAK1,827
HSP90AA1,JAK1,827
LCK,JAK1,915
LCK,JAK1,915
FGFR3,JAK1,833
FGFR3,JAK1,833
PTPN11,JAK1,997
PTPN11,JAK1,997
STAT5A,JAK1,998
STAT5A,JAK1,998
VCL,CDH5,970
VCL,CDH5,970
MMP2,CDH5,559
MMP2,CDH5,559
CSK,CDH5,885
CSK,CDH5,885
CCL2,CDH5,514
CCL2,CDH5,514
GAPDH,CDH5,600
GAPDH,CDH5,600
SNAI1,CDH5,531
SNAI1,CDH5,531
BMP4,CDH5,585
BMP4,CDH5,585
POU5F1,CDH5,527
POU5F1,CDH5,527
CDH1,CDH5,632
CDH1,CDH5,632
PDGFRB,CDH5,600
PDGFRB,CDH5,600
FLT4,CDH5,869
FLT4,CDH5,869
IL1B,CDH5,504
IL1B,CDH5,504
KDR,CDH5,999
KDR,CDH5,999
FGF2,CDH5,668
FGF2,CDH5,668
ICAM1,CDH5,779
ICAM1,CDH5,779
EGF,CDH5,561
EGF,CDH5,561
PXN,CDH5,705
PXN,CDH5,705
IQGAP1,CDH5,948
IQGAP1,CDH5,948
CDH2,CDH5,632
CDH2,CDH5,632
EGFR,CDH5,686
EGFR,CDH5,686
PAK1,CDH5,911
PAK1,CDH5,911
TJP1,CDH5,910
TJP1,CDH5,910
FLT1,CDH5,728
FLT1,CDH5,728
KIT,CDH5,646
KIT,CDH5,646
ALB,CDH5,656
ALB,CDH5,656
CTNNA1,CDH5,992
CTNNA1,CDH5,992
CXCL8,CDH5,505
CXCL8,CDH5,505
CD34,CDH5,811
CD34,CDH5,811
PDGFB,CDH5,559
PDGFB,CDH5,559
CAV1,CDH5,713
CAV1,CDH5,713
PTPN11,CDH5,947
PTPN11,CDH5,947
PTK2,CDH5,900
PTK2,CDH5,900
CD4,CTNNB1,678
CD4,CTNNB1,678
GNA11,CTNNB1,535
GNA11,CTNNB1,535
FGF4,CTNNB1,643
FGF4,CTNNB1,643
VCL,CTNNB1,999
VCL,CTNNB1,999
MAPK1,CTNNB1,633
MAPK1,CTNNB1,633
NFKBIA,CTNNB1,570
NFKBIA,CTNNB1,570
MMP2,CTNNB1,696
MMP2,CTNNB1,696
TGFB1,CTNNB1,961
TGFB1,CTNNB1,961
PIK3R2,CTNNB1,601
PIK3R2,CTNNB1,601
HGF,CTNNB1,967
HGF,CTNNB1,967
CCL2,CTNNB1,509
CCL2,CTNNB1,509
CCND1,CTNNB1,993
CCND1,CTNNB1,993
CDKN1B,CTNNB1,602
CDKN1B,CTNNB1,602
GAPDH,CTNNB1,868
GAPDH,CTNNB1,868
NANOG,CTNNB1,856
NANOG,CTNNB1,856
MAPK14,CTNNB1,822
MAPK14,CTNNB1,822
SNAI1,CTNNB1,957
SNAI1,CTNNB1,957
BMP4,CTNNB1,793
BMP4,CTNNB1,793
SOX9,CTNNB1,996
SOX9,CTNNB1,996
RAC2,CTNNB1,681
RAC2,CTNNB1,681
RAF1,CTNNB1,563
RAF1,CTNNB1,563
KRAS,CTNNB1,854
KRAS,CTNNB1,854
CCNB1,CTNNB1,622
CCNB1,CTNNB1,622
PDGFRA,CTNNB1,563
PDGFRA,CTNNB1,563
CDK4,CTNNB1,707
CDK4,CTNNB1,707
MDM2,CTNNB1,640
MDM2,CTNNB1,640
POU5F1,CTNNB1,997
POU5F1,CTNNB1,997
CDH1,CTNNB1,999
CDH1,CTNNB1,999
PDGFRB,CTNNB1,539
PDGFRB,CTNNB1,539
SMAD2,CTNNB1,997
SMAD2,CTNNB1,997
AXIN1,CTNNB1,999
AXIN1,CTNNB1,999
MAPK3,CTNNB1,768
MAPK3,CTNNB1,768
EP300,CTNNB1,999
EP300,CTNNB1,999
IL1B,CTNNB1,612
IL1B,CTNNB1,612
EPCAM,CTNNB1,959
EPCAM,CTNNB1,959
AKT3,CTNNB1,713
AKT3,CTNNB1,713
KDR,CTNNB1,998
KDR,CTNNB1,998
PIK3CA,CTNNB1,975
PIK3CA,CTNNB1,975
CBL,CTNNB1,913
CBL,CTNNB1,913
FGF2,CTNNB1,779
FGF2,CTNNB1,779
WNT5A,CTNNB1,911
WNT5A,CTNNB1,911
STAT3,CTNNB1,812
STAT3,CTNNB1,812
FGF10,CTNNB1,701
FGF10,CTNNB1,701
ICAM1,CTNNB1,512
ICAM1,CTNNB1,512
ZAP70,CTNNB1,502
ZAP70,CTNNB1,502
EGF,CTNNB1,979
EGF,CTNNB1,979
ERBB3,CTNNB1,839
ERBB3,CTNNB1,839
RB1,CTNNB1,511
RB1,CTNNB1,511
PXN,CTNNB1,985
PXN,CTNNB1,985
FGF7,CTNNB1,594
FGF7,CTNNB1,594
IQGAP1,CTNNB1,999
IQGAP1,CTNNB1,999
CDH2,CTNNB1,999
CDH2,CTNNB1,999
TP53,CTNNB1,863
TP53,CTNNB1,863
ERBB2,CTNNB1,999
ERBB2,CTNNB1,999
RPS27A,CTNNB1,762
RPS27A,CTNNB1,762
CCNA2,CTNNB1,697
CCNA2,CTNNB1,697
EGFR,CTNNB1,999
EGFR,CTNNB1,999
NTRK2,CTNNB1,951
NTRK2,CTNNB1,951
PAK1,CTNNB1,957
PAK1,CTNNB1,957
ATM,CTNNB1,630
ATM,CTNNB1,630
TJP1,CTNNB1,998
TJP1,CTNNB1,998
FBXW7,CTNNB1,765
FBXW7,CTNNB1,765
FLT1,CTNNB1,838
FLT1,CTNNB1,838
WNT3A,CTNNB1,991
WNT3A,CTNNB1,991
APP,CTNNB1,829
APP,CTNNB1,829
GNAQ,CTNNB1,531
GNAQ,CTNNB1,531
PPARG,CTNNB1,997
PPARG,CTNNB1,997
KIT,CTNNB1,685
KIT,CTNNB1,685
FGFR4,CTNNB1,540
FGFR4,CTNNB1,540
STAT5B,CTNNB1,506
STAT5B,CTNNB1,506
WNT1,CTNNB1,998
WNT1,CTNNB1,998
FGF19,CTNNB1,566
FGF19,CTNNB1,566
HPGDS,CTNNB1,754
HPGDS,CTNNB1,754
ALB,CTNNB1,803
ALB,CTNNB1,803
ANXA5,CTNNB1,696
ANXA5,CTNNB1,696
NPM1,CTNNB1,515
NPM1,CTNNB1,515
SHH,CTNNB1,839
SHH,CTNNB1,839
LRRK2,CTNNB1,856
LRRK2,CTNNB1,856
MMP3,CTNNB1,958
MMP3,CTNNB1,958
CRK,CTNNB1,520
CRK,CTNNB1,520
MAP2K1,CTNNB1,723
MAP2K1,CTNNB1,723
BCL2L1,CTNNB1,744
BCL2L1,CTNNB1,744
IGF1,CTNNB1,968
IGF1,CTNNB1,968
HSPA4,CTNNB1,578
HSPA4,CTNNB1,578
CTNNA1,CTNNB1,999
CTNNA1,CTNNB1,999
UBB,CTNNB1,691
UBB,CTNNB1,691
IRS1,CTNNB1,969
IRS1,CTNNB1,969
FOS,CTNNB1,992
FOS,CTNNB1,992
CXCL8,CTNNB1,642
CXCL8,CTNNB1,642
CYCS,CTNNB1,528
CYCS,CTNNB1,528
TERT,CTNNB1,997
TERT,CTNNB1,997
PRKACA,CTNNB1,828
PRKACA,CTNNB1,828
CD34,CTNNB1,656
CD34,CTNNB1,656
CASP3,CTNNB1,990
CASP3,CTNNB1,990
HNF4A,CTNNB1,996
HNF4A,CTNNB1,996
MET,CTNNB1,994
MET,CTNNB1,994
EZH2,CTNNB1,983
EZH2,CTNNB1,983
FGF8,CTNNB1,739
FGF8,CTNNB1,739
FGF13,CTNNB1,716
FGF13,CTNNB1,716
SOX2,CTNNB1,996
SOX2,CTNNB1,996
HSPA5,CTNNB1,512
HSPA5,CTNNB1,512
PPP2R1A,CTNNB1,812
PPP2R1A,CTNNB1,812
PGR,CTNNB1,606
PGR,CTNNB1,606
SP1,CTNNB1,779
SP1,CTNNB1,779
CASP9,CTNNB1,612
CASP9,CTNNB1,612
HGS,CTNNB1,922
HGS,CTNNB1,922
SMAD3,CTNNB1,998
SMAD3,CTNNB1,998
FGF3,CTNNB1,595
FGF3,CTNNB1,595
HSP90AA1,CTNNB1,685
HSP90AA1,CTNNB1,685
CAV1,CTNNB1,976
CAV1,CTNNB1,976
FGFR3,CTNNB1,660
FGFR3,CTNNB1,660
MAPT,CTNNB1,602
MAPT,CTNNB1,602
PTPN11,CTNNB1,995
PTPN11,CTNNB1,995
PTK2,CTNNB1,816
PTK2,CTNNB1,816
STAT5A,CTNNB1,515
STAT5A,CTNNB1,515
SMAD4,CTNNB1,999
SMAD4,CTNNB1,999
ERBB4,CTNNB1,808
ERBB4,CTNNB1,808
JAK1,CTNNB1,539
JAK1,CTNNB1,539
CDH5,CTNNB1,999
CDH5,CTNNB1,999
MMP2,ANXA2,652
MMP2,ANXA2,652
SERPINE1,ANXA2,525
SERPINE1,ANXA2,525
GAPDH,ANXA2,596
GAPDH,ANXA2,596
CDH1,ANXA2,536
CDH1,ANXA2,536
STAT3,ANXA2,809
STAT3,ANXA2,809
ICAM1,ANXA2,554
ICAM1,ANXA2,554
EGF,ANXA2,507
EGF,ANXA2,507
TP53,ANXA2,872
TP53,ANXA2,872
EGFR,ANXA2,853
EGFR,ANXA2,853
ALB,ANXA2,530
ALB,ANXA2,530
ANXA5,ANXA2,511
ANXA5,ANXA2,511
NPM1,ANXA2,620
NPM1,ANXA2,620
STAT6,ANXA2,695
STAT6,ANXA2,695
HSPA4,ANXA2,562
HSPA4,ANXA2,562
CYCS,ANXA2,515
CYCS,ANXA2,515
CASP3,ANXA2,733
CASP3,ANXA2,733
CASP9,ANXA2,530
CASP9,ANXA2,530
HSP90AA1,ANXA2,676
HSP90AA1,ANXA2,676
CAV1,ANXA2,973
CAV1,ANXA2,973
MAPT,ANXA2,711
MAPT,ANXA2,711
PTPN11,ANXA2,782
PTPN11,ANXA2,782
CDH5,ANXA2,727
CDH5,ANXA2,727
NGFR,CRKL,600
NGFR,CRKL,600
VCL,CRKL,932
VCL,CRKL,932
MAPK1,CRKL,750
MAPK1,CRKL,750
CSK,CRKL,918
CSK,CRKL,918
EPOR,CRKL,981
EPOR,CRKL,981
PIK3R2,CRKL,909
PIK3R2,CRKL,909
HGF,CRKL,919
HGF,CRKL,919
IL2,CRKL,916
IL2,CRKL,916
RAC2,CRKL,555
RAC2,CRKL,555
RAF1,CRKL,643
RAF1,CRKL,643
EPO,CRKL,929
EPO,CRKL,929
KRAS,CRKL,932
KRAS,CRKL,932
PDGFRA,CRKL,972
PDGFRA,CRKL,972
PDGFRB,CRKL,848
PDGFRB,CRKL,848
FLT4,CRKL,672
FLT4,CRKL,672
PIK3R3,CRKL,738
PIK3R3,CRKL,738
GAB1,CRKL,993
GAB1,CRKL,993
KDR,CRKL,710
KDR,CRKL,710
PIK3CA,CRKL,929
PIK3CA,CRKL,929
CBL,CRKL,999
CBL,CRKL,999
ZAP70,CRKL,761
ZAP70,CRKL,761
PXN,CRKL,999
PXN,CRKL,999
ERBB2,CRKL,650
ERBB2,CRKL,650
EGFR,CRKL,985
EGFR,CRKL,985
NTRK2,CRKL,913
NTRK2,CRKL,913
FLT1,CRKL,902
FLT1,CRKL,902
KIT,CRKL,940
KIT,CRKL,940
FGFR4,CRKL,688
FGFR4,CRKL,688
STAT5B,CRKL,989
STAT5B,CRKL,989
ARF6,CRKL,712
ARF6,CRKL,712
CRK,CRKL,922
CRK,CRKL,922
IGF1,CRKL,917
IGF1,CRKL,917
INSR,CRKL,789
INSR,CRKL,789
IRS1,CRKL,930
IRS1,CRKL,930
CD34,CRKL,894
CD34,CRKL,894
MET,CRKL,930
MET,CRKL,930
SOCS1,CRKL,935
SOCS1,CRKL,935
SOCS3,CRKL,942
SOCS3,CRKL,942
PDGFB,CRKL,678
PDGFB,CRKL,678
FGFR3,CRKL,710
FGFR3,CRKL,710
PTPN11,CRKL,981
PTPN11,CRKL,981
PTK2,CRKL,967
PTK2,CRKL,967
STAT5A,CRKL,993
STAT5A,CRKL,993
ERBB4,CRKL,710
ERBB4,CRKL,710
JAK1,CRKL,926
JAK1,CRKL,926
CTNNB1,CRKL,584
CTNNB1,CRKL,584
NGFR,PDGFA,653
NGFR,PDGFA,653
TGFB1,PDGFA,529
TGFB1,PDGFA,529
EPOR,PDGFA,609
EPOR,PDGFA,609
PIK3R2,PDGFA,555
PIK3R2,PDGFA,555
PLCG1,PDGFA,929
PLCG1,PDGFA,929
KRAS,PDGFA,932
KRAS,PDGFA,932
PDGFRA,PDGFA,999
PDGFRA,PDGFA,999
THBS1,PDGFA,664
THBS1,PDGFA,664
PDGFRB,PDGFA,997
PDGFRB,PDGFA,997
FLT4,PDGFA,794
FLT4,PDGFA,794
KDR,PDGFA,811
KDR,PDGFA,811
PIK3CA,PDGFA,927
PIK3CA,PDGFA,927
FGF2,PDGFA,855
FGF2,PDGFA,855
STAT3,PDGFA,706
STAT3,PDGFA,706
EGF,PDGFA,901
EGF,PDGFA,901
ERBB3,PDGFA,726
ERBB3,PDGFA,726
ERBB2,PDGFA,748
ERBB2,PDGFA,748
RASA1,PDGFA,904
RASA1,PDGFA,904
EGFR,PDGFA,808
EGFR,PDGFA,808
NTRK2,PDGFA,634
NTRK2,PDGFA,634
FLT1,PDGFA,810
FLT1,PDGFA,810
KIT,PDGFA,810
KIT,PDGFA,810
FGFR4,PDGFA,746
FGFR4,PDGFA,746
STAT5B,PDGFA,624
STAT5B,PDGFA,624
TGFA,PDGFA,863
TGFA,PDGFA,863
STAT6,PDGFA,620
STAT6,PDGFA,620
CRK,PDGFA,651
CRK,PDGFA,651
IGF1,PDGFA,903
IGF1,PDGFA,903
INSR,PDGFA,632
INSR,PDGFA,632
MET,PDGFA,715
MET,PDGFA,715
FGF13,PDGFA,570
FGF13,PDGFA,570
PDGFB,PDGFA,944
PDGFB,PDGFA,944
FGFR3,PDGFA,759
FGFR3,PDGFA,759
PTPN11,PDGFA,595
PTPN11,PDGFA,595
STAT5A,PDGFA,628
STAT5A,PDGFA,628
ERBB4,PDGFA,708
ERBB4,PDGFA,708
JAK1,PDGFA,903
JAK1,PDGFA,903
CRKL,PDGFA,614
CRKL,PDGFA,614
CD4,FYN,991
CD4,FYN,991
VCL,FYN,963
VCL,FYN,963
MAPK1,FYN,938
MAPK1,FYN,938
CSK,FYN,981
CSK,FYN,981
PIK3R2,FYN,887
PIK3R2,FYN,887
IL2,FYN,949
IL2,FYN,949
GAPDH,FYN,507
GAPDH,FYN,507
MAPK14,FYN,932
MAPK14,FYN,932
HBEGF,FYN,570
HBEGF,FYN,570
NR3C1,FYN,550
NR3C1,FYN,550
PLCG1,FYN,967
PLCG1,FYN,967
EREG,FYN,531
EREG,FYN,531
RAC2,FYN,898
RAC2,FYN,898
RAF1,FYN,952
RAF1,FYN,952
KRAS,FYN,963
KRAS,FYN,963
CDH1,FYN,975
CDH1,FYN,975
PDGFRB,FYN,980
PDGFRB,FYN,980
PIK3R3,FYN,881
PIK3R3,FYN,881
IL1B,FYN,501
IL1B,FYN,501
AKT3,FYN,757
AKT3,FYN,757
KDR,FYN,957
KDR,FYN,957
PIK3CA,FYN,934
PIK3CA,FYN,934
CBL,FYN,999
CBL,FYN,999
STAT3,FYN,966
STAT3,FYN,966
ZAP70,FYN,942
ZAP70,FYN,942
EGF,FYN,951
EGF,FYN,951
ERBB3,FYN,659
ERBB3,FYN,659
PXN,FYN,982
PXN,FYN,982
ERBB2,FYN,798
ERBB2,FYN,798
RASA1,FYN,928
RASA1,FYN,928
EGFR,FYN,938
EGFR,FYN,938
NTRK2,FYN,796
NTRK2,FYN,796
PAK1,FYN,926
PAK1,FYN,926
APP,FYN,812
APP,FYN,812
KIT,FYN,786
KIT,FYN,786
STAT5B,FYN,953
STAT5B,FYN,953
ALB,FYN,517
ALB,FYN,517
CRK,FYN,973
CRK,FYN,973
CTNNA1,FYN,920
CTNNA1,FYN,920
IRS1,FYN,915
IRS1,FYN,915
PRKACA,FYN,923
PRKACA,FYN,923
CASP3,FYN,537
CASP3,FYN,537
PPP2R1A,FYN,903
PPP2R1A,FYN,903
CD28,FYN,808
CD28,FYN,808
SOCS1,FYN,578
SOCS1,FYN,578
PDGFB,FYN,907
PDGFB,FYN,907
HSP90AA1,FYN,969
HSP90AA1,FYN,969
LCK,FYN,930
LCK,FYN,930
SNCA,FYN,983
SNCA,FYN,983
CAV1,FYN,998
CAV1,FYN,998
MAPT,FYN,997
MAPT,FYN,997
PTPN11,FYN,974
PTPN11,FYN,974
PTK2,FYN,980
PTK2,FYN,980
STAT5A,FYN,966
STAT5A,FYN,966
ERBB4,FYN,953
ERBB4,FYN,953
JAK1,FYN,920
JAK1,FYN,920
CDH5,FYN,890
CDH5,FYN,890
CTNNB1,FYN,991
CTNNB1,FYN,991
CRKL,FYN,888
CRKL,FYN,888
CD4,FN1,864
CD4,FN1,864
FGF4,FN1,606
FGF4,FN1,606
VCL,FN1,984
VCL,FN1,984
MAPK1,FN1,773
MAPK1,FN1,773
TIMP1,FN1,763
TIMP1,FN1,763
MMP2,FN1,607
MMP2,FN1,607
CSK,FN1,689
CSK,FN1,689
TGFB1,FN1,895
TGFB1,FN1,895
HGF,FN1,929
HGF,FN1,929
SERPINE1,FN1,815
SERPINE1,FN1,815
CSF3,FN1,528
CSF3,FN1,528
CCL2,FN1,707
CCL2,FN1,707
IL2,FN1,558
IL2,FN1,558
CCND1,FN1,679
CCND1,FN1,679
IFNG,FN1,559
IFNG,FN1,559
GAPDH,FN1,988
GAPDH,FN1,988
NANOG,FN1,613
NANOG,FN1,613
MAPK14,FN1,551
MAPK14,FN1,551
HBEGF,FN1,564
HBEGF,FN1,564
IL4,FN1,958
IL4,FN1,958
FGF23,FN1,526
FGF23,FN1,526
SNAI1,FN1,867
SNAI1,FN1,867
BMP4,FN1,654
BMP4,FN1,654
SOX9,FN1,594
SOX9,FN1,594
RAC2,FN1,521
RAC2,FN1,521
LIF,FN1,549
LIF,FN1,549
RAF1,FN1,728
RAF1,FN1,728
KRAS,FN1,853
KRAS,FN1,853
POU5F1,FN1,632
POU5F1,FN1,632
TLR2,FN1,799
TLR2,FN1,799
THBS1,FN1,998
THBS1,FN1,998
CDH1,FN1,869
CDH1,FN1,869
PDGFRB,FN1,628
PDGFRB,FN1,628
FLT4,FN1,951
FLT4,FN1,951
SMAD2,FN1,816
SMAD2,FN1,816
MAPK3,FN1,882
MAPK3,FN1,882
IL1A,FN1,527
IL1A,FN1,527
IL1B,FN1,721
IL1B,FN1,721
EPCAM,FN1,571
EPCAM,FN1,571
IL7,FN1,822
IL7,FN1,822
KDR,FN1,816
KDR,FN1,816
FGF2,FN1,930
FGF2,FN1,930
WNT5A,FN1,612
WNT5A,FN1,612
STAT3,FN1,651
STAT3,FN1,651
FGF10,FN1,623
FGF10,FN1,623
ICAM1,FN1,746
ICAM1,FN1,746
EGF,FN1,838
EGF,FN1,838
ERBB3,FN1,525
ERBB3,FN1,525
PXN,FN1,996
PXN,FN1,996
FGF7,FN1,677
FGF7,FN1,677
IQGAP1,FN1,721
IQGAP1,FN1,721
CDH2,FN1,855
CDH2,FN1,855
TP53,FN1,670
TP53,FN1,670
ERBB2,FN1,695
ERBB2,FN1,695
EGFR,FN1,838
EGFR,FN1,838
TJP1,FN1,778
TJP1,FN1,778
FLT1,FN1,631
FLT1,FN1,631
WNT3A,FN1,512
WNT3A,FN1,512
APP,FN1,578
APP,FN1,578
PPARG,FN1,567
PPARG,FN1,567
KIT,FN1,737
KIT,FN1,737
FGF19,FN1,608
FGF19,FN1,608
HPGDS,FN1,506
HPGDS,FN1,506
ALB,FN1,954
ALB,FN1,954
ANXA5,FN1,642
ANXA5,FN1,642
IL3,FN1,504
IL3,FN1,504
CSF2,FN1,566
CSF2,FN1,566
SHH,FN1,582
SHH,FN1,582
ARF6,FN1,938
ARF6,FN1,938
MMP3,FN1,767
MMP3,FN1,767
CRK,FN1,780
CRK,FN1,780
MAP2K1,FN1,796
MAP2K1,FN1,796
IGF1,FN1,978
IGF1,FN1,978
HSPA4,FN1,623
HSPA4,FN1,623
IRS1,FN1,934
IRS1,FN1,934
IL13,FN1,953
IL13,FN1,953
FOS,FN1,530
FOS,FN1,530
CXCL8,FN1,723
CXCL8,FN1,723
PRKACA,FN1,900
PRKACA,FN1,900
CD34,FN1,948
CD34,FN1,948
CASP3,FN1,672
CASP3,FN1,672
LEP,FN1,590
LEP,FN1,590
HNF4A,FN1,505
HNF4A,FN1,505
MET,FN1,768
MET,FN1,768
FGF8,FN1,641
FGF8,FN1,641
FGF13,FN1,781
FGF13,FN1,781
SOX2,FN1,682
SOX2,FN1,682
CSF1,FN1,533
CSF1,FN1,533
PDGFB,FN1,520
PDGFB,FN1,520
SMAD3,FN1,766
SMAD3,FN1,766
FGF3,FN1,603
FGF3,FN1,603
HSP90AA1,FN1,592
HSP90AA1,FN1,592
CAV1,FN1,797
CAV1,FN1,797
PTPN11,FN1,540
PTPN11,FN1,540
PTK2,FN1,991
PTK2,FN1,991
SMAD4,FN1,707
SMAD4,FN1,707
CDH5,FN1,709
CDH5,FN1,709
CTNNB1,FN1,790
CTNNB1,FN1,790
ANXA2,FN1,568
ANXA2,FN1,568
PDGFA,FN1,609
PDGFA,FN1,609
FYN,FN1,901
FYN,FN1,901
GNA11,RET,596
GNA11,RET,596
MAPK1,RET,676
MAPK1,RET,676
PIK3R2,RET,677
PIK3R2,RET,677
PLCG1,RET,918
PLCG1,RET,918
KRAS,RET,815
KRAS,RET,815
CDH1,RET,934
CDH1,RET,934
FLT4,RET,544
FLT4,RET,544
PIK3R3,RET,681
PIK3R3,RET,681
GAB1,RET,957
GAB1,RET,957
MAPK3,RET,708
MAPK3,RET,708
PIK3CA,RET,971
PIK3CA,RET,971
CBL,RET,816
CBL,RET,816
FGF2,RET,647
FGF2,RET,647
STAT3,RET,873
STAT3,RET,873
EGF,RET,503
EGF,RET,503
ERBB3,RET,551
ERBB3,RET,551
PXN,RET,915
PXN,RET,915
TP53,RET,669
TP53,RET,669
ERBB2,RET,510
ERBB2,RET,510
RASA1,RET,926
RASA1,RET,926
EGFR,RET,824
EGFR,RET,824
ATM,RET,532
ATM,RET,532
FBXW7,RET,521
FBXW7,RET,521
GNAQ,RET,528
GNAQ,RET,528
PPARG,RET,602
PPARG,RET,602
NPM1,RET,517
NPM1,RET,517
CRK,RET,975
CRK,RET,975
CTNNA1,RET,909
CTNNA1,RET,909
IRS1,RET,918
IRS1,RET,918
TERT,RET,559
TERT,RET,559
PRKACA,RET,904
PRKACA,RET,904
CASP3,RET,619
CASP3,RET,619
HSP90AA1,RET,723
HSP90AA1,RET,723
PTPN11,RET,971
PTPN11,RET,971
PTK2,RET,976
PTK2,RET,976
SMAD4,RET,548
SMAD4,RET,548
ERBB4,RET,502
ERBB4,RET,502
CTNNB1,RET,968
CTNNB1,RET,968
CD4,FAS,851
CD4,FAS,851
TNFRSF1A,FAS,975
TNFRSF1A,FAS,975
IL2,FAS,700
IL2,FAS,700
IFNG,FAS,634
IFNG,FAS,634
IL4,FAS,590
IL4,FAS,590
PLCG1,FAS,880
PLCG1,FAS,880
IL1B,FAS,562
IL1B,FAS,562
IL7,FAS,529
IL7,FAS,529
PIK3CA,FAS,908
PIK3CA,FAS,908
ICAM1,FAS,580
ICAM1,FAS,580
TP53,FAS,967
TP53,FAS,967
EGFR,FAS,946
EGFR,FAS,946
STAT5B,FAS,930
STAT5B,FAS,930
ALB,FAS,521
ALB,FAS,521
ANXA5,FAS,678
ANXA5,FAS,678
IL15,FAS,532
IL15,FAS,532
BCL2L1,FAS,692
BCL2L1,FAS,692
HSPA4,FAS,510
HSPA4,FAS,510
CYCS,FAS,712
CYCS,FAS,712
CASP3,FAS,845
CASP3,FAS,845
CD28,FAS,856
CD28,FAS,856
CASP9,FAS,721
CASP9,FAS,721
LCK,FAS,657
LCK,FAS,657
CAV1,FAS,842
CAV1,FAS,842
STAT5A,FAS,932
STAT5A,FAS,932
CTNNB1,FAS,571
CTNNB1,FAS,571
FYN,FAS,748
FYN,FAS,748
NGFR,RAC1,908
NGFR,RAC1,908
VCL,RAC1,641
VCL,RAC1,641
MAPK1,RAC1,948
MAPK1,RAC1,948
PIK3R2,RAC1,566
PIK3R2,RAC1,566
HGF,RAC1,619
HGF,RAC1,619
CDKN1B,RAC1,922
CDKN1B,RAC1,922
MAPK14,RAC1,944
MAPK14,RAC1,944
PLEK,RAC1,582
PLEK,RAC1,582
PLCG1,RAC1,802
PLCG1,RAC1,802
RAC2,RAC1,533
RAC2,RAC1,533
KRAS,RAC1,940
KRAS,RAC1,940
CDH1,RAC1,944
CDH1,RAC1,944
PDGFRB,RAC1,914
PDGFRB,RAC1,914
PIK3R3,RAC1,525
PIK3R3,RAC1,525
GAB1,RAC1,913
GAB1,RAC1,913
MAPK3,RAC1,957
MAPK3,RAC1,957
AKT3,RAC1,724
AKT3,RAC1,724
KDR,RAC1,923
KDR,RAC1,923
PIK3CA,RAC1,943
PIK3CA,RAC1,943
WNT5A,RAC1,925
WNT5A,RAC1,925
STAT3,RAC1,958
STAT3,RAC1,958
EGF,RAC1,938
EGF,RAC1,938
PXN,RAC1,977
PXN,RAC1,977
IQGAP1,RAC1,999
IQGAP1,RAC1,999
CDH2,RAC1,942
CDH2,RAC1,942
ERBB2,RAC1,607
ERBB2,RAC1,607
EGFR,RAC1,944
EGFR,RAC1,944
NTRK2,RAC1,926
NTRK2,RAC1,926
PAK1,RAC1,999
PAK1,RAC1,999
KIT,RAC1,573
KIT,RAC1,573
WNT1,RAC1,729
WNT1,RAC1,729
ARF6,RAC1,975
ARF6,RAC1,975
LRRK2,RAC1,690
LRRK2,RAC1,690
CRK,RAC1,949
CRK,RAC1,949
MAP2K1,RAC1,962
MAP2K1,RAC1,962
CTNNA1,RAC1,918
CTNNA1,RAC1,918
MET,RAC1,684
MET,RAC1,684
CD28,RAC1,638
CD28,RAC1,638
PDGFB,RAC1,905
PDGFB,RAC1,905
HSP90AA1,RAC1,931
HSP90AA1,RAC1,931
LCK,RAC1,937
LCK,RAC1,937
CAV1,RAC1,908
CAV1,RAC1,908
PTK2,RAC1,954
PTK2,RAC1,954
STAT5A,RAC1,913
STAT5A,RAC1,913
CDH5,RAC1,748
CDH5,RAC1,748
CTNNB1,RAC1,957
CTNNB1,RAC1,957
ANXA2,RAC1,503
ANXA2,RAC1,503
CRKL,RAC1,929
CRKL,RAC1,929
FYN,RAC1,949
FYN,RAC1,949
FN1,RAC1,950
FN1,RAC1,950
GNA11,NF1,537
GNA11,NF1,537
MAPK1,NF1,531
MAPK1,NF1,531
CCND1,NF1,518
CCND1,NF1,518
NR3C1,NF1,935
NR3C1,NF1,935
RAF1,NF1,715
RAF1,NF1,715
KRAS,NF1,994
KRAS,NF1,994
PDGFRA,NF1,736
PDGFRA,NF1,736
CDK4,NF1,639
CDK4,NF1,639
MDM2,NF1,573
MDM2,NF1,573
PDGFRB,NF1,556
PDGFRB,NF1,556
MAPK3,NF1,699
MAPK3,NF1,699
AKT3,NF1,595
AKT3,NF1,595
PIK3CA,NF1,739
PIK3CA,NF1,739
STAT3,NF1,591
STAT3,NF1,591
ERBB3,NF1,510
ERBB3,NF1,510
TP53,NF1,808
TP53,NF1,808
ERBB2,NF1,667
ERBB2,NF1,667
RPS27A,NF1,910
RPS27A,NF1,910
RASA1,NF1,772
RASA1,NF1,772
EGFR,NF1,782
EGFR,NF1,782
ATM,NF1,704
ATM,NF1,704
FBXW7,NF1,528
FBXW7,NF1,528
APP,NF1,746
APP,NF1,746
GNAQ,NF1,533
GNAQ,NF1,533
KIT,NF1,681
KIT,NF1,681
MAP2K1,NF1,719
MAP2K1,NF1,719
UBB,NF1,907
UBB,NF1,907
TERT,NF1,615
TERT,NF1,615
PRKACA,NF1,935
PRKACA,NF1,935
MET,NF1,514
MET,NF1,514
EZH2,NF1,528
EZH2,NF1,528
PGR,NF1,642
PGR,NF1,642
CAV1,NF1,934
CAV1,NF1,934
FGFR3,NF1,513
FGFR3,NF1,513
PTPN11,NF1,722
PTPN11,NF1,722
SMAD4,NF1,826
SMAD4,NF1,826
ERBB4,NF1,501
ERBB4,NF1,501
CTNNB1,NF1,536
CTNNB1,NF1,536
RET,NF1,729
RET,NF1,729
FGF4,EPHA2,626
FGF4,EPHA2,626
HGF,EPHA2,746
HGF,EPHA2,746
FGF23,EPHA2,607
FGF23,EPHA2,607
EREG,EPHA2,643
EREG,EPHA2,643
EPO,EPHA2,566
EPO,EPHA2,566
KRAS,EPHA2,568
KRAS,EPHA2,568
CDH1,EPHA2,969
CDH1,EPHA2,969
PIK3CA,EPHA2,937
PIK3CA,EPHA2,937
CBL,EPHA2,998
CBL,EPHA2,998
FGF2,EPHA2,726
FGF2,EPHA2,726
FGF10,EPHA2,629
FGF10,EPHA2,629
EGF,EPHA2,778
EGF,EPHA2,778
FGF7,EPHA2,612
FGF7,EPHA2,612
TP53,EPHA2,508
TP53,EPHA2,508
ERBB2,EPHA2,651
ERBB2,EPHA2,651
RASA1,EPHA2,909
RASA1,EPHA2,909
EGFR,EPHA2,608
EGFR,EPHA2,608
TJP1,EPHA2,631
TJP1,EPHA2,631
FGF19,EPHA2,607
FGF19,EPHA2,607
TGFA,EPHA2,642
TGFA,EPHA2,642
ARF6,EPHA2,932
ARF6,EPHA2,932
CRK,EPHA2,781
CRK,EPHA2,781
IGF1,EPHA2,690
IGF1,EPHA2,690
CTNNA1,EPHA2,915
CTNNA1,EPHA2,915
IRS1,EPHA2,719
IRS1,EPHA2,719
FGF8,EPHA2,604
FGF8,EPHA2,604
CSF1,EPHA2,689
CSF1,EPHA2,689
PDGFB,EPHA2,652
PDGFB,EPHA2,652
FGF3,EPHA2,611
FGF3,EPHA2,611
HSP90AA1,EPHA2,881
HSP90AA1,EPHA2,881
LCK,EPHA2,910
LCK,EPHA2,910
CAV1,EPHA2,929
CAV1,EPHA2,929
PTPN11,EPHA2,943
PTPN11,EPHA2,943
PTK2,EPHA2,954
PTK2,EPHA2,954
CDH5,EPHA2,652
CDH5,EPHA2,652
CTNNB1,EPHA2,969
CTNNB1,EPHA2,969
CRKL,EPHA2,667
CRKL,EPHA2,667
PDGFA,EPHA2,647
PDGFA,EPHA2,647
FYN,EPHA2,912
FYN,EPHA2,912
FN1,EPHA2,675
FN1,EPHA2,675
RAC1,EPHA2,923
RAC1,EPHA2,923
CD4,CASP8,584
CD4,CASP8,584
TNFRSF1A,CASP8,999
TNFRSF1A,CASP8,999
MAPK1,CASP8,963
MAPK1,CASP8,963
NFKBIA,CASP8,756
NFKBIA,CASP8,756
IL2,CASP8,515
IL2,CASP8,515
CCND1,CASP8,678
CCND1,CASP8,678
CDKN1B,CASP8,682
CDKN1B,CASP8,682
IFNG,CASP8,519
IFNG,CASP8,519
GAPDH,CASP8,689
GAPDH,CASP8,689
MAPK14,CASP8,698
MAPK14,CASP8,698
CCNB1,CASP8,624
CCNB1,CASP8,624
CDK4,CASP8,578
CDK4,CASP8,578
MDM2,CASP8,770
MDM2,CASP8,770
TLR2,CASP8,507
TLR2,CASP8,507
CDH1,CASP8,661
CDH1,CASP8,661
MAPK3,CASP8,980
MAPK3,CASP8,980
IL1B,CASP8,975
IL1B,CASP8,975
STAT3,CASP8,627
STAT3,CASP8,627
EGF,CASP8,511
EGF,CASP8,511
TP53,CASP8,977
TP53,CASP8,977
ERBB2,CASP8,531
ERBB2,CASP8,531
CCNA2,CASP8,528
CCNA2,CASP8,528
EGFR,CASP8,605
EGFR,CASP8,605
ATM,CASP8,909
ATM,CASP8,909
APP,CASP8,942
APP,CASP8,942
ALB,CASP8,638
ALB,CASP8,638
ANXA5,CASP8,861
ANXA5,CASP8,861
LRRK2,CASP8,622
LRRK2,CASP8,622
BCL2L1,CASP8,976
BCL2L1,CASP8,976
HSPA4,CASP8,589
HSPA4,CASP8,589
CXCL8,CASP8,538
CXCL8,CASP8,538
CYCS,CASP8,907
CYCS,CASP8,907
CASP3,CASP8,980
CASP3,CASP8,980
HSPA5,CASP8,673
HSPA5,CASP8,673
CASP9,CASP8,636
CASP9,CASP8,636
HSP90AA1,CASP8,544
HSP90AA1,CASP8,544
PTK2,CASP8,771
PTK2,CASP8,771
CTNNB1,CASP8,663
CTNNB1,CASP8,663
ANXA2,CASP8,506
ANXA2,CASP8,506
FAS,CASP8,999
FAS,CASP8,999
CD4,TGFBR2,531
CD4,TGFBR2,531
TGFB1,TGFBR2,999
TGFB1,TGFBR2,999
PIK3R2,TGFBR2,882
PIK3R2,TGFBR2,882
SERPINE1,TGFBR2,531
SERPINE1,TGFBR2,531
GAPDH,TGFBR2,525
GAPDH,TGFBR2,525
SNAI1,TGFBR2,538
SNAI1,TGFBR2,538
BMP4,TGFBR2,530
BMP4,TGFBR2,530
KRAS,TGFBR2,643
KRAS,TGFBR2,643
PDGFRA,TGFBR2,507
PDGFRA,TGFBR2,507
THBS1,TGFBR2,504
THBS1,TGFBR2,504
CDH1,TGFBR2,592
CDH1,TGFBR2,592
SMAD2,TGFBR2,987
SMAD2,TGFBR2,987
AXIN1,TGFBR2,934
AXIN1,TGFBR2,934
PIK3R3,TGFBR2,725
PIK3R3,TGFBR2,725
PIK3CA,TGFBR2,520
PIK3CA,TGFBR2,520
CBL,TGFBR2,911
CBL,TGFBR2,911
STAT3,TGFBR2,609
STAT3,TGFBR2,609
IQGAP1,TGFBR2,608
IQGAP1,TGFBR2,608
TP53,TGFBR2,609
TP53,TGFBR2,609
RPS27A,TGFBR2,630
RPS27A,TGFBR2,630
EGFR,TGFBR2,564
EGFR,TGFBR2,564
ALB,TGFBR2,684
ALB,TGFBR2,684
UBB,TGFBR2,625
UBB,TGFBR2,625
PPP2R1A,TGFBR2,831
PPP2R1A,TGFBR2,831
SMAD3,TGFBR2,989
SMAD3,TGFBR2,989
HSP90AA1,TGFBR2,750
HSP90AA1,TGFBR2,750
CAV1,TGFBR2,952
CAV1,TGFBR2,952
SMAD4,TGFBR2,991
SMAD4,TGFBR2,991
CDH5,TGFBR2,552
CDH5,TGFBR2,552
CTNNB1,TGFBR2,969
CTNNB1,TGFBR2,969
FN1,TGFBR2,594
FN1,TGFBR2,594
EPOR,PIK3CG,693
EPOR,PIK3CG,693
PIK3R2,PIK3CG,967
PIK3R2,PIK3CG,967
PLEK,PIK3CG,712
PLEK,PIK3CG,712
PLCG1,PIK3CG,804
PLCG1,PIK3CG,804
RAC2,PIK3CG,599
RAC2,PIK3CG,599
EPO,PIK3CG,645
EPO,PIK3CG,645
KRAS,PIK3CG,986
KRAS,PIK3CG,986
PDGFRB,PIK3CG,931
PDGFRB,PIK3CG,931
PIK3R3,PIK3CG,966
PIK3R3,PIK3CG,966
GAB1,PIK3CG,799
GAB1,PIK3CG,799
MAPK3,PIK3CG,541
MAPK3,PIK3CG,541
AKT3,PIK3CG,935
AKT3,PIK3CG,935
KDR,PIK3CG,520
KDR,PIK3CG,520
PIK3CA,PIK3CG,919
PIK3CA,PIK3CG,919
CBL,PIK3CG,926
CBL,PIK3CG,926
EGFR,PIK3CG,545
EGFR,PIK3CG,545
FLT1,PIK3CG,801
FLT1,PIK3CG,801
GNAQ,PIK3CG,572
GNAQ,PIK3CG,572
KIT,PIK3CG,787
KIT,PIK3CG,787
MAP2K1,PIK3CG,947
MAP2K1,PIK3CG,947
IRS1,PIK3CG,949
IRS1,PIK3CG,949
SOCS1,PIK3CG,607
SOCS1,PIK3CG,607
SOCS3,PIK3CG,617
SOCS3,PIK3CG,617
PDGFB,PIK3CG,929
PDGFB,PIK3CG,929
LCK,PIK3CG,742
LCK,PIK3CG,742
PTPN11,PIK3CG,630
PTPN11,PIK3CG,630
PTK2,PIK3CG,863
PTK2,PIK3CG,863
FYN,PIK3CG,933
FYN,PIK3CG,933
CD4,TFRC,897
CD4,TFRC,897
TNFRSF1A,TFRC,675
TNFRSF1A,TFRC,675
EPOR,TFRC,611
EPOR,TFRC,611
IL2,TFRC,603
IL2,TFRC,603
GAPDH,TFRC,643
GAPDH,TFRC,643
EPO,TFRC,744
EPO,TFRC,744
KRAS,TFRC,517
KRAS,TFRC,517
ICAM1,TFRC,526
ICAM1,TFRC,526
ZAP70,TFRC,691
ZAP70,TFRC,691
EGF,TFRC,522
EGF,TFRC,522
TP53,TFRC,522
TP53,TFRC,522
ERBB2,TFRC,683
ERBB2,TFRC,683
EGFR,TFRC,631
EGFR,TFRC,631
KIT,TFRC,692
KIT,TFRC,692
ALB,TFRC,801
ALB,TFRC,801
ANXA5,TFRC,635
ANXA5,TFRC,635
IL3,TFRC,517
IL3,TFRC,517
ARF6,TFRC,620
ARF6,TFRC,620
HSPA4,TFRC,691
HSPA4,TFRC,691
CD34,TFRC,713
CD34,TFRC,713
CD28,TFRC,503
CD28,TFRC,503
LCK,TFRC,605
LCK,TFRC,605
CAV1,TFRC,670
CAV1,TFRC,670
CD4,STAT1,766
CD4,STAT1,766
TNFRSF1A,STAT1,958
TNFRSF1A,STAT1,958
MAPK1,STAT1,963
MAPK1,STAT1,963
NFKBIA,STAT1,732
NFKBIA,STAT1,732
EPOR,STAT1,938
EPOR,STAT1,938
CSF3,STAT1,525
CSF3,STAT1,525
CCL2,STAT1,672
CCL2,STAT1,672
IL2,STAT1,968
IL2,STAT1,968
CCND1,STAT1,895
CCND1,STAT1,895
IFNG,STAT1,983
IFNG,STAT1,983
GAPDH,STAT1,667
GAPDH,STAT1,667
MAPK14,STAT1,963
MAPK14,STAT1,963
IL4,STAT1,717
IL4,STAT1,717
IL5,STAT1,559
IL5,STAT1,559
NR3C1,STAT1,796
NR3C1,STAT1,796
PLCG1,STAT1,505
PLCG1,STAT1,505
LIF,STAT1,523
LIF,STAT1,523
EPO,STAT1,947
EPO,STAT1,947
PDGFRA,STAT1,896
PDGFRA,STAT1,896
TLR2,STAT1,659
TLR2,STAT1,659
PDGFRB,STAT1,977
PDGFRB,STAT1,977
MAPK3,STAT1,969
MAPK3,STAT1,969
EP300,STAT1,999
EP300,STAT1,999
IL1A,STAT1,519
IL1A,STAT1,519
IL1B,STAT1,746
IL1B,STAT1,746
IL7,STAT1,525
IL7,STAT1,525
STAT3,STAT1,988
STAT3,STAT1,988
ICAM1,STAT1,609
ICAM1,STAT1,609
EGF,STAT1,956
EGF,STAT1,956
TP53,STAT1,927
TP53,STAT1,927
ERBB2,STAT1,800
ERBB2,STAT1,800
EGFR,STAT1,996
EGFR,STAT1,996
IFNA1,STAT1,858
IFNA1,STAT1,858
PPARG,STAT1,854
PPARG,STAT1,854
KIT,STAT1,909
KIT,STAT1,909
STAT5B,STAT1,939
STAT5B,STAT1,939
ALB,STAT1,589
ALB,STAT1,589
ANXA5,STAT1,532
ANXA5,STAT1,532
IL15,STAT1,625
IL15,STAT1,625
CSF2,STAT1,962
CSF2,STAT1,962
STAT6,STAT1,866
STAT6,STAT1,866
BCL2L1,STAT1,620
BCL2L1,STAT1,620
HSPA4,STAT1,680
HSPA4,STAT1,680
IL13,STAT1,857
IL13,STAT1,857
FOS,STAT1,941
FOS,STAT1,941
CXCL8,STAT1,679
CXCL8,STAT1,679
CASP3,STAT1,701
CASP3,STAT1,701
LEP,STAT1,529
LEP,STAT1,529
CD28,STAT1,578
CD28,STAT1,578
CSF1,STAT1,568
CSF1,STAT1,568
SP1,STAT1,674
SP1,STAT1,674
SOCS1,STAT1,941
SOCS1,STAT1,941
SOCS3,STAT1,982
SOCS3,STAT1,982
PDGFB,STAT1,921
PDGFB,STAT1,921
HSP90AA1,STAT1,942
HSP90AA1,STAT1,942
LCK,STAT1,959
LCK,STAT1,959
FGFR3,STAT1,959
FGFR3,STAT1,959
PTPN11,STAT1,990
PTPN11,STAT1,990
PTK2,STAT1,839
PTK2,STAT1,839
STAT5A,STAT1,969
STAT5A,STAT1,969
JAK1,STAT1,999
JAK1,STAT1,999
CTNNB1,STAT1,569
CTNNB1,STAT1,569
PDGFA,STAT1,659
PDGFA,STAT1,659
FYN,STAT1,953
FYN,STAT1,953
CD4,MTOR,607
CD4,MTOR,607
MAPK1,MTOR,699
MAPK1,MTOR,699
NFKBIA,MTOR,649
NFKBIA,MTOR,649
PIK3R2,MTOR,935
PIK3R2,MTOR,935
HGF,MTOR,522
HGF,MTOR,522
IL2,MTOR,959
IL2,MTOR,959
CCND1,MTOR,697
CCND1,MTOR,697
CDKN1B,MTOR,563
CDKN1B,MTOR,563
GAPDH,MTOR,694
GAPDH,MTOR,694
MAPK14,MTOR,626
MAPK14,MTOR,626
IL4,MTOR,689
IL4,MTOR,689
PLEK,MTOR,957
PLEK,MTOR,957
PLCG1,MTOR,722
PLCG1,MTOR,722
RAC2,MTOR,607
RAC2,MTOR,607
RAF1,MTOR,584
RAF1,MTOR,584
KRAS,MTOR,854
KRAS,MTOR,854
CDK4,MTOR,639
CDK4,MTOR,639
MDM2,MTOR,564
MDM2,MTOR,564
CDH1,MTOR,543
CDH1,MTOR,543
PDGFRB,MTOR,533
PDGFRB,MTOR,533
PIK3R3,MTOR,906
PIK3R3,MTOR,906
MAPK3,MTOR,788
MAPK3,MTOR,788
EP300,MTOR,629
EP300,MTOR,629
IL1B,MTOR,602
IL1B,MTOR,602
AKT3,MTOR,966
AKT3,MTOR,966
KDR,MTOR,677
KDR,MTOR,677
PIK3CA,MTOR,957
PIK3CA,MTOR,957
FGF2,MTOR,506
FGF2,MTOR,506
STAT3,MTOR,994
STAT3,MTOR,994
EGF,MTOR,963
EGF,MTOR,963
ERBB3,MTOR,538
ERBB3,MTOR,538
IQGAP1,MTOR,876
IQGAP1,MTOR,876
TP53,MTOR,862
TP53,MTOR,862
ERBB2,MTOR,717
ERBB2,MTOR,717
EGFR,MTOR,978
EGFR,MTOR,978
NTRK2,MTOR,752
NTRK2,MTOR,752
ATM,MTOR,588
ATM,MTOR,588
FBXW7,MTOR,701
FBXW7,MTOR,701
PPARG,MTOR,961
PPARG,MTOR,961
KIT,MTOR,589
KIT,MTOR,589
STAT5B,MTOR,521
STAT5B,MTOR,521
ALB,MTOR,629
ALB,MTOR,629
ANXA5,MTOR,614
ANXA5,MTOR,614
LRRK2,MTOR,662
LRRK2,MTOR,662
MAP2K1,MTOR,683
MAP2K1,MTOR,683
BCL2L1,MTOR,855
BCL2L1,MTOR,855
IGF1,MTOR,782
IGF1,MTOR,782
HSPA4,MTOR,593
HSPA4,MTOR,593
INSR,MTOR,600
INSR,MTOR,600
IRS1,MTOR,994
IRS1,MTOR,994
CXCL8,MTOR,505
CXCL8,MTOR,505
CYCS,MTOR,615
CYCS,MTOR,615
TERT,MTOR,958
TERT,MTOR,958
CASP3,MTOR,714
CASP3,MTOR,714
LEP,MTOR,685
LEP,MTOR,685
MET,MTOR,638
MET,MTOR,638
HSPA5,MTOR,517
HSPA5,MTOR,517
CD28,MTOR,517
CD28,MTOR,517
PGR,MTOR,507
PGR,MTOR,507
SP1,MTOR,517
SP1,MTOR,517
CASP9,MTOR,601
CASP9,MTOR,601
SOCS3,MTOR,504
SOCS3,MTOR,504
HSP90AA1,MTOR,976
HSP90AA1,MTOR,976
STAT5A,MTOR,525
STAT5A,MTOR,525
SMAD4,MTOR,561
SMAD4,MTOR,561
CTNNB1,MTOR,693
CTNNB1,MTOR,693
FN1,MTOR,501
FN1,MTOR,501
RET,MTOR,522
RET,MTOR,522
RAC1,MTOR,601
RAC1,MTOR,601
NF1,MTOR,618
NF1,MTOR,618
CASP8,MTOR,579
CASP8,MTOR,579
PIK3CG,MTOR,792
PIK3CG,MTOR,792
STAT1,MTOR,944
STAT1,MTOR,944
CD4,CD247,989
CD4,CD247,989
CSK,CD247,968
CSK,CD247,968
PIK3R2,CD247,603
PIK3R2,CD247,603
IL2,CD247,970
IL2,CD247,970
IFNG,CD247,569
IFNG,CD247,569
PLCG1,CD247,818
PLCG1,CD247,818
IL7,CD247,531
IL7,CD247,531
PIK3CA,CD247,905
PIK3CA,CD247,905
CBL,CD247,954
CBL,CD247,954
STAT3,CD247,549
STAT3,CD247,549
ZAP70,CD247,999
ZAP70,CD247,999
ERBB2,CD247,556
ERBB2,CD247,556
EGFR,CD247,580
EGFR,CD247,580
STAT5B,CD247,547
STAT5B,CD247,547
IL15,CD247,611
IL15,CD247,611
CSF2,CD247,505
CSF2,CD247,505
CRK,CD247,634
CRK,CD247,634
CD28,CD247,995
CD28,CD247,995
LCK,CD247,999
LCK,CD247,999
PTPN11,CD247,974
PTPN11,CD247,974
STAT5A,CD247,563
STAT5A,CD247,563
FYN,CD247,993
FYN,CD247,993
RAC1,CD247,905
RAC1,CD247,905
FGF4,GAB2,508
FGF4,GAB2,508
MAPK1,GAB2,958
MAPK1,GAB2,958
PIK3R2,GAB2,868
PIK3R2,GAB2,868
HGF,GAB2,919
HGF,GAB2,919
IL2,GAB2,917
IL2,GAB2,917
IL5,GAB2,508
IL5,GAB2,508
PLCG1,GAB2,513
PLCG1,GAB2,513
KRAS,GAB2,932
KRAS,GAB2,932
PDGFRA,GAB2,663
PDGFRA,GAB2,663
PDGFRB,GAB2,693
PDGFRB,GAB2,693
PIK3R3,GAB2,814
PIK3R3,GAB2,814
GAB1,GAB2,922
GAB1,GAB2,922
MAPK3,GAB2,963
MAPK3,GAB2,963
PIK3CA,GAB2,940
PIK3CA,GAB2,940
FGF2,GAB2,534
FGF2,GAB2,534
STAT3,GAB2,516
STAT3,GAB2,516
ZAP70,GAB2,606
ZAP70,GAB2,606
EGFR,GAB2,953
EGFR,GAB2,953
KIT,GAB2,969
KIT,GAB2,969
STAT5B,GAB2,843
STAT5B,GAB2,843
IL15,GAB2,638
IL15,GAB2,638
IL3,GAB2,933
IL3,GAB2,933
CSF2,GAB2,910
CSF2,GAB2,910
CRK,GAB2,950
CRK,GAB2,950
MAP2K1,GAB2,915
MAP2K1,GAB2,915
INSR,GAB2,611
INSR,GAB2,611
IRS1,GAB2,604
IRS1,GAB2,604
MET,GAB2,973
MET,GAB2,973
CD28,GAB2,943
CD28,GAB2,943
FGF3,GAB2,517
FGF3,GAB2,517
LCK,GAB2,946
LCK,GAB2,946
FGFR3,GAB2,511
FGFR3,GAB2,511
PTPN11,GAB2,999
PTPN11,GAB2,999
STAT5A,GAB2,990
STAT5A,GAB2,990
JAK1,GAB2,917
JAK1,GAB2,917
CRKL,GAB2,982
CRKL,GAB2,982
FYN,GAB2,964
FYN,GAB2,964
RET,GAB2,613
RET,GAB2,613
CD4,BECN1,525
CD4,BECN1,525
PIK3R2,BECN1,627
PIK3R2,BECN1,627
CCND1,BECN1,693
CCND1,BECN1,693
GAPDH,BECN1,741
GAPDH,BECN1,741
PIK3R3,BECN1,583
PIK3R3,BECN1,583
MAPK3,BECN1,784
MAPK3,BECN1,784
IL1B,BECN1,595
IL1B,BECN1,595
PIK3CA,BECN1,867
PIK3CA,BECN1,867
STAT3,BECN1,800
STAT3,BECN1,800
TP53,BECN1,896
TP53,BECN1,896
ERBB2,BECN1,975
ERBB2,BECN1,975
EGFR,BECN1,974
EGFR,BECN1,974
APP,BECN1,663
APP,BECN1,663
ALB,BECN1,634
ALB,BECN1,634
ANXA5,BECN1,736
ANXA5,BECN1,736
LRRK2,BECN1,692
LRRK2,BECN1,692
BCL2L1,BECN1,999
BCL2L1,BECN1,999
HSPA4,BECN1,830
HSPA4,BECN1,830
IRS1,BECN1,960
IRS1,BECN1,960
CYCS,BECN1,721
CYCS,BECN1,721
CASP3,BECN1,894
CASP3,BECN1,894
HSPA5,BECN1,823
HSPA5,BECN1,823
SOCS1,BECN1,560
SOCS1,BECN1,560
CASP9,BECN1,763
CASP9,BECN1,763
SOCS3,BECN1,576
SOCS3,BECN1,576
HSP90AA1,BECN1,926
HSP90AA1,BECN1,926
SNCA,BECN1,574
SNCA,BECN1,574
CAV1,BECN1,839
CAV1,BECN1,839
CTNNB1,BECN1,585
CTNNB1,BECN1,585
CASP8,BECN1,778
CASP8,BECN1,778
PIK3CG,BECN1,956
PIK3CG,BECN1,956
MTOR,BECN1,934
MTOR,BECN1,934
MAPK1,PARP1,741
MAPK1,PARP1,741
CCND1,PARP1,553
CCND1,PARP1,553
GAPDH,PARP1,721
GAPDH,PARP1,721
SNAI1,PARP1,718
SNAI1,PARP1,718
CCNB1,PARP1,557
CCNB1,PARP1,557
CDK4,PARP1,546
CDK4,PARP1,546
SMAD2,PARP1,665
SMAD2,PARP1,665
MAPK3,PARP1,700
MAPK3,PARP1,700
EP300,PARP1,903
EP300,PARP1,903
STAT3,PARP1,585
STAT3,PARP1,585
TP53,PARP1,983
TP53,PARP1,983
ERBB2,PARP1,624
ERBB2,PARP1,624
RPS27A,PARP1,707
RPS27A,PARP1,707
EGFR,PARP1,644
EGFR,PARP1,644
ATM,PARP1,969
ATM,PARP1,969
ALB,PARP1,556
ALB,PARP1,556
ANXA5,PARP1,732
ANXA5,PARP1,732
NPM1,PARP1,864
NPM1,PARP1,864
STAT6,PARP1,731
STAT6,PARP1,731
BCL2L1,PARP1,651
BCL2L1,PARP1,651
HSPA4,PARP1,766
HSPA4,PARP1,766
CTNNA1,PARP1,558
CTNNA1,PARP1,558
UBB,PARP1,703
UBB,PARP1,703
CYCS,PARP1,735
CYCS,PARP1,735
CASP3,PARP1,998
CASP3,PARP1,998
SOX2,PARP1,714
SOX2,PARP1,714
PGR,PARP1,531
PGR,PARP1,531
CASP9,PARP1,949
CASP9,PARP1,949
SMAD3,PARP1,730
SMAD3,PARP1,730
HSP90AA1,PARP1,834
HSP90AA1,PARP1,834
SMAD4,PARP1,670
SMAD4,PARP1,670
CTNNB1,PARP1,656
CTNNB1,PARP1,656
CASP8,PARP1,809
CASP8,PARP1,809
BECN1,PARP1,512
BECN1,PARP1,512
VCL,EZR,756
VCL,EZR,756
PLEK,EZR,619
PLEK,EZR,619
RAC2,EZR,567
RAC2,EZR,567
CDH1,EZR,888
CDH1,EZR,888
ICAM1,EZR,998
ICAM1,EZR,998
ZAP70,EZR,857
ZAP70,EZR,857
EGF,EZR,508
EGF,EZR,508
PXN,EZR,973
PXN,EZR,973
IQGAP1,EZR,679
IQGAP1,EZR,679
ERBB2,EZR,848
ERBB2,EZR,848
EGFR,EZR,835
EGFR,EZR,835
TJP1,EZR,945
TJP1,EZR,945
ALB,EZR,544
ALB,EZR,544
ARF6,EZR,543
ARF6,EZR,543
LRRK2,EZR,552
LRRK2,EZR,552
HSPA4,EZR,505
HSPA4,EZR,505
PRKACA,EZR,805
PRKACA,EZR,805
CASP9,EZR,624
CASP9,EZR,624
HSP90AA1,EZR,897
HSP90AA1,EZR,897
LCK,EZR,502
LCK,EZR,502
PTK2,EZR,967
PTK2,EZR,967
CTNNB1,EZR,876
CTNNB1,EZR,876
ANXA2,EZR,653
ANXA2,EZR,653
FN1,EZR,597
FN1,EZR,597
FAS,EZR,961
FAS,EZR,961
RAC1,EZR,955
RAC1,EZR,955
CASP8,EZR,942
CASP8,EZR,942
CD4,PTGS2,583
CD4,PTGS2,583
NFKBIA,PTGS2,795
NFKBIA,PTGS2,795
TIMP1,PTGS2,585
TIMP1,PTGS2,585
MMP2,PTGS2,663
MMP2,PTGS2,663
TGFB1,PTGS2,590
TGFB1,PTGS2,590
HGF,PTGS2,571
HGF,PTGS2,571
SERPINE1,PTGS2,569
SERPINE1,PTGS2,569
CSF3,PTGS2,536
CSF3,PTGS2,536
CCL2,PTGS2,774
CCL2,PTGS2,774
IL2,PTGS2,577
IL2,PTGS2,577
CCND1,PTGS2,678
CCND1,PTGS2,678
IFNG,PTGS2,643
IFNG,PTGS2,643
GAPDH,PTGS2,690
GAPDH,PTGS2,690
MAPK14,PTGS2,633
MAPK14,PTGS2,633
HBEGF,PTGS2,628
HBEGF,PTGS2,628
IL4,PTGS2,655
IL4,PTGS2,655
EREG,PTGS2,568
EREG,PTGS2,568
KRAS,PTGS2,566
KRAS,PTGS2,566
MDM2,PTGS2,590
MDM2,PTGS2,590
TLR2,PTGS2,646
TLR2,PTGS2,646
CDH1,PTGS2,581
CDH1,PTGS2,581
MAPK3,PTGS2,780
MAPK3,PTGS2,780
EP300,PTGS2,680
EP300,PTGS2,680
IL1A,PTGS2,737
IL1A,PTGS2,737
IL1B,PTGS2,944
IL1B,PTGS2,944
FGF2,PTGS2,578
FGF2,PTGS2,578
STAT3,PTGS2,967
STAT3,PTGS2,967
ICAM1,PTGS2,728
ICAM1,PTGS2,728
EGF,PTGS2,642
EGF,PTGS2,642
TP53,PTGS2,994
TP53,PTGS2,994
ERBB2,PTGS2,702
ERBB2,PTGS2,702
EGFR,PTGS2,706
EGFR,PTGS2,706
APP,PTGS2,608
APP,PTGS2,608
PPARG,PTGS2,862
PPARG,PTGS2,862
HPGDS,PTGS2,951
HPGDS,PTGS2,951
ALB,PTGS2,703
ALB,PTGS2,703
ANXA5,PTGS2,514
ANXA5,PTGS2,514
CSF2,PTGS2,626
CSF2,PTGS2,626
MMP3,PTGS2,691
MMP3,PTGS2,691
BCL2L1,PTGS2,602
BCL2L1,PTGS2,602
IGF1,PTGS2,573
IGF1,PTGS2,573
HSPA4,PTGS2,605
HSPA4,PTGS2,605
IL13,PTGS2,563
IL13,PTGS2,563
FOS,PTGS2,690
FOS,PTGS2,690
CXCL8,PTGS2,943
CXCL8,PTGS2,943
CYCS,PTGS2,568
CYCS,PTGS2,568
CASP3,PTGS2,721
CASP3,PTGS2,721
LEP,PTGS2,523
LEP,PTGS2,523
PGR,PTGS2,586
PGR,PTGS2,586
CSF1,PTGS2,504
CSF1,PTGS2,504
CASP9,PTGS2,568
CASP9,PTGS2,568
SOCS3,PTGS2,535
SOCS3,PTGS2,535
CAV1,PTGS2,930
CAV1,PTGS2,930
CTNNB1,PTGS2,800
CTNNB1,PTGS2,800
FN1,PTGS2,654
FN1,PTGS2,654
CASP8,PTGS2,538
CASP8,PTGS2,538
STAT1,PTGS2,593
STAT1,PTGS2,593
MTOR,PTGS2,535
MTOR,PTGS2,535
TIMP1,CCN2,724
TIMP1,CCN2,724
MMP2,CCN2,752
MMP2,CCN2,752
TGFB1,CCN2,987
TGFB1,CCN2,987
HGF,CCN2,562
HGF,CCN2,562
SERPINE1,CCN2,790
SERPINE1,CCN2,790
CCL2,CCN2,640
CCL2,CCN2,640
CCND1,CCN2,620
CCND1,CCN2,620
GAPDH,CCN2,673
GAPDH,CCN2,673
SNAI1,CCN2,568
SNAI1,CCN2,568
BMP4,CCN2,984
BMP4,CCN2,984
SOX9,CCN2,559
SOX9,CCN2,559
THBS1,CCN2,770
THBS1,CCN2,770
CDH1,CCN2,616
CDH1,CCN2,616
SMAD2,CCN2,791
SMAD2,CCN2,791
MAPK3,CCN2,573
MAPK3,CCN2,573
IL1B,CCN2,601
IL1B,CCN2,601
FGF2,CCN2,765
FGF2,CCN2,765
STAT3,CCN2,505
STAT3,CCN2,505
ICAM1,CCN2,534
ICAM1,CCN2,534
EGF,CCN2,612
EGF,CCN2,612
FGF7,CCN2,502
FGF7,CCN2,502
CDH2,CCN2,514
CDH2,CCN2,514
TP53,CCN2,539
TP53,CCN2,539
EGFR,CCN2,827
EGFR,CCN2,827
PPARG,CCN2,557
PPARG,CCN2,557
ALB,CCN2,619
ALB,CCN2,619
MMP3,CCN2,663
MMP3,CCN2,663
IGF1,CCN2,728
IGF1,CCN2,728
CXCL8,CCN2,556
CXCL8,CCN2,556
FGF13,CCN2,517
FGF13,CCN2,517
PDGFB,CCN2,539
PDGFB,CCN2,539
SMAD3,CCN2,763
SMAD3,CCN2,763
CAV1,CCN2,587
CAV1,CCN2,587
SMAD4,CCN2,665
SMAD4,CCN2,665
CTNNB1,CCN2,636
CTNNB1,CCN2,636
PDGFA,CCN2,527
PDGFA,CCN2,527
FN1,CCN2,993
FN1,CCN2,993
TGFBR2,CCN2,965
TGFBR2,CCN2,965
PTGS2,CCN2,512
PTGS2,CCN2,512
FGF4,NES,526
FGF4,NES,526
NGFR,NES,656
NGFR,NES,656
CCND1,NES,579
CCND1,NES,579
GAPDH,NES,700
GAPDH,NES,700
NANOG,NES,837
NANOG,NES,837
NR3C1,NES,690
NR3C1,NES,690
BMP4,NES,639
BMP4,NES,639
SOX9,NES,651
SOX9,NES,651
LIF,NES,648
LIF,NES,648
PDGFRA,NES,650
PDGFRA,NES,650
POU5F1,NES,857
POU5F1,NES,857
CDH1,NES,515
CDH1,NES,515
PDGFRB,NES,609
PDGFRB,NES,609
KDR,NES,570
KDR,NES,570
FGF2,NES,868
FGF2,NES,868
STAT3,NES,532
STAT3,NES,532
EGF,NES,824
EGF,NES,824
CDH2,NES,624
CDH2,NES,624
TP53,NES,603
TP53,NES,603
EGFR,NES,600
EGFR,NES,600
TJP1,NES,525
TJP1,NES,525
KIT,NES,610
KIT,NES,610
WNT1,NES,527
WNT1,NES,527
ALB,NES,718
ALB,NES,718
SHH,NES,695
SHH,NES,695
IGF1,NES,529
IGF1,NES,529
CD34,NES,714
CD34,NES,714
CASP3,NES,670
CASP3,NES,670
FGF8,NES,592
FGF8,NES,592
FGF13,NES,691
FGF13,NES,691
SOX2,NES,900
SOX2,NES,900
PDGFB,NES,549
PDGFB,NES,549
CDH5,NES,606
CDH5,NES,606
CTNNB1,NES,625
CTNNB1,NES,625
FN1,NES,705
FN1,NES,705
CD4,IL6R,627
CD4,IL6R,627
TNFRSF1A,IL6R,688
TNFRSF1A,IL6R,688
MAPK1,IL6R,911
MAPK1,IL6R,911
CSF3,IL6R,728
CSF3,IL6R,728
CCL2,IL6R,519
CCL2,IL6R,519
IL2,IL6R,804
IL2,IL6R,804
IFNG,IL6R,775
IFNG,IL6R,775
IL4,IL6R,801
IL4,IL6R,801
IL5,IL6R,745
IL5,IL6R,745
PLCG1,IL6R,817
PLCG1,IL6R,817
LIF,IL6R,764
LIF,IL6R,764
EPO,IL6R,663
EPO,IL6R,663
GAB1,IL6R,901
GAB1,IL6R,901
MAPK3,IL6R,931
MAPK3,IL6R,931
IL1A,IL6R,513
IL1A,IL6R,513
IL1B,IL6R,648
IL1B,IL6R,648
IL7,IL6R,747
IL7,IL6R,747
CBL,IL6R,617
CBL,IL6R,617
STAT3,IL6R,986
STAT3,IL6R,986
ICAM1,IL6R,946
ICAM1,IL6R,946
EGF,IL6R,734
EGF,IL6R,734
ERBB2,IL6R,948
ERBB2,IL6R,948
EGFR,IL6R,569
EGFR,IL6R,569
IFNA1,IL6R,746
IFNA1,IL6R,746
IL15,IL6R,772
IL15,IL6R,772
IL3,IL6R,741
IL3,IL6R,741
CSF2,IL6R,778
CSF2,IL6R,778
MAP2K1,IL6R,912
MAP2K1,IL6R,912
IL13,IL6R,773
IL13,IL6R,773
CXCL8,IL6R,667
CXCL8,IL6R,667
LEP,IL6R,715
LEP,IL6R,715
SOCS3,IL6R,958
SOCS3,IL6R,958
PDGFB,IL6R,658
PDGFB,IL6R,658
PTPN11,IL6R,931
PTPN11,IL6R,931
JAK1,IL6R,967
JAK1,IL6R,967
PDGFA,IL6R,638
PDGFA,IL6R,638
STAT1,IL6R,950
STAT1,IL6R,950
GAB2,IL6R,902
GAB2,IL6R,902
CD4,MKI67,671
CD4,MKI67,671
CCND1,MKI67,760
CCND1,MKI67,760
CDKN1B,MKI67,530
CDKN1B,MKI67,530
IFNG,MKI67,580
IFNG,MKI67,580
GAPDH,MKI67,511
GAPDH,MKI67,511
SOX9,MKI67,507
SOX9,MKI67,507
KRAS,MKI67,559
KRAS,MKI67,559
CCNB1,MKI67,920
CCNB1,MKI67,920
CDK4,MKI67,600
CDK4,MKI67,600
CDH1,MKI67,662
CDH1,MKI67,662
MAPK3,MKI67,575
MAPK3,MKI67,575
EPCAM,MKI67,550
EPCAM,MKI67,550
KDR,MKI67,512
KDR,MKI67,512
FGF2,MKI67,544
FGF2,MKI67,544
STAT3,MKI67,587
STAT3,MKI67,587
EGF,MKI67,580
EGF,MKI67,580
CDH2,MKI67,523
CDH2,MKI67,523
TP53,MKI67,749
TP53,MKI67,749
ERBB2,MKI67,704
ERBB2,MKI67,704
CCNA2,MKI67,957
CCNA2,MKI67,957
EGFR,MKI67,604
EGFR,MKI67,604
KIT,MKI67,540
KIT,MKI67,540
ALB,MKI67,570
ALB,MKI67,570
ANXA5,MKI67,665
ANXA5,MKI67,665
SHH,MKI67,565
SHH,MKI67,565
CD34,MKI67,564
CD34,MKI67,564
CASP3,MKI67,729
CASP3,MKI67,729
EZH2,MKI67,742
EZH2,MKI67,742
SOX2,MKI67,590
SOX2,MKI67,590
PGR,MKI67,736
PGR,MKI67,736
CTNNB1,MKI67,690
CTNNB1,MKI67,690
FN1,MKI67,533
FN1,MKI67,533
NES,MKI67,678
NES,MKI67,678
TNFRSF1A,MCL1,560
TNFRSF1A,MCL1,560
MAPK1,MCL1,680
MAPK1,MCL1,680
NFKBIA,MCL1,585
NFKBIA,MCL1,585
CCND1,MCL1,761
CCND1,MCL1,761
GAPDH,MCL1,737
GAPDH,MCL1,737
RAF1,MCL1,505
RAF1,MCL1,505
KRAS,MCL1,590
KRAS,MCL1,590
CCNB1,MCL1,589
CCNB1,MCL1,589
CDK4,MCL1,604
CDK4,MCL1,604
MDM2,MCL1,755
MDM2,MCL1,755
MAPK3,MCL1,659
MAPK3,MCL1,659
STAT3,MCL1,977
STAT3,MCL1,977
TP53,MCL1,995
TP53,MCL1,995
ERBB2,MCL1,666
ERBB2,MCL1,666
CCNA2,MCL1,522
CCNA2,MCL1,522
EGFR,MCL1,637
EGFR,MCL1,637
ATM,MCL1,524
ATM,MCL1,524
FBXW7,MCL1,984
FBXW7,MCL1,984
KIT,MCL1,517
KIT,MCL1,517
STAT5B,MCL1,614
STAT5B,MCL1,614
ANXA5,MCL1,804
ANXA5,MCL1,804
MAP2K1,MCL1,558
MAP2K1,MCL1,558
BCL2L1,MCL1,966
BCL2L1,MCL1,966
HSPA4,MCL1,733
HSPA4,MCL1,733
CYCS,MCL1,828
CYCS,MCL1,828
CASP3,MCL1,918
CASP3,MCL1,918
HSPA5,MCL1,527
HSPA5,MCL1,527
CASP9,MCL1,864
CASP9,MCL1,864
SOCS3,MCL1,939
SOCS3,MCL1,939
HSP90AA1,MCL1,956
HSP90AA1,MCL1,956
STAT5A,MCL1,623
STAT5A,MCL1,623
JAK1,MCL1,513
JAK1,MCL1,513
CTNNB1,MCL1,573
CTNNB1,MCL1,573
FAS,MCL1,603
FAS,MCL1,603
CASP8,MCL1,825
CASP8,MCL1,825
STAT1,MCL1,949
STAT1,MCL1,949
MTOR,MCL1,607
MTOR,MCL1,607
BECN1,MCL1,995
BECN1,MCL1,995
PARP1,MCL1,582
PARP1,MCL1,582
FGF4,NGF,536
FGF4,NGF,536
NGFR,NGF,999
NGFR,NGF,999
MAPK1,NGF,938
MAPK1,NGF,938
NFKBIA,NGF,931
NFKBIA,NGF,931
PIK3R2,NGF,642
PIK3R2,NGF,642
HGF,NGF,656
HGF,NGF,656
CSF3,NGF,505
CSF3,NGF,505
CCL2,NGF,615
CCL2,NGF,615
IL2,NGF,504
IL2,NGF,504
IFNG,NGF,591
IFNG,NGF,591
GAPDH,NGF,611
GAPDH,NGF,611
IL4,NGF,576
IL4,NGF,576
IL5,NGF,529
IL5,NGF,529
PLCG1,NGF,967
PLCG1,NGF,967
LIF,NGF,615
LIF,NGF,615
EPO,NGF,506
EPO,NGF,506
PDGFRA,NGF,682
PDGFRA,NGF,682
TLR2,NGF,500
TLR2,NGF,500
PDGFRB,NGF,729
PDGFRB,NGF,729
FLT4,NGF,682
FLT4,NGF,682
GAB1,NGF,914
GAB1,NGF,914
MAPK3,NGF,964
MAPK3,NGF,964
IL1A,NGF,518
IL1A,NGF,518
IL1B,NGF,704
IL1B,NGF,704
KDR,NGF,761
KDR,NGF,761
PIK3CA,NGF,916
PIK3CA,NGF,916
FGF2,NGF,857
FGF2,NGF,857
STAT3,NGF,950
STAT3,NGF,950
ICAM1,NGF,534
ICAM1,NGF,534
EGF,NGF,785
EGF,NGF,785
ERBB3,NGF,727
ERBB3,NGF,727
FGF7,NGF,592
FGF7,NGF,592
TP53,NGF,590
TP53,NGF,590
ERBB2,NGF,742
ERBB2,NGF,742
RPS27A,NGF,900
RPS27A,NGF,900
RASA1,NGF,906
RASA1,NGF,906
EGFR,NGF,805
EGFR,NGF,805
NTRK2,NGF,992
NTRK2,NGF,992
FLT1,NGF,719
FLT1,NGF,719
APP,NGF,782
APP,NGF,782
KIT,NGF,757
KIT,NGF,757
FGFR4,NGF,652
FGFR4,NGF,652
FGF19,NGF,562
FGF19,NGF,562
ALB,NGF,844
ALB,NGF,844
IL3,NGF,608
IL3,NGF,608
CSF2,NGF,528
CSF2,NGF,528
SHH,NGF,615
SHH,NGF,615
CRK,NGF,943
CRK,NGF,943
IGF1,NGF,747
IGF1,NGF,747
HSPA4,NGF,654
HSPA4,NGF,654
INSR,NGF,647
INSR,NGF,647
UBB,NGF,900
UBB,NGF,900
IRS1,NGF,723
IRS1,NGF,723
IL13,NGF,504
IL13,NGF,504
FOS,NGF,710
FOS,NGF,710
CXCL8,NGF,599
CXCL8,NGF,599
CYCS,NGF,954
CYCS,NGF,954
CASP3,NGF,966
CASP3,NGF,966
MET,NGF,712
MET,NGF,712
FGF8,NGF,565
FGF8,NGF,565
FGF13,NGF,657
FGF13,NGF,657
FGF3,NGF,570
FGF3,NGF,570
SNCA,NGF,520
SNCA,NGF,520
FGFR3,NGF,665
FGFR3,NGF,665
MAPT,NGF,510
MAPT,NGF,510
PTPN11,NGF,967
PTPN11,NGF,967
ERBB4,NGF,721
ERBB4,NGF,721
CRKL,NGF,911
CRKL,NGF,911
FN1,NGF,663
FN1,NGF,663
RET,NGF,502
RET,NGF,502
RAC1,NGF,923
RAC1,NGF,923
EPHA2,NGF,662
EPHA2,NGF,662
TFRC,NGF,686
TFRC,NGF,686
PTGS2,NGF,542
PTGS2,NGF,542
NES,NGF,645
NES,NGF,645
GNA11,NRAS,747
GNA11,NRAS,747
FGF4,NRAS,918
FGF4,NRAS,918
VCL,NRAS,699
VCL,NRAS,699
MAPK1,NRAS,977
MAPK1,NRAS,977
CSK,NRAS,699
CSK,NRAS,699
EPOR,NRAS,917
EPOR,NRAS,917
PIK3R2,NRAS,855
PIK3R2,NRAS,855
HGF,NRAS,932
HGF,NRAS,932
IL2,NRAS,936
IL2,NRAS,936
CCND1,NRAS,619
CCND1,NRAS,619
HBEGF,NRAS,906
HBEGF,NRAS,906
FGF23,NRAS,903
FGF23,NRAS,903
EREG,NRAS,913
EREG,NRAS,913
RAF1,NRAS,999
RAF1,NRAS,999
EPO,NRAS,915
EPO,NRAS,915
KRAS,NRAS,984
KRAS,NRAS,984
PDGFRA,NRAS,947
PDGFRA,NRAS,947
CDK4,NRAS,699
CDK4,NRAS,699
MDM2,NRAS,513
MDM2,NRAS,513
PDGFRB,NRAS,953
PDGFRB,NRAS,953
PIK3R3,NRAS,840
PIK3R3,NRAS,840
GAB1,NRAS,522
GAB1,NRAS,522
MAPK3,NRAS,983
MAPK3,NRAS,983
AKT3,NRAS,626
AKT3,NRAS,626
KDR,NRAS,526
KDR,NRAS,526
PIK3CA,NRAS,987
PIK3CA,NRAS,987
CBL,NRAS,616
CBL,NRAS,616
FGF2,NRAS,930
FGF2,NRAS,930
FGF10,NRAS,907
FGF10,NRAS,907
ICAM1,NRAS,820
ICAM1,NRAS,820
EGF,NRAS,943
EGF,NRAS,943
ERBB3,NRAS,972
ERBB3,NRAS,972
FGF7,NRAS,910
FGF7,NRAS,910
IQGAP1,NRAS,761
IQGAP1,NRAS,761
TP53,NRAS,770
TP53,NRAS,770
ERBB2,NRAS,977
ERBB2,NRAS,977
RPS27A,NRAS,905
RPS27A,NRAS,905
RASA1,NRAS,964
RASA1,NRAS,964
EGFR,NRAS,985
EGFR,NRAS,985
NTRK2,NRAS,918
NTRK2,NRAS,918
PAK1,NRAS,938
PAK1,NRAS,938
GNAQ,NRAS,947
GNAQ,NRAS,947
KIT,NRAS,978
KIT,NRAS,978
FGFR4,NRAS,956
FGFR4,NRAS,956
FGF19,NRAS,908
FGF19,NRAS,908
TGFA,NRAS,904
TGFA,NRAS,904
CSF2,NRAS,931
CSF2,NRAS,931
NPM1,NRAS,710
NPM1,NRAS,710
MAP2K1,NRAS,981
MAP2K1,NRAS,981
UBB,NRAS,914
UBB,NRAS,914
IRS1,NRAS,930
IRS1,NRAS,930
TERT,NRAS,612
TERT,NRAS,612
MET,NRAS,957
MET,NRAS,957
EZH2,NRAS,586
EZH2,NRAS,586
FGF8,NRAS,911
FGF8,NRAS,911
PPP2R1A,NRAS,904
PPP2R1A,NRAS,904
SOCS3,NRAS,907
SOCS3,NRAS,907
PDGFB,NRAS,919
PDGFB,NRAS,919
FGF3,NRAS,917
FGF3,NRAS,917
HSP90AA1,NRAS,950
HSP90AA1,NRAS,950
LCK,NRAS,938
LCK,NRAS,938
FGFR3,NRAS,967
FGFR3,NRAS,967
PTPN11,NRAS,990
PTPN11,NRAS,990
PTK2,NRAS,927
PTK2,NRAS,927
ERBB4,NRAS,970
ERBB4,NRAS,970
JAK1,NRAS,946
JAK1,NRAS,946
CTNNB1,NRAS,702
CTNNB1,NRAS,702
CRKL,NRAS,920
CRKL,NRAS,920
PDGFA,NRAS,910
PDGFA,NRAS,910
FYN,NRAS,952
FYN,NRAS,952
FN1,NRAS,718
FN1,NRAS,718
RET,NRAS,713
RET,NRAS,713
RAC1,NRAS,935
RAC1,NRAS,935
NF1,NRAS,994
NF1,NRAS,994
PIK3CG,NRAS,962
PIK3CG,NRAS,962
MTOR,NRAS,743
MTOR,NRAS,743
GAB2,NRAS,938
GAB2,NRAS,938
MCL1,NRAS,519
MCL1,NRAS,519
CD4,FLNA,937
CD4,FLNA,937
VCL,FLNA,986
VCL,FLNA,986
CCND1,FLNA,786
CCND1,FLNA,786
MAPK14,FLNA,622
MAPK14,FLNA,622
PLEK,FLNA,957
PLEK,FLNA,957
CCNB1,FLNA,760
CCNB1,FLNA,760
CDK4,FLNA,726
CDK4,FLNA,726
SMAD2,FLNA,703
SMAD2,FLNA,703
MAPK3,FLNA,543
MAPK3,FLNA,543
WNT5A,FLNA,926
WNT5A,FLNA,926
ERBB3,FLNA,673
ERBB3,FLNA,673
PXN,FLNA,652
PXN,FLNA,652
IQGAP1,FLNA,774
IQGAP1,FLNA,774
PAK1,FLNA,970
PAK1,FLNA,970
GNAQ,FLNA,699
GNAQ,FLNA,699
ALB,FLNA,513
ALB,FLNA,513
ANXA5,FLNA,930
ANXA5,FLNA,930
CRK,FLNA,547
CRK,FLNA,547
CD28,FLNA,968
CD28,FLNA,968
SMAD3,FLNA,513
SMAD3,FLNA,513
CAV1,FLNA,990
CAV1,FLNA,990
CTNNB1,FLNA,521
CTNNB1,FLNA,521
ANXA2,FLNA,710
ANXA2,FLNA,710
FN1,FLNA,559
FN1,FLNA,559
RAC1,FLNA,812
RAC1,FLNA,812
MTOR,FLNA,534
MTOR,FLNA,534
TNFRSF1A,CHUK,997
TNFRSF1A,CHUK,997
NGFR,CHUK,914
NGFR,CHUK,914
NFKBIA,CHUK,999
NFKBIA,CHUK,999
CCND1,CHUK,531
CCND1,CHUK,531
GAPDH,CHUK,610
GAPDH,CHUK,610
TLR2,CHUK,956
TLR2,CHUK,956
SMAD2,CHUK,909
SMAD2,CHUK,909
EP300,CHUK,615
EP300,CHUK,615
IL1A,CHUK,937
IL1A,CHUK,937
IL1B,CHUK,776
IL1B,CHUK,776
AKT3,CHUK,912
AKT3,CHUK,912
STAT3,CHUK,616
STAT3,CHUK,616
TP53,CHUK,887
TP53,CHUK,887
RPS27A,CHUK,915
RPS27A,CHUK,915
EGFR,CHUK,502
EGFR,CHUK,502
IFNA1,CHUK,504
IFNA1,CHUK,504
BCL2L1,CHUK,557
BCL2L1,CHUK,557
UBB,CHUK,909
UBB,CHUK,909
IRS1,CHUK,929
IRS1,CHUK,929
CXCL8,CHUK,601
CXCL8,CHUK,601
CASP3,CHUK,615
CASP3,CHUK,615
SMAD3,CHUK,779
SMAD3,CHUK,779
HSP90AA1,CHUK,996
HSP90AA1,CHUK,996
PTPN11,CHUK,598
PTPN11,CHUK,598
CTNNB1,CHUK,773
CTNNB1,CHUK,773
FAS,CHUK,927
FAS,CHUK,927
CASP8,CHUK,987
CASP8,CHUK,987
STAT1,CHUK,559
STAT1,CHUK,559
MTOR,CHUK,958
MTOR,CHUK,958
PTGS2,CHUK,589
PTGS2,CHUK,589
NGF,CHUK,917
NGF,CHUK,917
FLNA,CHUK,911
FLNA,CHUK,911
TNFRSF1A,XIAP,845
TNFRSF1A,XIAP,845
NFKBIA,XIAP,681
NFKBIA,XIAP,681
TGFB1,XIAP,937
TGFB1,XIAP,937
CCND1,XIAP,757
CCND1,XIAP,757
GAPDH,XIAP,651
GAPDH,XIAP,651
BMP4,XIAP,910
BMP4,XIAP,910
RAF1,XIAP,931
RAF1,XIAP,931
CCNB1,XIAP,658
CCNB1,XIAP,658
CDK4,XIAP,541
CDK4,XIAP,541
MDM2,XIAP,891
MDM2,XIAP,891
MAPK3,XIAP,529
MAPK3,XIAP,529
STAT3,XIAP,631
STAT3,XIAP,631
TP53,XIAP,739
TP53,XIAP,739
RPS27A,XIAP,951
RPS27A,XIAP,951
CCNA2,XIAP,586
CCNA2,XIAP,586
EGFR,XIAP,627
EGFR,XIAP,627
NTRK2,XIAP,738
NTRK2,XIAP,738
ANXA5,XIAP,727
ANXA5,XIAP,727
BCL2L1,XIAP,908
BCL2L1,XIAP,908
HSPA4,XIAP,723
HSPA4,XIAP,723
UBB,XIAP,925
UBB,XIAP,925
CYCS,XIAP,930
CYCS,XIAP,930
CASP3,XIAP,999
CASP3,XIAP,999
CASP9,XIAP,999
CASP9,XIAP,999
HSP90AA1,XIAP,534
HSP90AA1,XIAP,534
CAV1,XIAP,932
CAV1,XIAP,932
PTK2,XIAP,610
PTK2,XIAP,610
CTNNB1,XIAP,633
CTNNB1,XIAP,633
FAS,XIAP,582
FAS,XIAP,582
RAC1,XIAP,711
RAC1,XIAP,711
CASP8,XIAP,970
CASP8,XIAP,970
TGFBR2,XIAP,924
TGFBR2,XIAP,924
PARP1,XIAP,523
PARP1,XIAP,523
MCL1,XIAP,863
MCL1,XIAP,863
CHUK,XIAP,837
CHUK,XIAP,837
CD4,JUN,691
CD4,JUN,691
TNFRSF1A,JUN,626
TNFRSF1A,JUN,626
NGFR,JUN,561
NGFR,JUN,561
MAPK1,JUN,995
MAPK1,JUN,995
NFKBIA,JUN,981
NFKBIA,JUN,981
TIMP1,JUN,557
TIMP1,JUN,557
MMP2,JUN,655
MMP2,JUN,655
CSK,JUN,651
CSK,JUN,651
TGFB1,JUN,958
TGFB1,JUN,958
HGF,JUN,515
HGF,JUN,515
SERPINE1,JUN,575
SERPINE1,JUN,575
CCL2,JUN,968
CCL2,JUN,968
IL2,JUN,969
IL2,JUN,969
CCND1,JUN,982
CCND1,JUN,982
CDKN1B,JUN,563
CDKN1B,JUN,563
IFNG,JUN,958
IFNG,JUN,958
GAPDH,JUN,768
GAPDH,JUN,768
MAPK14,JUN,989
MAPK14,JUN,989
IL4,JUN,958
IL4,JUN,958
NR3C1,JUN,998
NR3C1,JUN,998
SNAI1,JUN,903
SNAI1,JUN,903
SOX9,JUN,933
SOX9,JUN,933
RAC2,JUN,595
RAC2,JUN,595
RAF1,JUN,647
RAF1,JUN,647
EPO,JUN,937
EPO,JUN,937
KRAS,JUN,761
KRAS,JUN,761
CCNB1,JUN,573
CCNB1,JUN,573
CDK4,JUN,708
CDK4,JUN,708
MDM2,JUN,666
MDM2,JUN,666
TLR2,JUN,628
TLR2,JUN,628
CDH1,JUN,627
CDH1,JUN,627
SMAD2,JUN,921
SMAD2,JUN,921
AXIN1,JUN,564
AXIN1,JUN,564
MAPK3,JUN,991
MAPK3,JUN,991
EP300,JUN,999
EP300,JUN,999
IL1A,JUN,961
IL1A,JUN,961
IL1B,JUN,957
IL1B,JUN,957
AKT3,JUN,888
AKT3,JUN,888
KDR,JUN,531
KDR,JUN,531
FGF2,JUN,605
FGF2,JUN,605
WNT5A,JUN,573
WNT5A,JUN,573
STAT3,JUN,993
STAT3,JUN,993
ICAM1,JUN,607
ICAM1,JUN,607
EGF,JUN,701
EGF,JUN,701
ERBB3,JUN,556
ERBB3,JUN,556
RB1,JUN,967
RB1,JUN,967
PXN,JUN,603
PXN,JUN,603
CDH2,JUN,508
CDH2,JUN,508
TP53,JUN,940
TP53,JUN,940
ERBB2,JUN,687
ERBB2,JUN,687
RPS27A,JUN,737
RPS27A,JUN,737
CCNA2,JUN,559
CCNA2,JUN,559
EGFR,JUN,764
EGFR,JUN,764
IFNA1,JUN,507
IFNA1,JUN,507
NTRK2,JUN,588
NTRK2,JUN,588
PAK1,JUN,703
PAK1,JUN,703
ATM,JUN,583
ATM,JUN,583
FBXW7,JUN,991
FBXW7,JUN,991
WNT3A,JUN,521
WNT3A,JUN,521
APP,JUN,793
APP,JUN,793
PPARG,JUN,984
PPARG,JUN,984
STAT5B,JUN,676
STAT5B,JUN,676
WNT1,JUN,584
WNT1,JUN,584
HPGDS,JUN,869
HPGDS,JUN,869
ALB,JUN,698
ALB,JUN,698
ANXA5,JUN,660
ANXA5,JUN,660
CSF2,JUN,559
CSF2,JUN,559
MMP3,JUN,570
MMP3,JUN,570
STAT6,JUN,668
STAT6,JUN,668
MAP2K1,JUN,806
MAP2K1,JUN,806
BCL2L1,JUN,704
BCL2L1,JUN,704
IGF1,JUN,647
IGF1,JUN,647
HSPA4,JUN,725
HSPA4,JUN,725
IRS1,JUN,700
IRS1,JUN,700
IL13,JUN,510
IL13,JUN,510
FOS,JUN,999
FOS,JUN,999
CXCL8,JUN,957
CXCL8,JUN,957
CYCS,JUN,730
CYCS,JUN,730
PRKACA,JUN,824
PRKACA,JUN,824
CASP3,JUN,837
CASP3,JUN,837
LEP,JUN,533
LEP,JUN,533
HNF4A,JUN,892
HNF4A,JUN,892
MET,JUN,535
MET,JUN,535
EZH2,JUN,783
EZH2,JUN,783
SOX2,JUN,572
SOX2,JUN,572
HSPA5,JUN,667
HSPA5,JUN,667
CD28,JUN,511
CD28,JUN,511
PGR,JUN,637
PGR,JUN,637
SP1,JUN,998
SP1,JUN,998
CASP9,JUN,782
CASP9,JUN,782
SOCS3,JUN,593
SOCS3,JUN,593
SMAD3,JUN,999
SMAD3,JUN,999
HSP90AA1,JUN,755
HSP90AA1,JUN,755
FGFR3,JUN,933
FGFR3,JUN,933
PTK2,JUN,529
PTK2,JUN,529
STAT5A,JUN,680
STAT5A,JUN,680
SMAD4,JUN,998
SMAD4,JUN,998
ERBB4,JUN,503
ERBB4,JUN,503
JAK1,JUN,538
JAK1,JUN,538
CTNNB1,JUN,999
CTNNB1,JUN,999
FYN,JUN,557
FYN,JUN,557
FN1,JUN,685
FN1,JUN,685
FAS,JUN,504
FAS,JUN,504
RAC1,JUN,577
RAC1,JUN,577
CASP8,JUN,709
CASP8,JUN,709
STAT1,JUN,839
STAT1,JUN,839
MTOR,JUN,709
MTOR,JUN,709
CD247,JUN,915
CD247,JUN,915
BECN1,JUN,681
BECN1,JUN,681
PARP1,JUN,658
PARP1,JUN,658
PTGS2,JUN,745
PTGS2,JUN,745
CCN2,JUN,582
CCN2,JUN,582
MCL1,JUN,658
MCL1,JUN,658
NGF,JUN,679
NGF,JUN,679
NRAS,JUN,617
NRAS,JUN,617
CHUK,JUN,740
CHUK,JUN,740
XIAP,JUN,580
XIAP,JUN,580
MAPK1,HSP90AB1,942
MAPK1,HSP90AB1,942
CCND1,HSP90AB1,664
CCND1,HSP90AB1,664
GAPDH,HSP90AB1,853
GAPDH,HSP90AB1,853
MAPK14,HSP90AB1,540
MAPK14,HSP90AB1,540
NR3C1,HSP90AB1,975
NR3C1,HSP90AB1,975
PLCG1,HSP90AB1,657
PLCG1,HSP90AB1,657
RAF1,HSP90AB1,837
RAF1,HSP90AB1,837
CDK4,HSP90AB1,971
CDK4,HSP90AB1,971
MDM2,HSP90AB1,730
MDM2,HSP90AB1,730
MAPK3,HSP90AB1,953
MAPK3,HSP90AB1,953
AKT3,HSP90AB1,888
AKT3,HSP90AB1,888
KDR,HSP90AB1,570
KDR,HSP90AB1,570
STAT3,HSP90AB1,749
STAT3,HSP90AB1,749
ERBB3,HSP90AB1,577
ERBB3,HSP90AB1,577
TP53,HSP90AB1,892
TP53,HSP90AB1,892
ERBB2,HSP90AB1,931
ERBB2,HSP90AB1,931
RPS27A,HSP90AB1,796
RPS27A,HSP90AB1,796
EGFR,HSP90AB1,965
EGFR,HSP90AB1,965
PAK1,HSP90AB1,700
PAK1,HSP90AB1,700
APP,HSP90AB1,543
APP,HSP90AB1,543
PPARG,HSP90AB1,531
PPARG,HSP90AB1,531
NPM1,HSP90AB1,574
NPM1,HSP90AB1,574
LRRK2,HSP90AB1,928
LRRK2,HSP90AB1,928
HSPA4,HSP90AB1,971
HSPA4,HSP90AB1,971
UBB,HSP90AB1,746
UBB,HSP90AB1,746
TERT,HSP90AB1,607
TERT,HSP90AB1,607
CASP3,HSP90AB1,627
CASP3,HSP90AB1,627
MET,HSP90AB1,576
MET,HSP90AB1,576
HSPA5,HSP90AB1,938
HSPA5,HSP90AB1,938
PGR,HSP90AB1,873
PGR,HSP90AB1,873
HSP90AA1,HSP90AB1,994
HSP90AA1,HSP90AB1,994
SNCA,HSP90AB1,619
SNCA,HSP90AB1,619
CAV1,HSP90AB1,817
CAV1,HSP90AB1,817
MAPT,HSP90AB1,912
MAPT,HSP90AB1,912
CTNNB1,HSP90AB1,640
CTNNB1,HSP90AB1,640
FYN,HSP90AB1,806
FYN,HSP90AB1,806
RAC1,HSP90AB1,720
RAC1,HSP90AB1,720
EZR,HSP90AB1,583
EZR,HSP90AB1,583
FLNA,HSP90AB1,757
FLNA,HSP90AB1,757
CHUK,HSP90AB1,740
CHUK,HSP90AB1,740
MAPK1,PTPN1,589
MAPK1,PTPN1,589
CSK,PTPN1,655
CSK,PTPN1,655
HGF,PTPN1,924
HGF,PTPN1,924
IFNG,PTPN1,914
IFNG,PTPN1,914
CDH1,PTPN1,838
CDH1,PTPN1,838
PDGFRB,PTPN1,975
PDGFRB,PTPN1,975
MAPK3,PTPN1,637
MAPK3,PTPN1,637
IL1B,PTPN1,514
IL1B,PTPN1,514
KDR,PTPN1,850
KDR,PTPN1,850
PIK3CA,PTPN1,927
PIK3CA,PTPN1,927
STAT3,PTPN1,802
STAT3,PTPN1,802
EGF,PTPN1,956
EGF,PTPN1,956
CDH2,PTPN1,998
CDH2,PTPN1,998
EGFR,PTPN1,999
EGFR,PTPN1,999
PPARG,PTPN1,572
PPARG,PTPN1,572
STAT5B,PTPN1,971
STAT5B,PTPN1,971
CRK,PTPN1,952
CRK,PTPN1,952
IGF1,PTPN1,940
IGF1,PTPN1,940
INSR,PTPN1,999
INSR,PTPN1,999
CTNNA1,PTPN1,907
CTNNA1,PTPN1,907
IRS1,PTPN1,988
IRS1,PTPN1,988
LEP,PTPN1,970
LEP,PTPN1,970
MET,PTPN1,981
MET,PTPN1,981
CSF1,PTPN1,908
CSF1,PTPN1,908
SOCS3,PTPN1,696
SOCS3,PTPN1,696
PDGFB,PTPN1,906
PDGFB,PTPN1,906
CAV1,PTPN1,974
CAV1,PTPN1,974
PTPN11,PTPN1,863
PTPN11,PTPN1,863
STAT5A,PTPN1,969
STAT5A,PTPN1,969
JAK1,PTPN1,980
JAK1,PTPN1,980
CTNNB1,PTPN1,988
CTNNB1,PTPN1,988
FYN,PTPN1,591
FYN,PTPN1,591
FN1,PTPN1,937
FN1,PTPN1,937
HGF,EPS15,910
HGF,EPS15,910
HBEGF,EPS15,610
HBEGF,EPS15,610
EREG,EPS15,622
EREG,EPS15,622
PDGFRA,EPS15,602
PDGFRA,EPS15,602
CBL,EPS15,977
CBL,EPS15,977
WNT5A,EPS15,600
WNT5A,EPS15,600
EGF,EPS15,944
EGF,EPS15,944
RPS27A,EPS15,854
RPS27A,EPS15,854
EGFR,EPS15,999
EGFR,EPS15,999
FGFR4,EPS15,600
FGFR4,EPS15,600
TGFA,EPS15,613
TGFA,EPS15,613
ARF6,EPS15,962
ARF6,EPS15,962
CRK,EPS15,781
CRK,EPS15,781
UBB,EPS15,862
UBB,EPS15,862
MET,EPS15,947
MET,EPS15,947
HGS,EPS15,998
HGS,EPS15,998
CAV1,EPS15,651
CAV1,EPS15,651
FGFR3,EPS15,600
FGFR3,EPS15,600
TFRC,EPS15,639
TFRC,EPS15,639
CD4,PTEN,561
CD4,PTEN,561
GNA11,PTEN,532
GNA11,PTEN,532
MAPK1,PTEN,759
MAPK1,PTEN,759
NFKBIA,PTEN,527
NFKBIA,PTEN,527
MMP2,PTEN,566
MMP2,PTEN,566
PIK3R2,PTEN,988
PIK3R2,PTEN,988
HGF,PTEN,570
HGF,PTEN,570
CCND1,PTEN,802
CCND1,PTEN,802
CDKN1B,PTEN,695
CDKN1B,PTEN,695
GAPDH,PTEN,733
GAPDH,PTEN,733
NANOG,PTEN,511
NANOG,PTEN,511
MAPK14,PTEN,580
MAPK14,PTEN,580
PLEK,PTEN,692
PLEK,PTEN,692
PLCG1,PTEN,795
PLCG1,PTEN,795
SNAI1,PTEN,716
SNAI1,PTEN,716
RAC2,PTEN,570
RAC2,PTEN,570
RAF1,PTEN,720
RAF1,PTEN,720
KRAS,PTEN,921
KRAS,PTEN,921
CCNB1,PTEN,649
CCNB1,PTEN,649
PDGFRA,PTEN,764
PDGFRA,PTEN,764
CDK4,PTEN,828
CDK4,PTEN,828
MDM2,PTEN,977
MDM2,PTEN,977
POU5F1,PTEN,528
POU5F1,PTEN,528
CDH1,PTEN,939
CDH1,PTEN,939
PDGFRB,PTEN,994
PDGFRB,PTEN,994
SMAD2,PTEN,793
SMAD2,PTEN,793
AXIN1,PTEN,503
AXIN1,PTEN,503
PIK3R3,PTEN,965
PIK3R3,PTEN,965
MAPK3,PTEN,827
MAPK3,PTEN,827
EP300,PTEN,764
EP300,PTEN,764
IL1B,PTEN,501
IL1B,PTEN,501
EPCAM,PTEN,560
EPCAM,PTEN,560
AKT3,PTEN,926
AKT3,PTEN,926
KDR,PTEN,663
KDR,PTEN,663
PIK3CA,PTEN,995
PIK3CA,PTEN,995
CBL,PTEN,541
CBL,PTEN,541
FGF2,PTEN,577
FGF2,PTEN,577
WNT5A,PTEN,522
WNT5A,PTEN,522
STAT3,PTEN,748
STAT3,PTEN,748
EGF,PTEN,728
EGF,PTEN,728
ERBB3,PTEN,804
ERBB3,PTEN,804
RB1,PTEN,611
RB1,PTEN,611
PXN,PTEN,830
PXN,PTEN,830
IQGAP1,PTEN,740
IQGAP1,PTEN,740
CDH2,PTEN,574
CDH2,PTEN,574
TP53,PTEN,999
TP53,PTEN,999
ERBB2,PTEN,898
ERBB2,PTEN,898
RPS27A,PTEN,965
RPS27A,PTEN,965
CCNA2,PTEN,507
CCNA2,PTEN,507
EGFR,PTEN,931
EGFR,PTEN,931
ATM,PTEN,890
ATM,PTEN,890
TJP1,PTEN,644
TJP1,PTEN,644
FBXW7,PTEN,832
FBXW7,PTEN,832
FLT1,PTEN,526
FLT1,PTEN,526
WNT3A,PTEN,504
WNT3A,PTEN,504
GNAQ,PTEN,532
GNAQ,PTEN,532
PPARG,PTEN,626
PPARG,PTEN,626
KIT,PTEN,699
KIT,PTEN,699
STAT5B,PTEN,546
STAT5B,PTEN,546
WNT1,PTEN,674
WNT1,PTEN,674
ALB,PTEN,655
ALB,PTEN,655
ANXA5,PTEN,687
ANXA5,PTEN,687
NPM1,PTEN,527
NPM1,PTEN,527
SHH,PTEN,569
SHH,PTEN,569
LRRK2,PTEN,625
LRRK2,PTEN,625
MAP2K1,PTEN,860
MAP2K1,PTEN,860
BCL2L1,PTEN,723
BCL2L1,PTEN,723
IGF1,PTEN,726
IGF1,PTEN,726
INSR,PTEN,763
INSR,PTEN,763
UBB,PTEN,931
UBB,PTEN,931
IRS1,PTEN,844
IRS1,PTEN,844
FOS,PTEN,600
FOS,PTEN,600
CXCL8,PTEN,519
CXCL8,PTEN,519
CYCS,PTEN,602
CYCS,PTEN,602
TERT,PTEN,700
TERT,PTEN,700
CASP3,PTEN,767
CASP3,PTEN,767
MET,PTEN,760
MET,PTEN,760
EZH2,PTEN,808
EZH2,PTEN,808
SOX2,PTEN,687
SOX2,PTEN,687
HSPA5,PTEN,592
HSPA5,PTEN,592
PPP2R1A,PTEN,575
PPP2R1A,PTEN,575
PGR,PTEN,657
PGR,PTEN,657
SOCS1,PTEN,526
SOCS1,PTEN,526
CASP9,PTEN,630
CASP9,PTEN,630
SOCS3,PTEN,526
SOCS3,PTEN,526
PDGFB,PTEN,942
PDGFB,PTEN,942
SMAD3,PTEN,662
SMAD3,PTEN,662
HSP90AA1,PTEN,767
HSP90AA1,PTEN,767
CAV1,PTEN,938
CAV1,PTEN,938
FGFR3,PTEN,659
FGFR3,PTEN,659
PTPN11,PTEN,684
PTPN11,PTEN,684
PTK2,PTEN,995
PTK2,PTEN,995
STAT5A,PTEN,546
STAT5A,PTEN,546
SMAD4,PTEN,859
SMAD4,PTEN,859
ERBB4,PTEN,749
ERBB4,PTEN,749
JAK1,PTEN,665
JAK1,PTEN,665
CTNNB1,PTEN,975
CTNNB1,PTEN,975
ANXA2,PTEN,600
ANXA2,PTEN,600
FYN,PTEN,609
FYN,PTEN,609
FN1,PTEN,568
FN1,PTEN,568
RET,PTEN,715
RET,PTEN,715
RAC1,PTEN,507
RAC1,PTEN,507
NF1,PTEN,875
NF1,PTEN,875
EPHA2,PTEN,584
EPHA2,PTEN,584
CASP8,PTEN,674
CASP8,PTEN,674
TGFBR2,PTEN,596
TGFBR2,PTEN,596
PIK3CG,PTEN,871
PIK3CG,PTEN,871
STAT1,PTEN,501
STAT1,PTEN,501
MTOR,PTEN,940
MTOR,PTEN,940
BECN1,PTEN,680
BECN1,PTEN,680
PARP1,PTEN,594
PARP1,PTEN,594
EZR,PTEN,519
EZR,PTEN,519
PTGS2,PTEN,526
PTGS2,PTEN,526
NES,PTEN,534
NES,PTEN,534
MKI67,PTEN,564
MKI67,PTEN,564
MCL1,PTEN,653
MCL1,PTEN,653
NRAS,PTEN,841
NRAS,PTEN,841
CHUK,PTEN,932
CHUK,PTEN,932
XIAP,PTEN,978
XIAP,PTEN,978
JUN,PTEN,731
JUN,PTEN,731
HSP90AB1,PTEN,617
HSP90AB1,PTEN,617
PTPN1,PTEN,621
PTPN1,PTEN,621
CD4,MMP9,660
CD4,MMP9,660
TNFRSF1A,MMP9,533
TNFRSF1A,MMP9,533
NFKBIA,MMP9,700
NFKBIA,MMP9,700
TIMP1,MMP9,999
TIMP1,MMP9,999
MMP2,MMP9,908
MMP2,MMP9,908
TGFB1,MMP9,991
TGFB1,MMP9,991
HGF,MMP9,970
HGF,MMP9,970
SERPINE1,MMP9,767
SERPINE1,MMP9,767
CSF3,MMP9,628
CSF3,MMP9,628
CCL2,MMP9,787
CCL2,MMP9,787
IL2,MMP9,560
IL2,MMP9,560
CCND1,MMP9,784
CCND1,MMP9,784
IFNG,MMP9,661
IFNG,MMP9,661
GAPDH,MMP9,768
GAPDH,MMP9,768
MAPK14,MMP9,571
MAPK14,MMP9,571
HBEGF,MMP9,950
HBEGF,MMP9,950
IL4,MMP9,667
IL4,MMP9,667
IL5,MMP9,518
IL5,MMP9,518
SNAI1,MMP9,753
SNAI1,MMP9,753
LIF,MMP9,932
LIF,MMP9,932
KRAS,MMP9,578
KRAS,MMP9,578
CCNB1,MMP9,536
CCNB1,MMP9,536
CDK4,MMP9,537
CDK4,MMP9,537
TLR2,MMP9,775
TLR2,MMP9,775
THBS1,MMP9,964
THBS1,MMP9,964
CDH1,MMP9,983
CDH1,MMP9,983
SMAD2,MMP9,695
SMAD2,MMP9,695
MAPK3,MMP9,718
MAPK3,MMP9,718
IL1A,MMP9,664
IL1A,MMP9,664
IL1B,MMP9,882
IL1B,MMP9,882
KDR,MMP9,760
KDR,MMP9,760
FGF2,MMP9,974
FGF2,MMP9,974
STAT3,MMP9,973
STAT3,MMP9,973
ICAM1,MMP9,781
ICAM1,MMP9,781
EGF,MMP9,728
EGF,MMP9,728
PXN,MMP9,524
PXN,MMP9,524
FGF7,MMP9,508
FGF7,MMP9,508
CDH2,MMP9,757
CDH2,MMP9,757
TP53,MMP9,704
TP53,MMP9,704
ERBB2,MMP9,724
ERBB2,MMP9,724
EGFR,MMP9,733
EGFR,MMP9,733
TJP1,MMP9,652
TJP1,MMP9,652
FLT1,MMP9,677
FLT1,MMP9,677
APP,MMP9,600
APP,MMP9,600
PPARG,MMP9,652
PPARG,MMP9,652
KIT,MMP9,546
KIT,MMP9,546
ALB,MMP9,773
ALB,MMP9,773
ANXA5,MMP9,669
ANXA5,MMP9,669
CSF2,MMP9,625
CSF2,MMP9,625
MMP3,MMP9,918
MMP3,MMP9,918
MAP2K1,MMP9,526
MAP2K1,MMP9,526
BCL2L1,MMP9,658
BCL2L1,MMP9,658
IGF1,MMP9,668
IGF1,MMP9,668
HSPA4,MMP9,673
HSPA4,MMP9,673
IL13,MMP9,610
IL13,MMP9,610
FOS,MMP9,664
FOS,MMP9,664
CXCL8,MMP9,871
CXCL8,MMP9,871
CYCS,MMP9,570
CYCS,MMP9,570
CD34,MMP9,599
CD34,MMP9,599
CASP3,MMP9,772
CASP3,MMP9,772
LEP,MMP9,556
LEP,MMP9,556
MET,MMP9,570
MET,MMP9,570
FGF13,MMP9,584
FGF13,MMP9,584
CSF1,MMP9,615
CSF1,MMP9,615
CASP9,MMP9,619
CASP9,MMP9,619
SOCS3,MMP9,546
SOCS3,MMP9,546
SMAD3,MMP9,654
SMAD3,MMP9,654
CAV1,MMP9,521
CAV1,MMP9,521
PTK2,MMP9,656
PTK2,MMP9,656
SMAD4,MMP9,543
SMAD4,MMP9,543
CDH5,MMP9,582
CDH5,MMP9,582
CTNNB1,MMP9,763
CTNNB1,MMP9,763
FN1,MMP9,608
FN1,MMP9,608
CASP8,MMP9,544
CASP8,MMP9,544
STAT1,MMP9,537
STAT1,MMP9,537
MTOR,MMP9,528
MTOR,MMP9,528
PTGS2,MMP9,760
PTGS2,MMP9,760
CCN2,MMP9,698
CCN2,MMP9,698
IL6R,MMP9,559
IL6R,MMP9,559
MKI67,MMP9,516
MKI67,MMP9,516
NGF,MMP9,525
NGF,MMP9,525
CHUK,MMP9,503
CHUK,MMP9,503
XIAP,MMP9,518
XIAP,MMP9,518
JUN,MMP9,849
JUN,MMP9,849
PTEN,MMP9,620
PTEN,MMP9,620
GNA11,ABL1,565
GNA11,ABL1,565
NFKBIA,ABL1,503
NFKBIA,ABL1,503
EPOR,ABL1,512
EPOR,ABL1,512
CCND1,ABL1,949
CCND1,ABL1,949
CDKN1B,ABL1,949
CDKN1B,ABL1,949
MAPK14,ABL1,709
MAPK14,ABL1,709
PLCG1,ABL1,962
PLCG1,ABL1,962
RAC2,ABL1,897
RAC2,ABL1,897
KRAS,ABL1,614
KRAS,ABL1,614
CDK4,ABL1,922
CDK4,ABL1,922
MDM2,ABL1,991
MDM2,ABL1,991
PDGFRB,ABL1,952
PDGFRB,ABL1,952
EP300,ABL1,590
EP300,ABL1,590
PIK3CA,ABL1,561
PIK3CA,ABL1,561
CBL,ABL1,992
CBL,ABL1,992
STAT3,ABL1,570
STAT3,ABL1,570
ERBB3,ABL1,554
ERBB3,ABL1,554
RB1,ABL1,986
RB1,ABL1,986
PXN,ABL1,855
PXN,ABL1,855
CDH2,ABL1,919
CDH2,ABL1,919
TP53,ABL1,990
TP53,ABL1,990
ERBB2,ABL1,762
ERBB2,ABL1,762
CCNA2,ABL1,933
CCNA2,ABL1,933
RASA1,ABL1,563
RASA1,ABL1,563
EGFR,ABL1,890
EGFR,ABL1,890
NTRK2,ABL1,847
NTRK2,ABL1,847
ATM,ABL1,999
ATM,ABL1,999
FBXW7,ABL1,540
FBXW7,ABL1,540
APP,ABL1,556
APP,ABL1,556
GNAQ,ABL1,545
GNAQ,ABL1,545
KIT,ABL1,536
KIT,ABL1,536
STAT5B,ABL1,965
STAT5B,ABL1,965
ANXA5,ABL1,517
ANXA5,ABL1,517
IL3,ABL1,631
IL3,ABL1,631
NPM1,ABL1,667
NPM1,ABL1,667
CRK,ABL1,997
CRK,ABL1,997
BCL2L1,ABL1,662
BCL2L1,ABL1,662
HSPA4,ABL1,852
HSPA4,ABL1,852
CTNNA1,ABL1,914
CTNNA1,ABL1,914
FOS,ABL1,551
FOS,ABL1,551
TERT,ABL1,953
TERT,ABL1,953
CD34,ABL1,695
CD34,ABL1,695
CASP3,ABL1,518
CASP3,ABL1,518
EZH2,ABL1,531
EZH2,ABL1,531
SOCS1,ABL1,641
SOCS1,ABL1,641
CASP9,ABL1,773
CASP9,ABL1,773
SOCS3,ABL1,615
SOCS3,ABL1,615
PDGFB,ABL1,940
PDGFB,ABL1,940
HSP90AA1,ABL1,974
HSP90AA1,ABL1,974
LCK,ABL1,907
LCK,ABL1,907
SNCA,ABL1,585
SNCA,ABL1,585
CAV1,ABL1,539
CAV1,ABL1,539
MAPT,ABL1,644
MAPT,ABL1,644
PTPN11,ABL1,509
PTPN11,ABL1,509
STAT5A,ABL1,956
STAT5A,ABL1,956
ERBB4,ABL1,573
ERBB4,ABL1,573
JAK1,ABL1,654
JAK1,ABL1,654
CTNNB1,ABL1,992
CTNNB1,ABL1,992
CRKL,ABL1,987
CRKL,ABL1,987
FYN,ABL1,915
FYN,ABL1,915
FN1,ABL1,647
FN1,ABL1,647
RAC1,ABL1,935
RAC1,ABL1,935
EPHA2,ABL1,834
EPHA2,ABL1,834
MTOR,ABL1,606
MTOR,ABL1,606
BECN1,ABL1,650
BECN1,ABL1,650
PARP1,ABL1,541
PARP1,ABL1,541
MCL1,ABL1,519
MCL1,ABL1,519
NRAS,ABL1,561
NRAS,ABL1,561
JUN,ABL1,856
JUN,ABL1,856
HSP90AB1,ABL1,756
HSP90AB1,ABL1,756
PTPN1,ABL1,957
PTPN1,ABL1,957
PTEN,ABL1,643
PTEN,ABL1,643
VCL,YWHAB,625
VCL,YWHAB,625
MAPK1,YWHAB,941
MAPK1,YWHAB,941
CSK,YWHAB,737
CSK,YWHAB,737
CDKN1B,YWHAB,936
CDKN1B,YWHAB,936
GAPDH,YWHAB,571
GAPDH,YWHAB,571
RAF1,YWHAB,995
RAF1,YWHAB,995
KRAS,YWHAB,936
KRAS,YWHAB,936
MAPK3,YWHAB,936
MAPK3,YWHAB,936
CBL,YWHAB,888
CBL,YWHAB,888
IQGAP1,YWHAB,695
IQGAP1,YWHAB,695
TP53,YWHAB,576
TP53,YWHAB,576
EGFR,YWHAB,681
EGFR,YWHAB,681
LRRK2,YWHAB,858
LRRK2,YWHAB,858
CRK,YWHAB,658
CRK,YWHAB,658
MAP2K1,YWHAB,975
MAP2K1,YWHAB,975
HSPA4,YWHAB,629
HSPA4,YWHAB,629
CTNNA1,YWHAB,634
CTNNA1,YWHAB,634
IRS1,YWHAB,942
IRS1,YWHAB,942
HSPA5,YWHAB,529
HSPA5,YWHAB,529
PPP2R1A,YWHAB,941
PPP2R1A,YWHAB,941
HSP90AA1,YWHAB,561
HSP90AA1,YWHAB,561
MAPT,YWHAB,887
MAPT,YWHAB,887
PTPN11,YWHAB,545
PTPN11,YWHAB,545
CTNNB1,YWHAB,928
CTNNB1,YWHAB,928
CRKL,YWHAB,679
CRKL,YWHAB,679
FN1,YWHAB,662
FN1,YWHAB,662
MTOR,YWHAB,925
MTOR,YWHAB,925
GAB2,YWHAB,607
GAB2,YWHAB,607
BECN1,YWHAB,518
BECN1,YWHAB,518
NGF,YWHAB,622
NGF,YWHAB,622
NRAS,YWHAB,936
NRAS,YWHAB,936
HSP90AB1,YWHAB,527
HSP90AB1,YWHAB,527
ABL1,YWHAB,751
ABL1,YWHAB,751
NFKBIA,HDAC1,990
NFKBIA,HDAC1,990
SERPINE1,HDAC1,914
SERPINE1,HDAC1,914
IL2,HDAC1,666
IL2,HDAC1,666
CCND1,HDAC1,990
CCND1,HDAC1,990
GAPDH,HDAC1,631
GAPDH,HDAC1,631
NANOG,HDAC1,759
NANOG,HDAC1,759
NR3C1,HDAC1,939
NR3C1,HDAC1,939
SNAI1,HDAC1,999
SNAI1,HDAC1,999
CCNB1,HDAC1,613
CCNB1,HDAC1,613
CDK4,HDAC1,965
CDK4,HDAC1,965
MDM2,HDAC1,993
MDM2,HDAC1,993
POU5F1,HDAC1,949
POU5F1,HDAC1,949
THBS1,HDAC1,913
THBS1,HDAC1,913
CDH1,HDAC1,668
CDH1,HDAC1,668
SMAD2,HDAC1,992
SMAD2,HDAC1,992
EP300,HDAC1,999
EP300,HDAC1,999
STAT3,HDAC1,989
STAT3,HDAC1,989
RB1,HDAC1,999
RB1,HDAC1,999
TP53,HDAC1,999
TP53,HDAC1,999
CCNA2,HDAC1,962
CCNA2,HDAC1,962
EGFR,HDAC1,562
EGFR,HDAC1,562
ATM,HDAC1,965
ATM,HDAC1,965
PPARG,HDAC1,929
PPARG,HDAC1,929
STAT5B,HDAC1,942
STAT5B,HDAC1,942
HPGDS,HDAC1,611
HPGDS,HDAC1,611
NPM1,HDAC1,600
NPM1,HDAC1,600
BCL2L1,HDAC1,582
BCL2L1,HDAC1,582
HSPA4,HDAC1,693
HSPA4,HDAC1,693
FOS,HDAC1,789
FOS,HDAC1,789
TERT,HDAC1,942
TERT,HDAC1,942
CASP3,HDAC1,558
CASP3,HDAC1,558
HNF4A,HDAC1,572
HNF4A,HDAC1,572
EZH2,HDAC1,999
EZH2,HDAC1,999
SOX2,HDAC1,990
SOX2,HDAC1,990
SP1,HDAC1,999
SP1,HDAC1,999
SMAD3,HDAC1,990
SMAD3,HDAC1,990
HSP90AA1,HDAC1,773
HSP90AA1,HDAC1,773
STAT5A,HDAC1,978
STAT5A,HDAC1,978
SMAD4,HDAC1,995
SMAD4,HDAC1,995
CTNNB1,HDAC1,999
CTNNB1,HDAC1,999
NF1,HDAC1,540
NF1,HDAC1,540
STAT1,HDAC1,957
STAT1,HDAC1,957
PARP1,HDAC1,870
PARP1,HDAC1,870
JUN,HDAC1,958
JUN,HDAC1,958
PTEN,HDAC1,545
PTEN,HDAC1,545
ABL1,HDAC1,934
ABL1,HDAC1,934
CD4,SRC,895
CD4,SRC,895
GNA11,SRC,865
GNA11,SRC,865
TNFRSF1A,SRC,924
TNFRSF1A,SRC,924
VCL,SRC,993
VCL,SRC,993
MAPK1,SRC,956
MAPK1,SRC,956
NFKBIA,SRC,977
NFKBIA,SRC,977
MMP2,SRC,960
MMP2,SRC,960
CSK,SRC,992
CSK,SRC,992
TGFB1,SRC,550
TGFB1,SRC,550
EPOR,SRC,789
EPOR,SRC,789
PIK3R2,SRC,955
PIK3R2,SRC,955
HGF,SRC,963
HGF,SRC,963
CCL2,SRC,528
CCL2,SRC,528
IL2,SRC,561
IL2,SRC,561
CCND1,SRC,983
CCND1,SRC,983
CDKN1B,SRC,959
CDKN1B,SRC,959
GAPDH,SRC,697
GAPDH,SRC,697
MAPK14,SRC,939
MAPK14,SRC,939
HBEGF,SRC,779
HBEGF,SRC,779
IL4,SRC,514
IL4,SRC,514
NR3C1,SRC,517
NR3C1,SRC,517
PLEK,SRC,812
PLEK,SRC,812
PLCG1,SRC,970
PLCG1,SRC,970
SNAI1,SRC,612
SNAI1,SRC,612
EREG,SRC,753
EREG,SRC,753
RAC2,SRC,934
RAC2,SRC,934
RAF1,SRC,940
RAF1,SRC,940
KRAS,SRC,985
KRAS,SRC,985
PDGFRA,SRC,849
PDGFRA,SRC,849
CDK4,SRC,935
CDK4,SRC,935
MDM2,SRC,865
MDM2,SRC,865
TLR2,SRC,689
TLR2,SRC,689
THBS1,SRC,567
THBS1,SRC,567
CDH1,SRC,999
CDH1,SRC,999
PDGFRB,SRC,991
PDGFRB,SRC,991
FLT4,SRC,935
FLT4,SRC,935
SMAD2,SRC,625
SMAD2,SRC,625
AXIN1,SRC,507
AXIN1,SRC,507
PIK3R3,SRC,949
PIK3R3,SRC,949
GAB1,SRC,972
GAB1,SRC,972
MAPK3,SRC,971
MAPK3,SRC,971
EP300,SRC,889
EP300,SRC,889
IL1B,SRC,610
IL1B,SRC,610
AKT3,SRC,773
AKT3,SRC,773
KDR,SRC,992
KDR,SRC,992
PIK3CA,SRC,971
PIK3CA,SRC,971
CBL,SRC,999
CBL,SRC,999
FGF2,SRC,624
FGF2,SRC,624
STAT3,SRC,999
STAT3,SRC,999
ICAM1,SRC,570
ICAM1,SRC,570
ZAP70,SRC,922
ZAP70,SRC,922
EGF,SRC,986
EGF,SRC,986
ERBB3,SRC,921
ERBB3,SRC,921
RB1,SRC,770
RB1,SRC,770
PXN,SRC,999
PXN,SRC,999
IQGAP1,SRC,966
IQGAP1,SRC,966
CDH2,SRC,900
CDH2,SRC,900
TP53,SRC,925
TP53,SRC,925
ERBB2,SRC,985
ERBB2,SRC,985
RPS27A,SRC,782
RPS27A,SRC,782
CCNA2,SRC,618
CCNA2,SRC,618
RASA1,SRC,966
RASA1,SRC,966
EGFR,SRC,995
EGFR,SRC,995
NTRK2,SRC,927
NTRK2,SRC,927
PAK1,SRC,935
PAK1,SRC,935
ATM,SRC,523
ATM,SRC,523
TJP1,SRC,997
TJP1,SRC,997
FLT1,SRC,930
FLT1,SRC,930
APP,SRC,780
APP,SRC,780
GNAQ,SRC,923
GNAQ,SRC,923
PPARG,SRC,739
PPARG,SRC,739
KIT,SRC,787
KIT,SRC,787
STAT5B,SRC,968
STAT5B,SRC,968
WNT1,SRC,522
WNT1,SRC,522
HPGDS,SRC,773
HPGDS,SRC,773
TGFA,SRC,645
TGFA,SRC,645
ALB,SRC,695
ALB,SRC,695
ANXA5,SRC,590
ANXA5,SRC,590
IL3,SRC,519
IL3,SRC,519
CSF2,SRC,503
CSF2,SRC,503
ARF6,SRC,959
ARF6,SRC,959
STAT6,SRC,683
STAT6,SRC,683
CRK,SRC,999
CRK,SRC,999
MAP2K1,SRC,955
MAP2K1,SRC,955
BCL2L1,SRC,715
BCL2L1,SRC,715
IGF1,SRC,976
IGF1,SRC,976
HSPA4,SRC,685
HSPA4,SRC,685
INSR,SRC,689
INSR,SRC,689
CTNNA1,SRC,934
CTNNA1,SRC,934
UBB,SRC,686
UBB,SRC,686
IRS1,SRC,994
IRS1,SRC,994
FOS,SRC,936
FOS,SRC,936
CXCL8,SRC,603
CXCL8,SRC,603
CYCS,SRC,628
CYCS,SRC,628
CD34,SRC,714
CD34,SRC,714
CASP3,SRC,689
CASP3,SRC,689
LEP,SRC,594
LEP,SRC,594
HNF4A,SRC,881
HNF4A,SRC,881
MET,SRC,982
MET,SRC,982
HSPA5,SRC,654
HSPA5,SRC,654
PPP2R1A,SRC,919
PPP2R1A,SRC,919
CD28,SRC,793
CD28,SRC,793
PGR,SRC,999
PGR,SRC,999
CSF1,SRC,645
CSF1,SRC,645
SP1,SRC,893
SP1,SRC,893
SOCS1,SRC,596
SOCS1,SRC,596
CASP9,SRC,516
CASP9,SRC,516
SOCS3,SRC,611
SOCS3,SRC,611
PDGFB,SRC,945
PDGFB,SRC,945
HGS,SRC,933
HGS,SRC,933
SMAD3,SRC,577
SMAD3,SRC,577
HSP90AA1,SRC,999
HSP90AA1,SRC,999
LCK,SRC,906
LCK,SRC,906
SNCA,SRC,944
SNCA,SRC,944
CAV1,SRC,999
CAV1,SRC,999
FGFR3,SRC,929
FGFR3,SRC,929
MAPT,SRC,878
MAPT,SRC,878
PTPN11,SRC,985
PTPN11,SRC,985
PTK2,SRC,994
PTK2,SRC,994
STAT5A,SRC,982
STAT5A,SRC,982
SMAD4,SRC,640
SMAD4,SRC,640
ERBB4,SRC,739
ERBB4,SRC,739
CDH5,SRC,951
CDH5,SRC,951
CTNNB1,SRC,999
CTNNB1,SRC,999
ANXA2,SRC,591
ANXA2,SRC,591
CRKL,SRC,943
CRKL,SRC,943
PDGFA,SRC,648
PDGFA,SRC,648
FYN,SRC,996
FYN,SRC,996
FN1,SRC,981
FN1,SRC,981
RET,SRC,958
RET,SRC,958
FAS,SRC,971
FAS,SRC,971
RAC1,SRC,973
RAC1,SRC,973
EPHA2,SRC,927
EPHA2,SRC,927
CASP8,SRC,981
CASP8,SRC,981
PIK3CG,SRC,826
PIK3CG,SRC,826
TFRC,SRC,801
TFRC,SRC,801
STAT1,SRC,980
STAT1,SRC,980
MTOR,SRC,692
MTOR,SRC,692
CD247,SRC,946
CD247,SRC,946
GAB2,SRC,893
GAB2,SRC,893
EZR,SRC,992
EZR,SRC,992
PTGS2,SRC,657
PTGS2,SRC,657
IL6R,SRC,882
IL6R,SRC,882
MCL1,SRC,561
MCL1,SRC,561
NGF,SRC,587
NGF,SRC,587
NRAS,SRC,972
NRAS,SRC,972
FLNA,SRC,674
FLNA,SRC,674
CHUK,SRC,623
CHUK,SRC,623
XIAP,SRC,570
XIAP,SRC,570
JUN,SRC,949
JUN,SRC,949
HSP90AB1,SRC,993
HSP90AB1,SRC,993
PTPN1,SRC,997
PTPN1,SRC,997
EPS15,SRC,653
EPS15,SRC,653
PTEN,SRC,815
PTEN,SRC,815
MMP9,SRC,970
MMP9,SRC,970
ABL1,SRC,970
ABL1,SRC,970
YWHAB,SRC,836
YWHAB,SRC,836
CD4,TLR4,940
CD4,TLR4,940
TNFRSF1A,TLR4,677
TNFRSF1A,TLR4,677
NFKBIA,TLR4,840
NFKBIA,TLR4,840
MMP2,TLR4,511
MMP2,TLR4,511
TGFB1,TLR4,568
TGFB1,TLR4,568
PIK3R2,TLR4,814
PIK3R2,TLR4,814
SERPINE1,TLR4,516
SERPINE1,TLR4,516
CSF3,TLR4,679
CSF3,TLR4,679
CCL2,TLR4,829
CCL2,TLR4,829
IL2,TLR4,693
IL2,TLR4,693
IFNG,TLR4,798
IFNG,TLR4,798
GAPDH,TLR4,732
GAPDH,TLR4,732
NANOG,TLR4,504
NANOG,TLR4,504
MAPK14,TLR4,664
MAPK14,TLR4,664
IL4,TLR4,789
IL4,TLR4,789
IL5,TLR4,659
IL5,TLR4,659
PLEK,TLR4,653
PLEK,TLR4,653
TLR2,TLR4,903
TLR2,TLR4,903
PIK3R3,TLR4,819
PIK3R3,TLR4,819
MAPK3,TLR4,826
MAPK3,TLR4,826
IL1A,TLR4,844
IL1A,TLR4,844
IL1B,TLR4,927
IL1B,TLR4,927
PIK3CA,TLR4,856
PIK3CA,TLR4,856
STAT3,TLR4,777
STAT3,TLR4,777
ICAM1,TLR4,796
ICAM1,TLR4,796
EGF,TLR4,514
EGF,TLR4,514
TP53,TLR4,536
TP53,TLR4,536
RPS27A,TLR4,908
RPS27A,TLR4,908
EGFR,TLR4,838
EGFR,TLR4,838
IFNA1,TLR4,806
IFNA1,TLR4,806
TJP1,TLR4,570
TJP1,TLR4,570
PPARG,TLR4,681
PPARG,TLR4,681
ALB,TLR4,794
ALB,TLR4,794
ANXA5,TLR4,663
ANXA5,TLR4,663
IL15,TLR4,644
IL15,TLR4,644
CSF2,TLR4,765
CSF2,TLR4,765
MMP3,TLR4,508
MMP3,TLR4,508
STAT6,TLR4,582
STAT6,TLR4,582
MAP2K1,TLR4,515
MAP2K1,TLR4,515
HSPA4,TLR4,992
HSPA4,TLR4,992
UBB,TLR4,907
UBB,TLR4,907
IRS1,TLR4,503
IRS1,TLR4,503
IL13,TLR4,709
IL13,TLR4,709
FOS,TLR4,576
FOS,TLR4,576
CXCL8,TLR4,891
CXCL8,TLR4,891
CASP3,TLR4,690
CASP3,TLR4,690
LEP,TLR4,616
LEP,TLR4,616
CD28,TLR4,575
CD28,TLR4,575
CSF1,TLR4,642
CSF1,TLR4,642
SOCS1,TLR4,632
SOCS1,TLR4,632
SOCS3,TLR4,646
SOCS3,TLR4,646
HSP90AA1,TLR4,972
HSP90AA1,TLR4,972
SNCA,TLR4,840
SNCA,TLR4,840
CAV1,TLR4,990
CAV1,TLR4,990
PTPN11,TLR4,939
PTPN11,TLR4,939
JAK1,TLR4,510
JAK1,TLR4,510
CTNNB1,TLR4,518
CTNNB1,TLR4,518
ANXA2,TLR4,939
ANXA2,TLR4,939
FYN,TLR4,514
FYN,TLR4,514
FN1,TLR4,989
FN1,TLR4,989
CASP8,TLR4,846
CASP8,TLR4,846
STAT1,TLR4,700
STAT1,TLR4,700
MTOR,TLR4,512
MTOR,TLR4,512
BECN1,TLR4,737
BECN1,TLR4,737
PTGS2,TLR4,763
PTGS2,TLR4,763
FLNA,TLR4,790
FLNA,TLR4,790
CHUK,TLR4,966
CHUK,TLR4,966
JUN,TLR4,716
JUN,TLR4,716
MMP9,TLR4,847
MMP9,TLR4,847
YWHAB,TLR4,511
YWHAB,TLR4,511
SRC,TLR4,839
SRC,TLR4,839
CSK,FGR,926
CSK,FGR,926
PIK3R2,FGR,665
PIK3R2,FGR,665
MAPK14,FGR,921
MAPK14,FGR,921
PLEK,FGR,760
PLEK,FGR,760
PLCG1,FGR,924
PLCG1,FGR,924
RAC2,FGR,501
RAC2,FGR,501
TLR2,FGR,653
TLR2,FGR,653
PDGFRB,FGR,918
PDGFRB,FGR,918
PIK3R3,FGR,647
PIK3R3,FGR,647
PIK3CA,FGR,703
PIK3CA,FGR,703
CBL,FGR,992
CBL,FGR,992
STAT3,FGR,956
STAT3,FGR,956
ZAP70,FGR,922
ZAP70,FGR,922
EGF,FGR,930
EGF,FGR,930
PXN,FGR,945
PXN,FGR,945
RASA1,FGR,905
RASA1,FGR,905
EGFR,FGR,968
EGFR,FGR,968
CXCL8,FGR,923
CXCL8,FGR,923
PDGFB,FGR,915
PDGFB,FGR,915
HSP90AA1,FGR,634
HSP90AA1,FGR,634
LCK,FGR,906
LCK,FGR,906
SNCA,FGR,919
SNCA,FGR,919
PTK2,FGR,935
PTK2,FGR,935
FYN,FGR,902
FYN,FGR,902
EPHA2,FGR,906
EPHA2,FGR,906
PIK3CG,FGR,762
PIK3CG,FGR,762
CD247,FGR,924
CD247,FGR,924
ABL1,FGR,907
ABL1,FGR,907
SRC,FGR,919
SRC,FGR,919
MAPK1,AR,645
MAPK1,AR,645
CCND1,AR,998
CCND1,AR,998
GAPDH,AR,852
GAPDH,AR,852
MAPK14,AR,930
MAPK14,AR,930
NR3C1,AR,930
NR3C1,AR,930
SNAI1,AR,524
SNAI1,AR,524
SOX9,AR,611
SOX9,AR,611
RAF1,AR,635
RAF1,AR,635
KRAS,AR,567
KRAS,AR,567
CDK4,AR,530
CDK4,AR,530
MDM2,AR,998
MDM2,AR,998
POU5F1,AR,537
POU5F1,AR,537
CDH1,AR,641
CDH1,AR,641
MAPK3,AR,548
MAPK3,AR,548
EP300,AR,997
EP300,AR,997
PIK3CA,AR,950
PIK3CA,AR,950
STAT3,AR,995
STAT3,AR,995
EGF,AR,724
EGF,AR,724
ERBB3,AR,743
ERBB3,AR,743
RB1,AR,939
RB1,AR,939
PXN,AR,868
PXN,AR,868
CDH2,AR,504
CDH2,AR,504
TP53,AR,877
TP53,AR,877
ERBB2,AR,774
ERBB2,AR,774
CCNA2,AR,583
CCNA2,AR,583
EGFR,AR,989
EGFR,AR,989
STAT5B,AR,769
STAT5B,AR,769
HPGDS,AR,694
HPGDS,AR,694
ALB,AR,582
ALB,AR,582
BCL2L1,AR,502
BCL2L1,AR,502
IGF1,AR,706
IGF1,AR,706
HSPA4,AR,972
HSPA4,AR,972
IRS1,AR,773
IRS1,AR,773
FOS,AR,587
FOS,AR,587
PRKACA,AR,905
PRKACA,AR,905
CASP3,AR,692
CASP3,AR,692
HNF4A,AR,539
HNF4A,AR,539
MET,AR,521
MET,AR,521
EZH2,AR,996
EZH2,AR,996
PGR,AR,677
PGR,AR,677
SP1,AR,974
SP1,AR,974
SMAD3,AR,998
SMAD3,AR,998
HSP90AA1,AR,999
HSP90AA1,AR,999
CAV1,AR,973
CAV1,AR,973
STAT5A,AR,919
STAT5A,AR,919
SMAD4,AR,995
SMAD4,AR,995
CTNNB1,AR,999
CTNNB1,AR,999
CASP8,AR,972
CASP8,AR,972
MTOR,AR,565
MTOR,AR,565
BECN1,AR,887
BECN1,AR,887
PARP1,AR,631
PARP1,AR,631
MKI67,AR,542
MKI67,AR,542
FLNA,AR,993
FLNA,AR,993
JUN,AR,962
JUN,AR,962
HSP90AB1,AR,949
HSP90AB1,AR,949
PTEN,AR,896
PTEN,AR,896
MMP9,AR,507
MMP9,AR,507
HDAC1,AR,958
HDAC1,AR,958
SRC,AR,999
SRC,AR,999
CD4,SYK,975
CD4,SYK,975
TNFRSF1A,SYK,720
TNFRSF1A,SYK,720
NFKBIA,SYK,955
NFKBIA,SYK,955
PIK3R2,SYK,912
PIK3R2,SYK,912
IL2,SYK,954
IL2,SYK,954
MAPK14,SYK,931
MAPK14,SYK,931
IL4,SYK,582
IL4,SYK,582
PLEK,SYK,665
PLEK,SYK,665
PLCG1,SYK,996
PLCG1,SYK,996
RAC2,SYK,846
RAC2,SYK,846
KRAS,SYK,885
KRAS,SYK,885
TLR2,SYK,793
TLR2,SYK,793
PIK3R3,SYK,839
PIK3R3,SYK,839
IL1B,SYK,632
IL1B,SYK,632
PIK3CA,SYK,937
PIK3CA,SYK,937
CBL,SYK,999
CBL,SYK,999
STAT3,SYK,967
STAT3,SYK,967
ICAM1,SYK,721
ICAM1,SYK,721
ZAP70,SYK,907
ZAP70,SYK,907
PXN,SYK,565
PXN,SYK,565
TP53,SYK,521
TP53,SYK,521
ERBB2,SYK,501
ERBB2,SYK,501
EGFR,SYK,526
EGFR,SYK,526
PPARG,SYK,694
PPARG,SYK,694
STAT5B,SYK,954
STAT5B,SYK,954
HPGDS,SYK,548
HPGDS,SYK,548
ALB,SYK,513
ALB,SYK,513
CSF2,SYK,950
CSF2,SYK,950
CRK,SYK,761
CRK,SYK,761
FOS,SYK,941
FOS,SYK,941
CXCL8,SYK,501
CXCL8,SYK,501
CD28,SYK,953
CD28,SYK,953
CSF1,SYK,558
CSF1,SYK,558
SOCS1,SYK,537
SOCS1,SYK,537
HGS,SYK,521
HGS,SYK,521
LCK,SYK,983
LCK,SYK,983
SNCA,SYK,924
SNCA,SYK,924
PTPN11,SYK,934
PTPN11,SYK,934
PTK2,SYK,960
PTK2,SYK,960
STAT5A,SYK,963
STAT5A,SYK,963
JAK1,SYK,933
JAK1,SYK,933
CRKL,SYK,862
CRKL,SYK,862
FYN,SYK,942
FYN,SYK,942
FN1,SYK,771
FN1,SYK,771
FAS,SYK,928
FAS,SYK,928
RAC1,SYK,945
RAC1,SYK,945
PIK3CG,SYK,964
PIK3CG,SYK,964
STAT1,SYK,688
STAT1,SYK,688
MTOR,SYK,538
MTOR,SYK,538
CD247,SYK,975
CD247,SYK,975
GAB2,SYK,960
GAB2,SYK,960
EZR,SYK,568
EZR,SYK,568
NRAS,SYK,857
NRAS,SYK,857
FLNA,SYK,689
FLNA,SYK,689
JUN,SYK,951
JUN,SYK,951
HDAC1,SYK,579
HDAC1,SYK,579
SRC,SYK,975
SRC,SYK,975
TLR4,SYK,994
TLR4,SYK,994
FGR,SYK,967
FGR,SYK,967
FGF4,IRS2,510
FGF4,IRS2,510
MAPK1,IRS2,924
MAPK1,IRS2,924
EPOR,IRS2,956
EPOR,IRS2,956
PIK3R2,IRS2,955
PIK3R2,IRS2,955
IL2,IRS2,911
IL2,IRS2,911
IL4,IRS2,946
IL4,IRS2,946
FGF23,IRS2,518
FGF23,IRS2,518
PLCG1,IRS2,889
PLCG1,IRS2,889
EPO,IRS2,926
EPO,IRS2,926
KRAS,IRS2,936
KRAS,IRS2,936
PIK3R3,IRS2,947
PIK3R3,IRS2,947
GAB1,IRS2,611
GAB1,IRS2,611
MAPK3,IRS2,950
MAPK3,IRS2,950
AKT3,IRS2,580
AKT3,IRS2,580
IL7,IRS2,617
IL7,IRS2,617
PIK3CA,IRS2,988
PIK3CA,IRS2,988
FGF2,IRS2,564
FGF2,IRS2,564
FGF7,IRS2,513
FGF7,IRS2,513
EGFR,IRS2,609
EGFR,IRS2,609
PPARG,IRS2,595
PPARG,IRS2,595
FGFR4,IRS2,532
FGFR4,IRS2,532
STAT5B,IRS2,726
STAT5B,IRS2,726
FGF19,IRS2,606
FGF19,IRS2,606
CRK,IRS2,956
CRK,IRS2,956
IGF1,IRS2,986
IGF1,IRS2,986
INSR,IRS2,982
INSR,IRS2,982
IRS1,IRS2,944
IRS1,IRS2,944
LEP,IRS2,867
LEP,IRS2,867
FGF8,IRS2,510
FGF8,IRS2,510
SOCS1,IRS2,927
SOCS1,IRS2,927
SOCS3,IRS2,945
SOCS3,IRS2,945
FGF3,IRS2,523
FGF3,IRS2,523
HSP90AA1,IRS2,519
HSP90AA1,IRS2,519
LCK,IRS2,913
LCK,IRS2,913
FGFR3,IRS2,535
FGFR3,IRS2,535
PTPN11,IRS2,940
PTPN11,IRS2,940
STAT5A,IRS2,726
STAT5A,IRS2,726
JAK1,IRS2,961
JAK1,IRS2,961
CRKL,IRS2,738
CRKL,IRS2,738
RET,IRS2,711
RET,IRS2,711
PIK3CG,IRS2,890
PIK3CG,IRS2,890
MTOR,IRS2,941
MTOR,IRS2,941
GAB2,IRS2,639
GAB2,IRS2,639
NGF,IRS2,664
NGF,IRS2,664
NRAS,IRS2,913
NRAS,IRS2,913
CHUK,IRS2,839
CHUK,IRS2,839
PTPN1,IRS2,920
PTPN1,IRS2,920
PTEN,IRS2,609
PTEN,IRS2,609
YWHAB,IRS2,583
YWHAB,IRS2,583
SRC,IRS2,659
SRC,IRS2,659
CD4,FOXP3,922
CD4,FOXP3,922
TNFRSF1A,FOXP3,539
TNFRSF1A,FOXP3,539
TGFB1,FOXP3,748
TGFB1,FOXP3,748
CSF3,FOXP3,556
CSF3,FOXP3,556
CCL2,FOXP3,663
CCL2,FOXP3,663
IL2,FOXP3,998
IL2,FOXP3,998
IFNG,FOXP3,989
IFNG,FOXP3,989
GAPDH,FOXP3,617
GAPDH,FOXP3,617
HBEGF,FOXP3,556
HBEGF,FOXP3,556
IL4,FOXP3,874
IL4,FOXP3,874
IL5,FOXP3,759
IL5,FOXP3,759
PLCG1,FOXP3,512
PLCG1,FOXP3,512
TLR2,FOXP3,694
TLR2,FOXP3,694
SMAD2,FOXP3,828
SMAD2,FOXP3,828
EP300,FOXP3,939
EP300,FOXP3,939
IL1A,FOXP3,518
IL1A,FOXP3,518
IL1B,FOXP3,739
IL1B,FOXP3,739
IL7,FOXP3,688
IL7,FOXP3,688
STAT3,FOXP3,996
STAT3,FOXP3,996
ICAM1,FOXP3,575
ICAM1,FOXP3,575
ZAP70,FOXP3,610
ZAP70,FOXP3,610
TP53,FOXP3,576
TP53,FOXP3,576
ERBB2,FOXP3,520
ERBB2,FOXP3,520
IFNA1,FOXP3,631
IFNA1,FOXP3,631
PPARG,FOXP3,960
PPARG,FOXP3,960
KIT,FOXP3,530
KIT,FOXP3,530
STAT5B,FOXP3,760
STAT5B,FOXP3,760
ALB,FOXP3,743
ALB,FOXP3,743
ANXA5,FOXP3,623
ANXA5,FOXP3,623
IL15,FOXP3,697
IL15,FOXP3,697
CSF2,FOXP3,737
CSF2,FOXP3,737
STAT6,FOXP3,711
STAT6,FOXP3,711
HSPA4,FOXP3,937
HSPA4,FOXP3,937
IL13,FOXP3,778
IL13,FOXP3,778
FOS,FOXP3,932
FOS,FOXP3,932
CXCL8,FOXP3,633
CXCL8,FOXP3,633
CD34,FOXP3,559
CD34,FOXP3,559
CASP3,FOXP3,504
CASP3,FOXP3,504
EZH2,FOXP3,958
EZH2,FOXP3,958
CD28,FOXP3,881
CD28,FOXP3,881
CSF1,FOXP3,516
CSF1,FOXP3,516
SOCS1,FOXP3,635
SOCS1,FOXP3,635
SOCS3,FOXP3,519
SOCS3,FOXP3,519
SMAD3,FOXP3,978
SMAD3,FOXP3,978
LCK,FOXP3,610
LCK,FOXP3,610
STAT5A,FOXP3,885
STAT5A,FOXP3,885
JAK1,FOXP3,507
JAK1,FOXP3,507
FAS,FOXP3,646
FAS,FOXP3,646
TGFBR2,FOXP3,541
TGFBR2,FOXP3,541
TFRC,FOXP3,529
TFRC,FOXP3,529
STAT1,FOXP3,779
STAT1,FOXP3,779
MTOR,FOXP3,603
MTOR,FOXP3,603
CD247,FOXP3,544
CD247,FOXP3,544
IL6R,FOXP3,518
IL6R,FOXP3,518
MKI67,FOXP3,605
MKI67,FOXP3,605
JUN,FOXP3,987
JUN,FOXP3,987
PTEN,FOXP3,583
PTEN,FOXP3,583
HDAC1,FOXP3,902
HDAC1,FOXP3,902
TLR4,FOXP3,687
TLR4,FOXP3,687
VCL,CTTN,825
VCL,CTTN,825
MMP2,CTTN,507
MMP2,CTTN,507
CSK,CTTN,614
CSK,CTTN,614
CCND1,CTTN,564
CCND1,CTTN,564
CDH1,CTTN,982
CDH1,CTTN,982
MAPK3,CTTN,540
MAPK3,CTTN,540
EP300,CTTN,554
EP300,CTTN,554
CBL,CTTN,552
CBL,CTTN,552
ICAM1,CTTN,670
ICAM1,CTTN,670
EGF,CTTN,544
EGF,CTTN,544
PXN,CTTN,999
PXN,CTTN,999
IQGAP1,CTTN,835
IQGAP1,CTTN,835
CDH2,CTTN,944
CDH2,CTTN,944
EGFR,CTTN,896
EGFR,CTTN,896
PAK1,CTTN,953
PAK1,CTTN,953
TJP1,CTTN,995
TJP1,CTTN,995
HPGDS,CTTN,531
HPGDS,CTTN,531
ARF6,CTTN,528
ARF6,CTTN,528
CRK,CTTN,514
CRK,CTTN,514
CTNNA1,CTTN,935
CTNNA1,CTTN,935
CASP3,CTTN,712
CASP3,CTTN,712
MET,CTTN,564
MET,CTTN,564
FGF3,CTTN,518
FGF3,CTTN,518
HSP90AA1,CTTN,532
HSP90AA1,CTTN,532
PTK2,CTTN,985
PTK2,CTTN,985
CTNNB1,CTTN,973
CTNNB1,CTTN,973
FYN,CTTN,970
FYN,CTTN,970
FN1,CTTN,632
FN1,CTTN,632
RAC1,CTTN,964
RAC1,CTTN,964
EZR,CTTN,913
EZR,CTTN,913
FLNA,CTTN,535
FLNA,CTTN,535
PTPN1,CTTN,799
PTPN1,CTTN,799
MMP9,CTTN,508
MMP9,CTTN,508
SRC,CTTN,999
SRC,CTTN,999
SYK,CTTN,876
SYK,CTTN,876
NGFR,PIK3CD,800
NGFR,PIK3CD,800
EPOR,PIK3CD,637
EPOR,PIK3CD,637
PIK3R2,PIK3CD,995
PIK3R2,PIK3CD,995
IL2,PIK3CD,656
IL2,PIK3CD,656
IL4,PIK3CD,575
IL4,PIK3CD,575
IL5,PIK3CD,574
IL5,PIK3CD,574
PLEK,PIK3CD,652
PLEK,PIK3CD,652
PLCG1,PIK3CD,765
PLCG1,PIK3CD,765
RAC2,PIK3CD,839
RAC2,PIK3CD,839
RAF1,PIK3CD,856
RAF1,PIK3CD,856
EPO,PIK3CD,610
EPO,PIK3CD,610
KRAS,PIK3CD,920
KRAS,PIK3CD,920
PDGFRA,PIK3CD,831
PDGFRA,PIK3CD,831
PDGFRB,PIK3CD,854
PDGFRB,PIK3CD,854
FLT4,PIK3CD,746
FLT4,PIK3CD,746
PIK3R3,PIK3CD,984
PIK3R3,PIK3CD,984
GAB1,PIK3CD,834
GAB1,PIK3CD,834
AKT3,PIK3CD,853
AKT3,PIK3CD,853
KDR,PIK3CD,876
KDR,PIK3CD,876
PIK3CA,PIK3CD,822
PIK3CA,PIK3CD,822
CBL,PIK3CD,664
CBL,PIK3CD,664
ZAP70,PIK3CD,879
ZAP70,PIK3CD,879
ERBB3,PIK3CD,887
ERBB3,PIK3CD,887
ERBB2,PIK3CD,876
ERBB2,PIK3CD,876
EGFR,PIK3CD,876
EGFR,PIK3CD,876
FLT1,PIK3CD,750
FLT1,PIK3CD,750
KIT,PIK3CD,858
KIT,PIK3CD,858
FGFR4,PIK3CD,625
FGFR4,PIK3CD,625
IL3,PIK3CD,643
IL3,PIK3CD,643
CSF2,PIK3CD,591
CSF2,PIK3CD,591
CRK,PIK3CD,718
CRK,PIK3CD,718
INSR,PIK3CD,882
INSR,PIK3CD,882
IRS1,PIK3CD,942
IRS1,PIK3CD,942
MET,PIK3CD,838
MET,PIK3CD,838
CD28,PIK3CD,902
CD28,PIK3CD,902
PGR,PIK3CD,816
PGR,PIK3CD,816
SOCS1,PIK3CD,593
SOCS1,PIK3CD,593
SOCS3,PIK3CD,574
SOCS3,PIK3CD,574
FGFR3,PIK3CD,646
FGFR3,PIK3CD,646
PTPN11,PIK3CD,853
PTPN11,PIK3CD,853
PTK2,PIK3CD,849
PTK2,PIK3CD,849
ERBB4,PIK3CD,699
ERBB4,PIK3CD,699
JAK1,PIK3CD,698
JAK1,PIK3CD,698
CRKL,PIK3CD,796
CRKL,PIK3CD,796
FYN,PIK3CD,868
FYN,PIK3CD,868
RET,PIK3CD,637
RET,PIK3CD,637
PIK3CG,PIK3CD,884
PIK3CG,PIK3CD,884
MTOR,PIK3CD,906
MTOR,PIK3CD,906
GAB2,PIK3CD,832
GAB2,PIK3CD,832
BECN1,PIK3CD,721
BECN1,PIK3CD,721
NRAS,PIK3CD,887
NRAS,PIK3CD,887
PTEN,PIK3CD,986
PTEN,PIK3CD,986
SRC,PIK3CD,928
SRC,PIK3CD,928
TLR4,PIK3CD,867
TLR4,PIK3CD,867
FGR,PIK3CD,733
FGR,PIK3CD,733
SYK,PIK3CD,908
SYK,PIK3CD,908
IRS2,PIK3CD,903
IRS2,PIK3CD,903
TNFRSF1A,PRKCZ,921
TNFRSF1A,PRKCZ,921
NGFR,PRKCZ,912
NGFR,PRKCZ,912
MAPK1,PRKCZ,934
MAPK1,PRKCZ,934
NFKBIA,PRKCZ,936
NFKBIA,PRKCZ,936
TGFB1,PRKCZ,663
TGFB1,PRKCZ,663
PIK3R2,PRKCZ,827
PIK3R2,PRKCZ,827
IL2,PRKCZ,912
IL2,PRKCZ,912
PLCG1,PRKCZ,740
PLCG1,PRKCZ,740
RAC2,PRKCZ,706
RAC2,PRKCZ,706
RAF1,PRKCZ,932
RAF1,PRKCZ,932
KRAS,PRKCZ,930
KRAS,PRKCZ,930
TLR2,PRKCZ,734
TLR2,PRKCZ,734
CDH1,PRKCZ,933
CDH1,PRKCZ,933
PIK3R3,PRKCZ,818
PIK3R3,PRKCZ,818
MAPK3,PRKCZ,881
MAPK3,PRKCZ,881
AKT3,PRKCZ,937
AKT3,PRKCZ,937
PIK3CA,PRKCZ,927
PIK3CA,PRKCZ,927
TP53,PRKCZ,866
TP53,PRKCZ,866
RPS27A,PRKCZ,625
RPS27A,PRKCZ,625
RASA1,PRKCZ,702
RASA1,PRKCZ,702
EGFR,PRKCZ,725
EGFR,PRKCZ,725
TJP1,PRKCZ,685
TJP1,PRKCZ,685
GNAQ,PRKCZ,926
GNAQ,PRKCZ,926
INSR,PRKCZ,920
INSR,PRKCZ,920
CTNNA1,PRKCZ,918
CTNNA1,PRKCZ,918
UBB,PRKCZ,632
UBB,PRKCZ,632
IRS1,PRKCZ,949
IRS1,PRKCZ,949
CASP3,PRKCZ,510
CASP3,PRKCZ,510
PPP2R1A,PRKCZ,632
PPP2R1A,PRKCZ,632
SP1,PRKCZ,747
SP1,PRKCZ,747
LCK,PRKCZ,915
LCK,PRKCZ,915
PTPN11,PRKCZ,925
PTPN11,PRKCZ,925
JAK1,PRKCZ,931
JAK1,PRKCZ,931
CTNNB1,PRKCZ,959
CTNNB1,PRKCZ,959
TGFBR2,PRKCZ,629
TGFBR2,PRKCZ,629
PIK3CG,PRKCZ,930
PIK3CG,PRKCZ,930
GAB2,PRKCZ,901
GAB2,PRKCZ,901
NGF,PRKCZ,930
NGF,PRKCZ,930
NRAS,PRKCZ,675
NRAS,PRKCZ,675
CHUK,PRKCZ,910
CHUK,PRKCZ,910
PTEN,PRKCZ,769
PTEN,PRKCZ,769
SRC,PRKCZ,968
SRC,PRKCZ,968
IRS2,PRKCZ,900
IRS2,PRKCZ,900
PIK3CD,PRKCZ,830
PIK3CD,PRKCZ,830
FGF4,BMP2,648
FGF4,BMP2,648
GAPDH,BMP2,612
GAPDH,BMP2,612
BMP4,BMP2,907
BMP4,BMP2,907
SOX9,BMP2,870
SOX9,BMP2,870
POU5F1,BMP2,510
POU5F1,BMP2,510
SMAD2,BMP2,794
SMAD2,BMP2,794
MAPK3,BMP2,553
MAPK3,BMP2,553
EP300,BMP2,550
EP300,BMP2,550
IL1B,BMP2,595
IL1B,BMP2,595
FGF2,BMP2,929
FGF2,BMP2,929
WNT5A,BMP2,735
WNT5A,BMP2,735
FGF10,BMP2,594
FGF10,BMP2,594
EGF,BMP2,743
EGF,BMP2,743
FGF7,BMP2,560
FGF7,BMP2,560
EGFR,BMP2,512
EGFR,BMP2,512
WNT3A,BMP2,705
WNT3A,BMP2,705
PPARG,BMP2,529
PPARG,BMP2,529
WNT1,BMP2,759
WNT1,BMP2,759
FGF19,BMP2,514
FGF19,BMP2,514
ALB,BMP2,693
ALB,BMP2,693
SHH,BMP2,887
SHH,BMP2,887
IGF1,BMP2,874
IGF1,BMP2,874
CD34,BMP2,525
CD34,BMP2,525
FGF8,BMP2,671
FGF8,BMP2,671
FGF13,BMP2,855
FGF13,BMP2,855
SOX2,BMP2,571
SOX2,BMP2,571
SMAD3,BMP2,809
SMAD3,BMP2,809
FGF3,BMP2,567
FGF3,BMP2,567
SMAD4,BMP2,989
SMAD4,BMP2,989
CTNNB1,BMP2,883
CTNNB1,BMP2,883
FN1,BMP2,790
FN1,BMP2,790
CCN2,BMP2,882
CCN2,BMP2,882
XIAP,BMP2,942
XIAP,BMP2,942
JUN,BMP2,514
JUN,BMP2,514
CD4,GATA3,827
CD4,GATA3,827
IL2,GATA3,703
IL2,GATA3,703
CCND1,GATA3,946
CCND1,GATA3,946
IFNG,GATA3,750
IFNG,GATA3,750
GAPDH,GATA3,562
GAPDH,GATA3,562
NANOG,GATA3,515
NANOG,GATA3,515
MAPK14,GATA3,943
MAPK14,GATA3,943
IL4,GATA3,862
IL4,GATA3,862
IL5,GATA3,980
IL5,GATA3,980
BMP4,GATA3,596
BMP4,GATA3,596
MDM2,GATA3,588
MDM2,GATA3,588
POU5F1,GATA3,660
POU5F1,GATA3,660
CDH1,GATA3,518
CDH1,GATA3,518
EP300,GATA3,938
EP300,GATA3,938
IL1B,GATA3,569
IL1B,GATA3,569
IL7,GATA3,601
IL7,GATA3,601
PIK3CA,GATA3,586
PIK3CA,GATA3,586
STAT3,GATA3,660
STAT3,GATA3,660
ZAP70,GATA3,505
ZAP70,GATA3,505
TP53,GATA3,600
TP53,GATA3,600
ERBB2,GATA3,645
ERBB2,GATA3,645
FBXW7,GATA3,504
FBXW7,GATA3,504
PPARG,GATA3,579
PPARG,GATA3,579
KIT,GATA3,567
KIT,GATA3,567
STAT5B,GATA3,640
STAT5B,GATA3,640
IL15,GATA3,562
IL15,GATA3,562
CSF2,GATA3,558
CSF2,GATA3,558
STAT6,GATA3,981
STAT6,GATA3,981
IL13,GATA3,981
IL13,GATA3,981
FOS,GATA3,806
FOS,GATA3,806
EZH2,GATA3,609
EZH2,GATA3,609
SOX2,GATA3,646
SOX2,GATA3,646
CD28,GATA3,711
CD28,GATA3,711
PGR,GATA3,844
PGR,GATA3,844
SP1,GATA3,613
SP1,GATA3,613
SMAD3,GATA3,996
SMAD3,GATA3,996
LCK,GATA3,669
LCK,GATA3,669
STAT5A,GATA3,682
STAT5A,GATA3,682
SMAD4,GATA3,947
SMAD4,GATA3,947
CTNNB1,GATA3,523
CTNNB1,GATA3,523
STAT1,GATA3,648
STAT1,GATA3,648
JUN,GATA3,852
JUN,GATA3,852
HDAC1,GATA3,778
HDAC1,GATA3,778
FOXP3,GATA3,970
FOXP3,GATA3,970
GNA11,EDN1,922
GNA11,EDN1,922
MAPK1,EDN1,927
MAPK1,EDN1,927
TIMP1,EDN1,561
TIMP1,EDN1,561
MMP2,EDN1,919
MMP2,EDN1,919
TGFB1,EDN1,740
TGFB1,EDN1,740
HGF,EDN1,515
HGF,EDN1,515
SERPINE1,EDN1,705
SERPINE1,EDN1,705
CCL2,EDN1,678
CCL2,EDN1,678
GAPDH,EDN1,520
GAPDH,EDN1,520
MAPK14,EDN1,943
MAPK14,EDN1,943
PLCG1,EDN1,907
PLCG1,EDN1,907
RAF1,EDN1,922
RAF1,EDN1,922
EPO,EDN1,568
EPO,EDN1,568
THBS1,EDN1,537
THBS1,EDN1,537
MAPK3,EDN1,960
MAPK3,EDN1,960
EP300,EDN1,926
EP300,EDN1,926
IL1B,EDN1,700
IL1B,EDN1,700
KDR,EDN1,550
KDR,EDN1,550
FGF2,EDN1,671
FGF2,EDN1,671
ICAM1,EDN1,697
ICAM1,EDN1,697
EGF,EDN1,963
EGF,EDN1,963
EGFR,EDN1,947
EGFR,EDN1,947
FLT1,EDN1,558
FLT1,EDN1,558
APP,EDN1,638
APP,EDN1,638
GNAQ,EDN1,963
GNAQ,EDN1,963
PPARG,EDN1,652
PPARG,EDN1,652
ALB,EDN1,774
ALB,EDN1,774
MAP2K1,EDN1,941
MAP2K1,EDN1,941
IGF1,EDN1,644
IGF1,EDN1,644
FOS,EDN1,533
FOS,EDN1,533
CXCL8,EDN1,645
CXCL8,EDN1,645
CASP3,EDN1,540
CASP3,EDN1,540
LEP,EDN1,571
LEP,EDN1,571
PDGFB,EDN1,508
PDGFB,EDN1,508
CAV1,EDN1,635
CAV1,EDN1,635
FN1,EDN1,674
FN1,EDN1,674
RAC1,EDN1,909
RAC1,EDN1,909
EZR,EDN1,915
EZR,EDN1,915
PTGS2,EDN1,626
PTGS2,EDN1,626
CCN2,EDN1,722
CCN2,EDN1,722
JUN,EDN1,959
JUN,EDN1,959
MMP9,EDN1,927
MMP9,EDN1,927
SRC,EDN1,953
SRC,EDN1,953
FGR,EDN1,903
FGR,EDN1,903
CD4,FOXO1,517
CD4,FOXO1,517
MAPK1,FOXO1,900
MAPK1,FOXO1,900
IL2,FOXO1,512
IL2,FOXO1,512
CCND1,FOXO1,972
CCND1,FOXO1,972
CDKN1B,FOXO1,964
CDKN1B,FOXO1,964
GAPDH,FOXO1,609
GAPDH,FOXO1,609
NANOG,FOXO1,937
NANOG,FOXO1,937
MAPK14,FOXO1,758
MAPK14,FOXO1,758
NR3C1,FOXO1,814
NR3C1,FOXO1,814
CCNB1,FOXO1,796
CCNB1,FOXO1,796
CDK4,FOXO1,540
CDK4,FOXO1,540
MDM2,FOXO1,857
MDM2,FOXO1,857
POU5F1,FOXO1,557
POU5F1,FOXO1,557
SMAD2,FOXO1,948
SMAD2,FOXO1,948
MAPK3,FOXO1,910
MAPK3,FOXO1,910
EP300,FOXO1,996
EP300,FOXO1,996
AKT3,FOXO1,955
AKT3,FOXO1,955
PIK3CA,FOXO1,580
PIK3CA,FOXO1,580
STAT3,FOXO1,993
STAT3,FOXO1,993
IQGAP1,FOXO1,833
IQGAP1,FOXO1,833
TP53,FOXO1,698
TP53,FOXO1,698
EGFR,FOXO1,503
EGFR,FOXO1,503
ATM,FOXO1,593
ATM,FOXO1,593
PPARG,FOXO1,940
PPARG,FOXO1,940
STAT5B,FOXO1,556
STAT5B,FOXO1,556
ALB,FOXO1,533
ALB,FOXO1,533
BCL2L1,FOXO1,526
BCL2L1,FOXO1,526
IGF1,FOXO1,695
IGF1,FOXO1,695
INSR,FOXO1,588
INSR,FOXO1,588
IRS1,FOXO1,753
IRS1,FOXO1,753
FOS,FOXO1,941
FOS,FOXO1,941
PRKACA,FOXO1,973
PRKACA,FOXO1,973
CASP3,FOXO1,620
CASP3,FOXO1,620
LEP,FOXO1,651
LEP,FOXO1,651
HNF4A,FOXO1,973
HNF4A,FOXO1,973
SOX2,FOXO1,940
SOX2,FOXO1,940
PGR,FOXO1,844
PGR,FOXO1,844
SMAD3,FOXO1,979
SMAD3,FOXO1,979
CAV1,FOXO1,929
CAV1,FOXO1,929
STAT5A,FOXO1,577
STAT5A,FOXO1,577
SMAD4,FOXO1,967
SMAD4,FOXO1,967
JAK1,FOXO1,930
JAK1,FOXO1,930
CTNNB1,FOXO1,999
CTNNB1,FOXO1,999
MTOR,FOXO1,730
MTOR,FOXO1,730
BECN1,FOXO1,523
BECN1,FOXO1,523
PARP1,FOXO1,536
PARP1,FOXO1,536
IL6R,FOXO1,917
IL6R,FOXO1,917
CHUK,FOXO1,870
CHUK,FOXO1,870
JUN,FOXO1,631
JUN,FOXO1,631
PTEN,FOXO1,744
PTEN,FOXO1,744
YWHAB,FOXO1,936
YWHAB,FOXO1,936
HDAC1,FOXO1,778
HDAC1,FOXO1,778
SRC,FOXO1,591
SRC,FOXO1,591
AR,FOXO1,981
AR,FOXO1,981
IRS2,FOXO1,702
IRS2,FOXO1,702
PIK3CD,FOXO1,513
PIK3CD,FOXO1,513
GATA3,FOXO1,524
GATA3,FOXO1,524
CD4,IFNB1,740
CD4,IFNB1,740
TNFRSF1A,IFNB1,584
TNFRSF1A,IFNB1,584
NFKBIA,IFNB1,659
NFKBIA,IFNB1,659
EPOR,IFNB1,622
EPOR,IFNB1,622
CSF3,IFNB1,572
CSF3,IFNB1,572
CCL2,IFNB1,688
CCL2,IFNB1,688
IL2,IFNB1,707
IL2,IFNB1,707
IFNG,IFNB1,806
IFNG,IFNB1,806
GAPDH,IFNB1,681
GAPDH,IFNB1,681
IL4,IFNB1,703
IL4,IFNB1,703
IL5,IFNB1,595
IL5,IFNB1,595
NR3C1,IFNB1,918
NR3C1,IFNB1,918
PDGFRA,IFNB1,634
PDGFRA,IFNB1,634
TLR2,IFNB1,779
TLR2,IFNB1,779
PDGFRB,IFNB1,643
PDGFRB,IFNB1,643
EP300,IFNB1,936
EP300,IFNB1,936
IL1A,IFNB1,685
IL1A,IFNB1,685
IL1B,IFNB1,816
IL1B,IFNB1,816
IL7,IFNB1,506
IL7,IFNB1,506
STAT3,IFNB1,636
STAT3,IFNB1,636
ICAM1,IFNB1,564
ICAM1,IFNB1,564
TP53,IFNB1,521
TP53,IFNB1,521
EGFR,IFNB1,814
EGFR,IFNB1,814
ALB,IFNB1,581
ALB,IFNB1,581
IL15,IFNB1,624
IL15,IFNB1,624
IL3,IFNB1,595
IL3,IFNB1,595
CSF2,IFNB1,788
CSF2,IFNB1,788
IL13,IFNB1,610
IL13,IFNB1,610
FOS,IFNB1,948
FOS,IFNB1,948
CXCL8,IFNB1,735
CXCL8,IFNB1,735
CASP3,IFNB1,520
CASP3,IFNB1,520
CD28,IFNB1,505
CD28,IFNB1,505
CSF1,IFNB1,559
CSF1,IFNB1,559
SOCS1,IFNB1,859
SOCS1,IFNB1,859
SOCS3,IFNB1,816
SOCS3,IFNB1,816
PTPN11,IFNB1,929
PTPN11,IFNB1,929
JAK1,IFNB1,966
JAK1,IFNB1,966
FAS,IFNB1,519
FAS,IFNB1,519
CASP8,IFNB1,533
CASP8,IFNB1,533
STAT1,IFNB1,984
STAT1,IFNB1,984
IL6R,IFNB1,721
IL6R,IFNB1,721
CHUK,IFNB1,607
CHUK,IFNB1,607
JUN,IFNB1,963
JUN,IFNB1,963
PTPN1,IFNB1,913
PTPN1,IFNB1,913
TLR4,IFNB1,948
TLR4,IFNB1,948
FOXP3,IFNB1,566
FOXP3,IFNB1,566
CD4,SDC1,736
CD4,SDC1,736
MAPK1,SDC1,913
MAPK1,SDC1,913
TGFB1,SDC1,918
TGFB1,SDC1,918
HGF,SDC1,997
HGF,SDC1,997
CCND1,SDC1,650
CCND1,SDC1,650
IL4,SDC1,562
IL4,SDC1,562
FGF23,SDC1,905
FGF23,SDC1,905
THBS1,SDC1,974
THBS1,SDC1,974
CDH1,SDC1,527
CDH1,SDC1,527
MAPK3,SDC1,932
MAPK3,SDC1,932
EP300,SDC1,577
EP300,SDC1,577
FGF2,SDC1,997
FGF2,SDC1,997
TP53,SDC1,621
TP53,SDC1,621
ERBB2,SDC1,741
ERBB2,SDC1,741
EGFR,SDC1,737
EGFR,SDC1,737
APP,SDC1,508
APP,SDC1,508
KIT,SDC1,594
KIT,SDC1,594
FGFR4,SDC1,910
FGFR4,SDC1,910
WNT1,SDC1,847
WNT1,SDC1,847
FGF19,SDC1,911
FGF19,SDC1,911
ALB,SDC1,602
ALB,SDC1,602
ANXA5,SDC1,594
ANXA5,SDC1,594
IGF1,SDC1,719
IGF1,SDC1,719
CXCL8,SDC1,843
CXCL8,SDC1,843
PRKACA,SDC1,900
PRKACA,SDC1,900
CD34,SDC1,565
CD34,SDC1,565
MET,SDC1,942
MET,SDC1,942
CD28,SDC1,509
CD28,SDC1,509
FGFR3,SDC1,942
FGFR3,SDC1,942
FN1,SDC1,997
FN1,SDC1,997
FAS,SDC1,637
FAS,SDC1,637
NF1,SDC1,962
NF1,SDC1,962
EPHA2,SDC1,510
EPHA2,SDC1,510
MMP9,SDC1,984
MMP9,SDC1,984
SRC,SDC1,544
SRC,SDC1,544
TLR4,SDC1,536
TLR4,SDC1,536
FOXP3,SDC1,571
FOXP3,SDC1,571
CTTN,SDC1,623
CTTN,SDC1,623
MAPK1,IL6ST,926
MAPK1,IL6ST,926
PIK3R2,IL6ST,638
PIK3R2,IL6ST,638
CSF3,IL6ST,675
CSF3,IL6ST,675
IL2,IL6ST,711
IL2,IL6ST,711
IFNG,IL6ST,700
IFNG,IL6ST,700
IL4,IL6ST,712
IL4,IL6ST,712
IL5,IL6ST,673
IL5,IL6ST,673
LIF,IL6ST,997
LIF,IL6ST,997
EPO,IL6ST,627
EPO,IL6ST,627
PIK3R3,IL6ST,606
PIK3R3,IL6ST,606
GAB1,IL6ST,927
GAB1,IL6ST,927
MAPK3,IL6ST,923
MAPK3,IL6ST,923
IL7,IL6ST,673
IL7,IL6ST,673
PIK3CA,IL6ST,687
PIK3CA,IL6ST,687
CBL,IL6ST,617
CBL,IL6ST,617
STAT3,IL6ST,986
STAT3,IL6ST,986
EGF,IL6ST,682
EGF,IL6ST,682
ERBB2,IL6ST,557
ERBB2,IL6ST,557
IFNA1,IL6ST,670
IFNA1,IL6ST,670
IL15,IL6ST,708
IL15,IL6ST,708
IL3,IL6ST,730
IL3,IL6ST,730
CSF2,IL6ST,691
CSF2,IL6ST,691
MAP2K1,IL6ST,906
MAP2K1,IL6ST,906
IL13,IL6ST,710
IL13,IL6ST,710
LEP,IL6ST,693
LEP,IL6ST,693
SOCS3,IL6ST,993
SOCS3,IL6ST,993
PDGFB,IL6ST,620
PDGFB,IL6ST,620
PTPN11,IL6ST,997
PTPN11,IL6ST,997
STAT5A,IL6ST,928
STAT5A,IL6ST,928
JAK1,IL6ST,998
JAK1,IL6ST,998
PDGFA,IL6ST,625
PDGFA,IL6ST,625
STAT1,IL6ST,985
STAT1,IL6ST,985
GAB2,IL6ST,900
GAB2,IL6ST,900
IL6R,IL6ST,994
IL6R,IL6ST,994
PIK3CD,IL6ST,612
PIK3CD,IL6ST,612
FOXO1,IL6ST,912
FOXO1,IL6ST,912
IFNB1,IL6ST,671
IFNB1,IL6ST,671
CD4,CD274,988
CD4,CD274,988
CSK,CD274,613
CSK,CD274,613
CSF3,CD274,508
CSF3,CD274,508
CCL2,CD274,624
CCL2,CD274,624
IL2,CD274,802
IL2,CD274,802
IFNG,CD274,787
IFNG,CD274,787
IL4,CD274,691
IL4,CD274,691
KRAS,CD274,683
KRAS,CD274,683
TLR2,CD274,554
TLR2,CD274,554
IL1B,CD274,683
IL1B,CD274,683
EPCAM,CD274,561
EPCAM,CD274,561
IL7,CD274,611
IL7,CD274,611
KDR,CD274,576
KDR,CD274,576
PIK3CA,CD274,610
PIK3CA,CD274,610
STAT3,CD274,705
STAT3,CD274,705
ICAM1,CD274,596
ICAM1,CD274,596
ZAP70,CD274,512
ZAP70,CD274,512
TP53,CD274,682
TP53,CD274,682
ERBB2,CD274,720
ERBB2,CD274,720
EGFR,CD274,769
EGFR,CD274,769
IFNA1,CD274,654
IFNA1,CD274,654
ATM,CD274,530
ATM,CD274,530
KIT,CD274,557
KIT,CD274,557
ALB,CD274,604
ALB,CD274,604
ANXA5,CD274,542
ANXA5,CD274,542
IL15,CD274,681
IL15,CD274,681
CSF2,CD274,736
CSF2,CD274,736
IL13,CD274,566
IL13,CD274,566
CXCL8,CD274,617
CXCL8,CD274,617
CD34,CD274,504
CD34,CD274,504
MET,CD274,557
MET,CD274,557
CD28,CD274,925
CD28,CD274,925
CSF1,CD274,605
CSF1,CD274,605
SOCS1,CD274,501
SOCS1,CD274,501
LCK,CD274,751
LCK,CD274,751
PTPN11,CD274,974
PTPN11,CD274,974
JAK1,CD274,561
JAK1,CD274,561
CTNNB1,CD274,528
CTNNB1,CD274,528
RET,CD274,503
RET,CD274,503
FAS,CD274,520
FAS,CD274,520
STAT1,CD274,744
STAT1,CD274,744
MTOR,CD274,637
MTOR,CD274,637
CD247,CD274,960
CD247,CD274,960
PTGS2,CD274,511
PTGS2,CD274,511
NRAS,CD274,517
NRAS,CD274,517
PTEN,CD274,659
PTEN,CD274,659
TLR4,CD274,608
TLR4,CD274,608
FOXP3,CD274,865
FOXP3,CD274,865
IFNB1,CD274,580
IFNB1,CD274,580
CD4,JAK2,617
CD4,JAK2,617
GNA11,JAK2,530
GNA11,JAK2,530
TNFRSF1A,JAK2,913
TNFRSF1A,JAK2,913
MAPK1,JAK2,929
MAPK1,JAK2,929
NFKBIA,JAK2,968
NFKBIA,JAK2,968
EPOR,JAK2,999
EPOR,JAK2,999
PIK3R2,JAK2,850
PIK3R2,JAK2,850
CSF3,JAK2,831
CSF3,JAK2,831
CCL2,JAK2,531
CCL2,JAK2,531
IL2,JAK2,830
IL2,JAK2,830
CCND1,JAK2,964
CCND1,JAK2,964
CDKN1B,JAK2,958
CDKN1B,JAK2,958
IFNG,JAK2,967
IFNG,JAK2,967
GAPDH,JAK2,618
GAPDH,JAK2,618
HBEGF,JAK2,922
HBEGF,JAK2,922
IL4,JAK2,954
IL4,JAK2,954
IL5,JAK2,949
IL5,JAK2,949
PLCG1,JAK2,960
PLCG1,JAK2,960
LIF,JAK2,801
LIF,JAK2,801
RAF1,JAK2,744
RAF1,JAK2,744
EPO,JAK2,983
EPO,JAK2,983
KRAS,JAK2,965
KRAS,JAK2,965
PDGFRA,JAK2,867
PDGFRA,JAK2,867
CDK4,JAK2,926
CDK4,JAK2,926
PDGFRB,JAK2,947
PDGFRB,JAK2,947
PIK3R3,JAK2,852
PIK3R3,JAK2,852
GAB1,JAK2,921
GAB1,JAK2,921
MAPK3,JAK2,937
MAPK3,JAK2,937
IL1B,JAK2,963
IL1B,JAK2,963
IL7,JAK2,802
IL7,JAK2,802
KDR,JAK2,866
KDR,JAK2,866
PIK3CA,JAK2,967
PIK3CA,JAK2,967
CBL,JAK2,971
CBL,JAK2,971
STAT3,JAK2,999
STAT3,JAK2,999
EGF,JAK2,586
EGF,JAK2,586
ERBB3,JAK2,942
ERBB3,JAK2,942
PXN,JAK2,929
PXN,JAK2,929
TP53,JAK2,692
TP53,JAK2,692
ERBB2,JAK2,953
ERBB2,JAK2,953
EGFR,JAK2,974
EGFR,JAK2,974
IFNA1,JAK2,834
IFNA1,JAK2,834
ATM,JAK2,521
ATM,JAK2,521
GNAQ,JAK2,531
GNAQ,JAK2,531
KIT,JAK2,965
KIT,JAK2,965
STAT5B,JAK2,999
STAT5B,JAK2,999
HPGDS,JAK2,709
HPGDS,JAK2,709
ALB,JAK2,556
ALB,JAK2,556
ANXA5,JAK2,569
ANXA5,JAK2,569
IL15,JAK2,693
IL15,JAK2,693
IL3,JAK2,966
IL3,JAK2,966
CSF2,JAK2,961
CSF2,JAK2,961
NPM1,JAK2,661
NPM1,JAK2,661
STAT6,JAK2,985
STAT6,JAK2,985
MAP2K1,JAK2,665
MAP2K1,JAK2,665
BCL2L1,JAK2,707
BCL2L1,JAK2,707
IGF1,JAK2,608
IGF1,JAK2,608
HSPA4,JAK2,719
HSPA4,JAK2,719
INSR,JAK2,554
INSR,JAK2,554
IRS1,JAK2,999
IRS1,JAK2,999
IL13,JAK2,793
IL13,JAK2,793
FOS,JAK2,520
FOS,JAK2,520
CXCL8,JAK2,563
CXCL8,JAK2,563
PRKACA,JAK2,909
PRKACA,JAK2,909
CD34,JAK2,615
CD34,JAK2,615
CASP3,JAK2,653
CASP3,JAK2,653
LEP,JAK2,980
LEP,JAK2,980
MET,JAK2,843
MET,JAK2,843
EZH2,JAK2,741
EZH2,JAK2,741
SOCS1,JAK2,999
SOCS1,JAK2,999
SOCS3,JAK2,999
SOCS3,JAK2,999
PDGFB,JAK2,916
PDGFB,JAK2,916
HSP90AA1,JAK2,942
HSP90AA1,JAK2,942
LCK,JAK2,916
LCK,JAK2,916
CAV1,JAK2,847
CAV1,JAK2,847
FGFR3,JAK2,848
FGFR3,JAK2,848
PTPN11,JAK2,999
PTPN11,JAK2,999
PTK2,JAK2,958
PTK2,JAK2,958
STAT5A,JAK2,999
STAT5A,JAK2,999
SMAD4,JAK2,506
SMAD4,JAK2,506
ERBB4,JAK2,926
ERBB4,JAK2,926
JAK1,JAK2,933
JAK1,JAK2,933
CTNNB1,JAK2,639
CTNNB1,JAK2,639
CRKL,JAK2,935
CRKL,JAK2,935
FYN,JAK2,730
FYN,JAK2,730
NF1,JAK2,562
NF1,JAK2,562
PIK3CG,JAK2,990
PIK3CG,JAK2,990
STAT1,JAK2,999
STAT1,JAK2,999
MTOR,JAK2,596
MTOR,JAK2,596
GAB2,JAK2,939
GAB2,JAK2,939
PTGS2,JAK2,502
PTGS2,JAK2,502
IL6R,JAK2,958
IL6R,JAK2,958
MCL1,JAK2,624
MCL1,JAK2,624
NRAS,JAK2,965
NRAS,JAK2,965
JUN,JAK2,649
JUN,JAK2,649
HSP90AB1,JAK2,725
HSP90AB1,JAK2,725
PTPN1,JAK2,997
PTPN1,JAK2,997
PTEN,JAK2,740
PTEN,JAK2,740
MMP9,JAK2,532
MMP9,JAK2,532
YWHAB,JAK2,916
YWHAB,JAK2,916
SRC,JAK2,956
SRC,JAK2,956
TLR4,JAK2,642
TLR4,JAK2,642
IRS2,JAK2,980
IRS2,JAK2,980
PIK3CD,JAK2,857
PIK3CD,JAK2,857
EDN1,JAK2,928
EDN1,JAK2,928
IFNB1,JAK2,800
IFNB1,JAK2,800
IL6ST,JAK2,989
IL6ST,JAK2,989
CD274,JAK2,637
CD274,JAK2,637
CD4,ALK,529
CD4,ALK,529
GNA11,ALK,610
GNA11,ALK,610
MAPK1,ALK,571
MAPK1,ALK,571
PIK3R2,ALK,673
PIK3R2,ALK,673
HGF,ALK,529
HGF,ALK,529
CCND1,ALK,528
CCND1,ALK,528
PLCG1,ALK,979
PLCG1,ALK,979
KRAS,ALK,978
KRAS,ALK,978
MDM2,ALK,525
MDM2,ALK,525
SMAD2,ALK,628
SMAD2,ALK,628
PIK3R3,ALK,661
PIK3R3,ALK,661
GAB1,ALK,649
GAB1,ALK,649
MAPK3,ALK,564
MAPK3,ALK,564
PIK3CA,ALK,954
PIK3CA,ALK,954
STAT3,ALK,740
STAT3,ALK,740
EGF,ALK,536
EGF,ALK,536
ERBB3,ALK,571
ERBB3,ALK,571
TP53,ALK,714
TP53,ALK,714
ERBB2,ALK,626
ERBB2,ALK,626
EGFR,ALK,588
EGFR,ALK,588
ATM,ALK,531
ATM,ALK,531
FBXW7,ALK,582
FBXW7,ALK,582
GNAQ,ALK,576
GNAQ,ALK,576
KIT,ALK,576
KIT,ALK,576
ALB,ALK,511
ALB,ALK,511
NPM1,ALK,991
NPM1,ALK,991
IRS1,ALK,837
IRS1,ALK,837
TERT,ALK,521
TERT,ALK,521
CD34,ALK,523
CD34,ALK,523
MET,ALK,509
MET,ALK,509
HSP90AA1,ALK,871
HSP90AA1,ALK,871
PTPN11,ALK,733
PTPN11,ALK,733
SMAD4,ALK,731
SMAD4,ALK,731
ERBB4,ALK,519
ERBB4,ALK,519
JAK1,ALK,837
JAK1,ALK,837
CTNNB1,ALK,721
CTNNB1,ALK,721
RET,ALK,612
RET,ALK,612
NF1,ALK,810
NF1,ALK,810
TGFBR2,ALK,667
TGFBR2,ALK,667
MTOR,ALK,548
MTOR,ALK,548
NRAS,ALK,926
NRAS,ALK,926
HSP90AB1,ALK,665
HSP90AB1,ALK,665
PTEN,ALK,710
PTEN,ALK,710
PIK3CD,ALK,840
PIK3CD,ALK,840
BMP2,ALK,506
BMP2,ALK,506
CD274,ALK,758
CD274,ALK,758
JAK2,ALK,889
JAK2,ALK,889
PLEK,DNM2,619
PLEK,DNM2,619
CDH1,DNM2,933
CDH1,DNM2,933
PDGFRB,DNM2,903
PDGFRB,DNM2,903
KDR,DNM2,960
KDR,DNM2,960
CBL,DNM2,946
CBL,DNM2,946
ERBB2,DNM2,594
ERBB2,DNM2,594
EGFR,DNM2,584
EGFR,DNM2,584
TJP1,DNM2,502
TJP1,DNM2,502
HPGDS,DNM2,592
HPGDS,DNM2,592
ARF6,DNM2,762
ARF6,DNM2,762
LRRK2,DNM2,557
LRRK2,DNM2,557
CTNNA1,DNM2,909
CTNNA1,DNM2,909
FOS,DNM2,682
FOS,DNM2,682
PDGFB,DNM2,900
PDGFB,DNM2,900
CAV1,DNM2,993
CAV1,DNM2,993
PTPN11,DNM2,533
PTPN11,DNM2,533
PTK2,DNM2,768
PTK2,DNM2,768
CTNNB1,DNM2,959
CTNNB1,DNM2,959
TFRC,DNM2,793
TFRC,DNM2,793
NGF,DNM2,913
NGF,DNM2,913
EPS15,DNM2,894
EPS15,DNM2,894
SRC,DNM2,987
SRC,DNM2,987
TLR4,DNM2,909
TLR4,DNM2,909
CTTN,DNM2,997
CTTN,DNM2,997
MAPK1,AKT2,887
MAPK1,AKT2,887
PIK3R2,AKT2,886
PIK3R2,AKT2,886
CCND1,AKT2,532
CCND1,AKT2,532
CDKN1B,AKT2,939
CDKN1B,AKT2,939
GAPDH,AKT2,685
GAPDH,AKT2,685
MAPK14,AKT2,763
MAPK14,AKT2,763
PLEK,AKT2,706
PLEK,AKT2,706
SNAI1,AKT2,652
SNAI1,AKT2,652
RAC2,AKT2,781
RAC2,AKT2,781
RAF1,AKT2,842
RAF1,AKT2,842
KRAS,AKT2,670
KRAS,AKT2,670
MDM2,AKT2,949
MDM2,AKT2,949
PIK3R3,AKT2,861
PIK3R3,AKT2,861
MAPK3,AKT2,890
MAPK3,AKT2,890
AKT3,AKT2,813
AKT3,AKT2,813
PIK3CA,AKT2,938
PIK3CA,AKT2,938
STAT3,AKT2,519
STAT3,AKT2,519
ERBB3,AKT2,578
ERBB3,AKT2,578
TP53,AKT2,960
TP53,AKT2,960
PPARG,AKT2,528
PPARG,AKT2,528
WNT1,AKT2,522
WNT1,AKT2,522
BCL2L1,AKT2,881
BCL2L1,AKT2,881
IGF1,AKT2,628
IGF1,AKT2,628
INSR,AKT2,937
INSR,AKT2,937
IRS1,AKT2,823
IRS1,AKT2,823
CASP3,AKT2,666
CASP3,AKT2,666
PPP2R1A,AKT2,933
PPP2R1A,AKT2,933
CD28,AKT2,692
CD28,AKT2,692
CASP9,AKT2,941
CASP9,AKT2,941
HSP90AA1,AKT2,930
HSP90AA1,AKT2,930
LCK,AKT2,732
LCK,AKT2,732
SMAD4,AKT2,559
SMAD4,AKT2,559
CTNNB1,AKT2,972
CTNNB1,AKT2,972
FYN,AKT2,758
FYN,AKT2,758
RAC1,AKT2,744
RAC1,AKT2,744
PIK3CG,AKT2,940
PIK3CG,AKT2,940
MTOR,AKT2,979
MTOR,AKT2,979
CHUK,AKT2,929
CHUK,AKT2,929
JUN,AKT2,904
JUN,AKT2,904
HSP90AB1,AKT2,842
HSP90AB1,AKT2,842
PTEN,AKT2,932
PTEN,AKT2,932
SRC,AKT2,793
SRC,AKT2,793
IRS2,AKT2,759
IRS2,AKT2,759
PIK3CD,AKT2,897
PIK3CD,AKT2,897
PRKCZ,AKT2,862
PRKCZ,AKT2,862
FOXO1,AKT2,969
FOXO1,AKT2,969
CD4,GRB2,538
CD4,GRB2,538
TNFRSF1A,GRB2,851
TNFRSF1A,GRB2,851
FGF4,GRB2,651
FGF4,GRB2,651
NGFR,GRB2,942
NGFR,GRB2,942
MAPK1,GRB2,986
MAPK1,GRB2,986
CSK,GRB2,956
CSK,GRB2,956
EPOR,GRB2,995
EPOR,GRB2,995
PIK3R2,GRB2,876
PIK3R2,GRB2,876
HGF,GRB2,963
HGF,GRB2,963
IL2,GRB2,945
IL2,GRB2,945
CDKN1B,GRB2,897
CDKN1B,GRB2,897
GAPDH,GRB2,505
GAPDH,GRB2,505
MAPK14,GRB2,587
MAPK14,GRB2,587
HBEGF,GRB2,935
HBEGF,GRB2,935
IL4,GRB2,930
IL4,GRB2,930
IL5,GRB2,915
IL5,GRB2,915
PLEK,GRB2,615
PLEK,GRB2,615
FGF23,GRB2,559
FGF23,GRB2,559
PLCG1,GRB2,997
PLCG1,GRB2,997
EREG,GRB2,653
EREG,GRB2,653
RAC2,GRB2,553
RAC2,GRB2,553
LIF,GRB2,915
LIF,GRB2,915
RAF1,GRB2,846
RAF1,GRB2,846
EPO,GRB2,929
EPO,GRB2,929
KRAS,GRB2,990
KRAS,GRB2,990
PDGFRA,GRB2,965
PDGFRA,GRB2,965
CDH1,GRB2,558
CDH1,GRB2,558
PDGFRB,GRB2,994
PDGFRB,GRB2,994
FLT4,GRB2,981
FLT4,GRB2,981
PIK3R3,GRB2,691
PIK3R3,GRB2,691
GAB1,GRB2,999
GAB1,GRB2,999
MAPK3,GRB2,998
MAPK3,GRB2,998
AKT3,GRB2,586
AKT3,GRB2,586
KDR,GRB2,995
KDR,GRB2,995
PIK3CA,GRB2,984
PIK3CA,GRB2,984
CBL,GRB2,999
CBL,GRB2,999
FGF2,GRB2,792
FGF2,GRB2,792
STAT3,GRB2,970
STAT3,GRB2,970
FGF10,GRB2,598
FGF10,GRB2,598
ZAP70,GRB2,703
ZAP70,GRB2,703
EGF,GRB2,998
EGF,GRB2,998
ERBB3,GRB2,999
ERBB3,GRB2,999
PXN,GRB2,995
PXN,GRB2,995
FGF7,GRB2,632
FGF7,GRB2,632
TP53,GRB2,569
TP53,GRB2,569
ERBB2,GRB2,999
ERBB2,GRB2,999
RPS27A,GRB2,677
RPS27A,GRB2,677
EGFR,GRB2,999
EGFR,GRB2,999
NTRK2,GRB2,957
NTRK2,GRB2,957
PAK1,GRB2,860
PAK1,GRB2,860
FLT1,GRB2,965
FLT1,GRB2,965
APP,GRB2,988
APP,GRB2,988
KIT,GRB2,999
KIT,GRB2,999
FGFR4,GRB2,925
FGFR4,GRB2,925
STAT5B,GRB2,772
STAT5B,GRB2,772
FGF19,GRB2,585
FGF19,GRB2,585
HPGDS,GRB2,939
HPGDS,GRB2,939
TGFA,GRB2,579
TGFA,GRB2,579
IL15,GRB2,691
IL15,GRB2,691
IL3,GRB2,954
IL3,GRB2,954
CSF2,GRB2,926
CSF2,GRB2,926
NPM1,GRB2,799
NPM1,GRB2,799
ARF6,GRB2,727
ARF6,GRB2,727
CRK,GRB2,941
CRK,GRB2,941
MAP2K1,GRB2,977
MAP2K1,GRB2,977
IGF1,GRB2,993
IGF1,GRB2,993
INSR,GRB2,970
INSR,GRB2,970
UBB,GRB2,615
UBB,GRB2,615
IRS1,GRB2,999
IRS1,GRB2,999
FOS,GRB2,520
FOS,GRB2,520
MET,GRB2,999
MET,GRB2,999
FGF8,GRB2,597
FGF8,GRB2,597
HSPA5,GRB2,663
HSPA5,GRB2,663
PPP2R1A,GRB2,615
PPP2R1A,GRB2,615
CD28,GRB2,999
CD28,GRB2,999
SOCS1,GRB2,990
SOCS1,GRB2,990
SOCS3,GRB2,548
SOCS3,GRB2,548
PDGFB,GRB2,921
PDGFB,GRB2,921
HGS,GRB2,944
HGS,GRB2,944
FGF3,GRB2,591
FGF3,GRB2,591
HSP90AA1,GRB2,819
HSP90AA1,GRB2,819
LCK,GRB2,945
LCK,GRB2,945
CAV1,GRB2,948
CAV1,GRB2,948
FGFR3,GRB2,981
FGFR3,GRB2,981
PTPN11,GRB2,996
PTPN11,GRB2,996
PTK2,GRB2,999
PTK2,GRB2,999
STAT5A,GRB2,786
STAT5A,GRB2,786
ERBB4,GRB2,999
ERBB4,GRB2,999
JAK1,GRB2,984
JAK1,GRB2,984
CTNNB1,GRB2,579
CTNNB1,GRB2,579
ANXA2,GRB2,740
ANXA2,GRB2,740
CRKL,GRB2,948
CRKL,GRB2,948
PDGFA,GRB2,916
PDGFA,GRB2,916
FYN,GRB2,961
FYN,GRB2,961
FN1,GRB2,822
FN1,GRB2,822
RET,GRB2,997
RET,GRB2,997
RAC1,GRB2,813
RAC1,GRB2,813
EPHA2,GRB2,988
EPHA2,GRB2,988
TGFBR2,GRB2,764
TGFBR2,GRB2,764
PIK3CG,GRB2,601
PIK3CG,GRB2,601
MTOR,GRB2,952
MTOR,GRB2,952
CD247,GRB2,637
CD247,GRB2,637
GAB2,GRB2,999
GAB2,GRB2,999
EZR,GRB2,698
EZR,GRB2,698
IL6R,GRB2,913
IL6R,GRB2,913
NGF,GRB2,960
NGF,GRB2,960
NRAS,GRB2,976
NRAS,GRB2,976
FLNA,GRB2,567
FLNA,GRB2,567
JUN,GRB2,608
JUN,GRB2,608
HSP90AB1,GRB2,514
HSP90AB1,GRB2,514
PTPN1,GRB2,999
PTPN1,GRB2,999
EPS15,GRB2,986
EPS15,GRB2,986
PTEN,GRB2,958
PTEN,GRB2,958
ABL1,GRB2,990
ABL1,GRB2,990
YWHAB,GRB2,537
YWHAB,GRB2,537
SRC,GRB2,984
SRC,GRB2,984
SYK,GRB2,997
SYK,GRB2,997
IRS2,GRB2,999
IRS2,GRB2,999
CTTN,GRB2,869
CTTN,GRB2,869
PIK3CD,GRB2,731
PIK3CD,GRB2,731
PRKCZ,GRB2,927
PRKCZ,GRB2,927
IL6ST,GRB2,931
IL6ST,GRB2,931
JAK2,GRB2,999
JAK2,GRB2,999
ALK,GRB2,982
ALK,GRB2,982
DNM2,GRB2,999
DNM2,GRB2,999
AKT2,GRB2,631
AKT2,GRB2,631
CD4,BCL2L11,595
CD4,BCL2L11,595
TNFRSF1A,BCL2L11,507
TNFRSF1A,BCL2L11,507
NGFR,BCL2L11,695
NGFR,BCL2L11,695
VCL,BCL2L11,692
VCL,BCL2L11,692
MAPK1,BCL2L11,904
MAPK1,BCL2L11,904
CSK,BCL2L11,656
CSK,BCL2L11,656
IL2,BCL2L11,531
IL2,BCL2L11,531
CCND1,BCL2L11,642
CCND1,BCL2L11,642
CDKN1B,BCL2L11,616
CDKN1B,BCL2L11,616
GAPDH,BCL2L11,616
GAPDH,BCL2L11,616
RAF1,BCL2L11,948
RAF1,BCL2L11,948
KRAS,BCL2L11,541
KRAS,BCL2L11,541
CCNB1,BCL2L11,589
CCNB1,BCL2L11,589
CDK4,BCL2L11,523
CDK4,BCL2L11,523
MDM2,BCL2L11,566
MDM2,BCL2L11,566
MAPK3,BCL2L11,940
MAPK3,BCL2L11,940
EP300,BCL2L11,936
EP300,BCL2L11,936
IL7,BCL2L11,514
IL7,BCL2L11,514
CBL,BCL2L11,567
CBL,BCL2L11,567
STAT3,BCL2L11,597
STAT3,BCL2L11,597
IQGAP1,BCL2L11,622
IQGAP1,BCL2L11,622
TP53,BCL2L11,741
TP53,BCL2L11,741
ERBB2,BCL2L11,543
ERBB2,BCL2L11,543
EGFR,BCL2L11,636
EGFR,BCL2L11,636
STAT5B,BCL2L11,519
STAT5B,BCL2L11,519
ANXA5,BCL2L11,750
ANXA5,BCL2L11,750
MAP2K1,BCL2L11,814
MAP2K1,BCL2L11,814
BCL2L1,BCL2L11,999
BCL2L1,BCL2L11,999
HSPA4,BCL2L11,631
HSPA4,BCL2L11,631
CYCS,BCL2L11,825
CYCS,BCL2L11,825
CASP3,BCL2L11,983
CASP3,BCL2L11,983
HSPA5,BCL2L11,559
HSPA5,BCL2L11,559
CASP9,BCL2L11,823
CASP9,BCL2L11,823
SMAD3,BCL2L11,933
SMAD3,BCL2L11,933
HSP90AA1,BCL2L11,501
HSP90AA1,BCL2L11,501
STAT5A,BCL2L11,523
STAT5A,BCL2L11,523
SMAD4,BCL2L11,936
SMAD4,BCL2L11,936
CTNNB1,BCL2L11,524
CTNNB1,BCL2L11,524
FN1,BCL2L11,734
FN1,BCL2L11,734
FAS,BCL2L11,566
FAS,BCL2L11,566
RAC1,BCL2L11,679
RAC1,BCL2L11,679
CASP8,BCL2L11,783
CASP8,BCL2L11,783
MTOR,BCL2L11,557
MTOR,BCL2L11,557
BECN1,BCL2L11,974
BECN1,BCL2L11,974
MCL1,BCL2L11,999
MCL1,BCL2L11,999
NGF,BCL2L11,781
NGF,BCL2L11,781
XIAP,BCL2L11,729
XIAP,BCL2L11,729
JUN,BCL2L11,854
JUN,BCL2L11,854
PTEN,BCL2L11,686
PTEN,BCL2L11,686
SRC,BCL2L11,820
SRC,BCL2L11,820
FOXO1,BCL2L11,976
FOXO1,BCL2L11,976
JAK2,BCL2L11,937
JAK2,BCL2L11,937
CD4,SPP1,521
CD4,SPP1,521
TIMP1,SPP1,688
TIMP1,SPP1,688
MMP2,SPP1,702
MMP2,SPP1,702
TGFB1,SPP1,604
TGFB1,SPP1,604
HGF,SPP1,576
HGF,SPP1,576
SERPINE1,SPP1,550
SERPINE1,SPP1,550
CCL2,SPP1,690
CCL2,SPP1,690
GAPDH,SPP1,687
GAPDH,SPP1,687
IL4,SPP1,535
IL4,SPP1,535
FGF23,SPP1,617
FGF23,SPP1,617
BMP4,SPP1,616
BMP4,SPP1,616
SOX9,SPP1,666
SOX9,SPP1,666
THBS1,SPP1,773
THBS1,SPP1,773
CDH1,SPP1,550
CDH1,SPP1,550
MAPK3,SPP1,519
MAPK3,SPP1,519
IL1B,SPP1,625
IL1B,SPP1,625
FGF2,SPP1,640
FGF2,SPP1,640
STAT3,SPP1,501
STAT3,SPP1,501
ICAM1,SPP1,538
ICAM1,SPP1,538
EGF,SPP1,566
EGF,SPP1,566
TP53,SPP1,579
TP53,SPP1,579
EGFR,SPP1,600
EGFR,SPP1,600
PPARG,SPP1,603
PPARG,SPP1,603
ALB,SPP1,706
ALB,SPP1,706
MMP3,SPP1,984
MMP3,SPP1,984
IGF1,SPP1,714
IGF1,SPP1,714
CXCL8,SPP1,622
CXCL8,SPP1,622
CD34,SPP1,591
CD34,SPP1,591
CASP3,SPP1,588
CASP3,SPP1,588
LEP,SPP1,656
LEP,SPP1,656
FGF13,SPP1,507
FGF13,SPP1,507
SOX2,SPP1,580
SOX2,SPP1,580
CSF1,SPP1,522
CSF1,SPP1,522
PDGFB,SPP1,716
PDGFB,SPP1,716
PTK2,SPP1,778
PTK2,SPP1,778
CTNNB1,SPP1,703
CTNNB1,SPP1,703
PDGFA,SPP1,718
PDGFA,SPP1,718
FN1,SPP1,983
FN1,SPP1,983
RAC1,SPP1,905
RAC1,SPP1,905
EZR,SPP1,667
EZR,SPP1,667
PTGS2,SPP1,519
PTGS2,SPP1,519
CCN2,SPP1,624
CCN2,SPP1,624
JUN,SPP1,521
JUN,SPP1,521
MMP9,SPP1,717
MMP9,SPP1,717
SRC,SPP1,517
SRC,SPP1,517
SYK,SPP1,920
SYK,SPP1,920
BMP2,SPP1,835
BMP2,SPP1,835
CCND1,CDK1,992
CCND1,CDK1,992
CDKN1B,CDK1,977
CDKN1B,CDK1,977
GAPDH,CDK1,658
GAPDH,CDK1,658
KRAS,CDK1,581
KRAS,CDK1,581
CCNB1,CDK1,999
CCNB1,CDK1,999
CDK4,CDK1,933
CDK4,CDK1,933
MDM2,CDK1,965
MDM2,CDK1,965
POU5F1,CDK1,927
POU5F1,CDK1,927
CDH1,CDK1,506
CDH1,CDK1,506
EP300,CDK1,570
EP300,CDK1,570
STAT3,CDK1,677
STAT3,CDK1,677
RB1,CDK1,996
RB1,CDK1,996
TP53,CDK1,977
TP53,CDK1,977
RPS27A,CDK1,724
RPS27A,CDK1,724
CCNA2,CDK1,999
CCNA2,CDK1,999
RASA1,CDK1,906
RASA1,CDK1,906
EGFR,CDK1,828
EGFR,CDK1,828
ATM,CDK1,822
ATM,CDK1,822
FBXW7,CDK1,631
FBXW7,CDK1,631
ALB,CDK1,516
ALB,CDK1,516
ANXA5,CDK1,638
ANXA5,CDK1,638
NPM1,CDK1,609
NPM1,CDK1,609
SHH,CDK1,925
SHH,CDK1,925
MAP2K1,CDK1,929
MAP2K1,CDK1,929
BCL2L1,CDK1,870
BCL2L1,CDK1,870
HSPA4,CDK1,598
HSPA4,CDK1,598
UBB,CDK1,651
UBB,CDK1,651
CYCS,CDK1,621
CYCS,CDK1,621
CASP3,CDK1,749
CASP3,CDK1,749
EZH2,CDK1,997
EZH2,CDK1,997
SOX2,CDK1,784
SOX2,CDK1,784
PPP2R1A,CDK1,882
PPP2R1A,CDK1,882
SP1,CDK1,558
SP1,CDK1,558
CASP9,CDK1,623
CASP9,CDK1,623
HSP90AA1,CDK1,926
HSP90AA1,CDK1,926
MAPT,CDK1,749
MAPT,CDK1,749
CTNNB1,CDK1,639
CTNNB1,CDK1,639
CASP8,CDK1,540
CASP8,CDK1,540
MTOR,CDK1,534
MTOR,CDK1,534
PARP1,CDK1,638
PARP1,CDK1,638
MKI67,CDK1,959
MKI67,CDK1,959
MCL1,CDK1,846
MCL1,CDK1,846
FLNA,CDK1,571
FLNA,CDK1,571
XIAP,CDK1,614
XIAP,CDK1,614
JUN,CDK1,690
JUN,CDK1,690
HSP90AB1,CDK1,748
HSP90AB1,CDK1,748
PTEN,CDK1,654
PTEN,CDK1,654
HDAC1,CDK1,965
HDAC1,CDK1,965
SRC,CDK1,950
SRC,CDK1,950
AR,CDK1,854
AR,CDK1,854
FOXO1,CDK1,618
FOXO1,CDK1,618
GNA11,MAPK8,906
GNA11,MAPK8,906
TNFRSF1A,MAPK8,673
TNFRSF1A,MAPK8,673
NGFR,MAPK8,914
NGFR,MAPK8,914
MAPK1,MAPK8,931
MAPK1,MAPK8,931
NFKBIA,MAPK8,726
NFKBIA,MAPK8,726
MMP2,MAPK8,511
MMP2,MAPK8,511
EPOR,MAPK8,912
EPOR,MAPK8,912
HGF,MAPK8,926
HGF,MAPK8,926
CCL2,MAPK8,518
CCL2,MAPK8,518
IL2,MAPK8,937
IL2,MAPK8,937
CCND1,MAPK8,556
CCND1,MAPK8,556
CDKN1B,MAPK8,535
CDKN1B,MAPK8,535
GAPDH,MAPK8,613
GAPDH,MAPK8,613
MAPK14,MAPK8,803
MAPK14,MAPK8,803
NR3C1,MAPK8,940
NR3C1,MAPK8,940
RAC2,MAPK8,917
RAC2,MAPK8,917
EPO,MAPK8,918
EPO,MAPK8,918
KRAS,MAPK8,924
KRAS,MAPK8,924
TLR2,MAPK8,550
TLR2,MAPK8,550
SMAD2,MAPK8,584
SMAD2,MAPK8,584
GAB1,MAPK8,917
GAB1,MAPK8,917
MAPK3,MAPK8,934
MAPK3,MAPK8,934
EP300,MAPK8,949
EP300,MAPK8,949
IL1B,MAPK8,658
IL1B,MAPK8,658
CBL,MAPK8,615
CBL,MAPK8,615
WNT5A,MAPK8,944
WNT5A,MAPK8,944
STAT3,MAPK8,897
STAT3,MAPK8,897
EGF,MAPK8,549
EGF,MAPK8,549
ERBB3,MAPK8,926
ERBB3,MAPK8,926
PXN,MAPK8,838
PXN,MAPK8,838
TP53,MAPK8,997
TP53,MAPK8,997
ERBB2,MAPK8,944
ERBB2,MAPK8,944
RASA1,MAPK8,915
RASA1,MAPK8,915
EGFR,MAPK8,731
EGFR,MAPK8,731
PAK1,MAPK8,933
PAK1,MAPK8,933
ATM,MAPK8,776
ATM,MAPK8,776
APP,MAPK8,954
APP,MAPK8,954
GNAQ,MAPK8,922
GNAQ,MAPK8,922
PPARG,MAPK8,571
PPARG,MAPK8,571
KIT,MAPK8,918
KIT,MAPK8,918
HPGDS,MAPK8,641
HPGDS,MAPK8,641
ALB,MAPK8,517
ALB,MAPK8,517
ANXA5,MAPK8,534
ANXA5,MAPK8,534
CRK,MAPK8,994
CRK,MAPK8,994
MAP2K1,MAPK8,881
MAP2K1,MAPK8,881
BCL2L1,MAPK8,973
BCL2L1,MAPK8,973
IRS1,MAPK8,986
IRS1,MAPK8,986
FOS,MAPK8,975
FOS,MAPK8,975
CXCL8,MAPK8,557
CXCL8,MAPK8,557
CYCS,MAPK8,605
CYCS,MAPK8,605
CASP3,MAPK8,785
CASP3,MAPK8,785
MET,MAPK8,920
MET,MAPK8,920
HSPA5,MAPK8,531
HSPA5,MAPK8,531
PGR,MAPK8,846
PGR,MAPK8,846
SP1,MAPK8,961
SP1,MAPK8,961
CASP9,MAPK8,609
CASP9,MAPK8,609
SMAD3,MAPK8,954
SMAD3,MAPK8,954
HSP90AA1,MAPK8,580
HSP90AA1,MAPK8,580
LCK,MAPK8,934
LCK,MAPK8,934
MAPT,MAPK8,967
MAPT,MAPK8,967
SMAD4,MAPK8,920
SMAD4,MAPK8,920
JAK1,MAPK8,928
JAK1,MAPK8,928
CTNNB1,MAPK8,817
CTNNB1,MAPK8,817
CRKL,MAPK8,943
CRKL,MAPK8,943
FYN,MAPK8,937
FYN,MAPK8,937
RET,MAPK8,932
RET,MAPK8,932
FAS,MAPK8,787
FAS,MAPK8,787
RAC1,MAPK8,960
RAC1,MAPK8,960
CASP8,MAPK8,720
CASP8,MAPK8,720
MTOR,MAPK8,697
MTOR,MAPK8,697
BECN1,MAPK8,990
BECN1,MAPK8,990
PTGS2,MAPK8,564
PTGS2,MAPK8,564
MCL1,MAPK8,571
MCL1,MAPK8,571
NGF,MAPK8,938
NGF,MAPK8,938
NRAS,MAPK8,908
NRAS,MAPK8,908
FLNA,MAPK8,918
FLNA,MAPK8,918
JUN,MAPK8,999
JUN,MAPK8,999
PTEN,MAPK8,617
PTEN,MAPK8,617
MMP9,MAPK8,569
MMP9,MAPK8,569
ABL1,MAPK8,918
ABL1,MAPK8,918
SRC,MAPK8,947
SRC,MAPK8,947
TLR4,MAPK8,703
TLR4,MAPK8,703
AR,MAPK8,925
AR,MAPK8,925
IRS2,MAPK8,878
IRS2,MAPK8,878
PRKCZ,MAPK8,924
PRKCZ,MAPK8,924
EDN1,MAPK8,934
EDN1,MAPK8,934
FOXO1,MAPK8,895
FOXO1,MAPK8,895
GRB2,MAPK8,510
GRB2,MAPK8,510
BCL2L11,MAPK8,974
BCL2L11,MAPK8,974
CSK,BTC,904
CSK,BTC,904
HGF,BTC,526
HGF,BTC,526
HBEGF,BTC,905
HBEGF,BTC,905
PLCG1,BTC,637
PLCG1,BTC,637
EREG,BTC,511
EREG,BTC,511
KRAS,BTC,929
KRAS,BTC,929
GAB1,BTC,529
GAB1,BTC,529
PIK3CA,BTC,579
PIK3CA,BTC,579
CBL,BTC,731
CBL,BTC,731
EGF,BTC,826
EGF,BTC,826
ERBB3,BTC,875
ERBB3,BTC,875
PXN,BTC,901
PXN,BTC,901
ERBB2,BTC,985
ERBB2,BTC,985
RPS27A,BTC,600
RPS27A,BTC,600
EGFR,BTC,999
EGFR,BTC,999
UBB,BTC,600
UBB,BTC,600
FOS,BTC,908
FOS,BTC,908
HGS,BTC,602
HGS,BTC,602
HSP90AA1,BTC,906
HSP90AA1,BTC,906
PTPN11,BTC,542
PTPN11,BTC,542
PTK2,BTC,543
PTK2,BTC,543
ERBB4,BTC,997
ERBB4,BTC,997
FYN,BTC,515
FYN,BTC,515
NRAS,BTC,901
NRAS,BTC,901
EPS15,BTC,639
EPS15,BTC,639
SRC,BTC,673
SRC,BTC,673
GRB2,BTC,674
GRB2,BTC,674
NGFR,AREG,629
NGFR,AREG,629
CSK,AREG,905
CSK,AREG,905
HGF,AREG,509
HGF,AREG,509
IL5,AREG,563
IL5,AREG,563
PLCG1,AREG,620
PLCG1,AREG,620
EREG,AREG,942
EREG,AREG,942
KRAS,AREG,958
KRAS,AREG,958
PDGFRA,AREG,645
PDGFRA,AREG,645
PDGFRB,AREG,691
PDGFRB,AREG,691
FLT4,AREG,667
FLT4,AREG,667
GAB1,AREG,534
GAB1,AREG,534
MAPK3,AREG,517
MAPK3,AREG,517
KDR,AREG,705
KDR,AREG,705
PIK3CA,AREG,687
PIK3CA,AREG,687
CBL,AREG,707
CBL,AREG,707
ICAM1,AREG,589
ICAM1,AREG,589
EGF,AREG,958
EGF,AREG,958
ERBB3,AREG,983
ERBB3,AREG,983
PXN,AREG,909
PXN,AREG,909
ERBB2,AREG,972
ERBB2,AREG,972
RPS27A,AREG,600
RPS27A,AREG,600
EGFR,AREG,999
EGFR,AREG,999
NTRK2,AREG,630
NTRK2,AREG,630
FLT1,AREG,698
FLT1,AREG,698
KIT,AREG,723
KIT,AREG,723
FGFR4,AREG,660
FGFR4,AREG,660
TGFA,AREG,774
TGFA,AREG,774
INSR,AREG,606
INSR,AREG,606
UBB,AREG,602
UBB,AREG,602
IL13,AREG,594
IL13,AREG,594
FOS,AREG,935
FOS,AREG,935
CXCL8,AREG,579
CXCL8,AREG,579
MET,AREG,785
MET,AREG,785
PGR,AREG,619
PGR,AREG,619
HGS,AREG,600
HGS,AREG,600
FGFR3,AREG,655
FGFR3,AREG,655
PTPN11,AREG,567
PTPN11,AREG,567
PTK2,AREG,584
PTK2,AREG,584
ERBB4,AREG,881
ERBB4,AREG,881
EPHA2,AREG,685
EPHA2,AREG,685
PTGS2,AREG,572
PTGS2,AREG,572
CCN2,AREG,541
CCN2,AREG,541
NRAS,AREG,918
NRAS,AREG,918
EPS15,AREG,610
EPS15,AREG,610
MMP9,AREG,556
MMP9,AREG,556
SRC,AREG,740
SRC,AREG,740
GATA3,AREG,531
GATA3,AREG,531
GRB2,AREG,653
GRB2,AREG,653
BTC,AREG,925
BTC,AREG,925
CD4,CXCL12,851
CD4,CXCL12,851
MAPK1,CXCL12,923
MAPK1,CXCL12,923
TIMP1,CXCL12,647
TIMP1,CXCL12,647
MMP2,CXCL12,764
MMP2,CXCL12,764
HGF,CXCL12,761
HGF,CXCL12,761
CSF3,CXCL12,767
CSF3,CXCL12,767
CCL2,CXCL12,819
CCL2,CXCL12,819
IL2,CXCL12,602
IL2,CXCL12,602
CCND1,CXCL12,597
CCND1,CXCL12,597
IFNG,CXCL12,644
IFNG,CXCL12,644
GAPDH,CXCL12,607
GAPDH,CXCL12,607
IL4,CXCL12,631
IL4,CXCL12,631
IL5,CXCL12,581
IL5,CXCL12,581
PLCG1,CXCL12,914
PLCG1,CXCL12,914
RAF1,CXCL12,912
RAF1,CXCL12,912
EPO,CXCL12,558
EPO,CXCL12,558
PDGFRA,CXCL12,528
PDGFRA,CXCL12,528
TLR2,CXCL12,503
TLR2,CXCL12,503
THBS1,CXCL12,518
THBS1,CXCL12,518
CDH1,CXCL12,561
CDH1,CXCL12,561
PDGFRB,CXCL12,659
PDGFRB,CXCL12,659
MAPK3,CXCL12,957
MAPK3,CXCL12,957
IL1A,CXCL12,595
IL1A,CXCL12,595
IL1B,CXCL12,741
IL1B,CXCL12,741
IL7,CXCL12,751
IL7,CXCL12,751
KDR,CXCL12,713
KDR,CXCL12,713
PIK3CA,CXCL12,925
PIK3CA,CXCL12,925
FGF2,CXCL12,741
FGF2,CXCL12,741
STAT3,CXCL12,959
STAT3,CXCL12,959
ICAM1,CXCL12,750
ICAM1,CXCL12,750
EGF,CXCL12,665
EGF,CXCL12,665
PXN,CXCL12,932
PXN,CXCL12,932
FGF7,CXCL12,522
FGF7,CXCL12,522
CDH2,CXCL12,561
CDH2,CXCL12,561
TP53,CXCL12,572
TP53,CXCL12,572
ERBB2,CXCL12,527
ERBB2,CXCL12,527
EGFR,CXCL12,573
EGFR,CXCL12,573
FLT1,CXCL12,746
FLT1,CXCL12,746
GNAQ,CXCL12,929
GNAQ,CXCL12,929
KIT,CXCL12,802
KIT,CXCL12,802
STAT5B,CXCL12,934
STAT5B,CXCL12,934
ALB,CXCL12,596
ALB,CXCL12,596
IL15,CXCL12,557
IL15,CXCL12,557
IL3,CXCL12,566
IL3,CXCL12,566
CSF2,CXCL12,681
CSF2,CXCL12,681
SHH,CXCL12,517
SHH,CXCL12,517
MMP3,CXCL12,523
MMP3,CXCL12,523
MAP2K1,CXCL12,928
MAP2K1,CXCL12,928
IGF1,CXCL12,832
IGF1,CXCL12,832
IL13,CXCL12,560
IL13,CXCL12,560
CXCL8,CXCL12,759
CXCL8,CXCL12,759
CD34,CXCL12,786
CD34,CXCL12,786
CASP3,CXCL12,503
CASP3,CXCL12,503
MET,CXCL12,626
MET,CXCL12,626
FGF13,CXCL12,606
FGF13,CXCL12,606
CSF1,CXCL12,672
CSF1,CXCL12,672
PDGFB,CXCL12,534
PDGFB,CXCL12,534
HGS,CXCL12,902
HGS,CXCL12,902
LCK,CXCL12,948
LCK,CXCL12,948
PTPN11,CXCL12,922
PTPN11,CXCL12,922
PTK2,CXCL12,943
PTK2,CXCL12,943
STAT5A,CXCL12,936
STAT5A,CXCL12,936
ERBB4,CXCL12,924
ERBB4,CXCL12,924
CDH5,CXCL12,575
CDH5,CXCL12,575
CTNNB1,CXCL12,600
CTNNB1,CXCL12,600
ANXA2,CXCL12,891
ANXA2,CXCL12,891
FN1,CXCL12,958
FN1,CXCL12,958
RAC1,CXCL12,924
RAC1,CXCL12,924
PIK3CG,CXCL12,938
PIK3CG,CXCL12,938
STAT1,CXCL12,936
STAT1,CXCL12,936
EZR,CXCL12,929
EZR,CXCL12,929
PTGS2,CXCL12,507
PTGS2,CXCL12,507
CCN2,CXCL12,555
CCN2,CXCL12,555
NES,CXCL12,669
NES,CXCL12,669
NGF,CXCL12,548
NGF,CXCL12,548
PTEN,CXCL12,504
PTEN,CXCL12,504
MMP9,CXCL12,710
MMP9,CXCL12,710
SRC,CXCL12,954
SRC,CXCL12,954
TLR4,CXCL12,929
TLR4,CXCL12,929
FGR,CXCL12,914
FGR,CXCL12,914
FOXP3,CXCL12,591
FOXP3,CXCL12,591
BMP2,CXCL12,695
BMP2,CXCL12,695
EDN1,CXCL12,944
EDN1,CXCL12,944
SDC1,CXCL12,521
SDC1,CXCL12,521
CD274,CXCL12,559
CD274,CXCL12,559
JAK2,CXCL12,943
JAK2,CXCL12,943
SPP1,CXCL12,660
SPP1,CXCL12,660
MAPK1,YWHAZ,950
MAPK1,YWHAZ,950
PIK3R2,YWHAZ,670
PIK3R2,YWHAZ,670
CCND1,YWHAZ,701
CCND1,YWHAZ,701
CDKN1B,YWHAZ,938
CDKN1B,YWHAZ,938
GAPDH,YWHAZ,780
GAPDH,YWHAZ,780
MAPK14,YWHAZ,927
MAPK14,YWHAZ,927
IL5,YWHAZ,617
IL5,YWHAZ,617
RAF1,YWHAZ,999
RAF1,YWHAZ,999
KRAS,YWHAZ,945
KRAS,YWHAZ,945
MDM2,YWHAZ,500
MDM2,YWHAZ,500
PIK3R3,YWHAZ,676
PIK3R3,YWHAZ,676
MAPK3,YWHAZ,936
MAPK3,YWHAZ,936
PIK3CA,YWHAZ,929
PIK3CA,YWHAZ,929
CBL,YWHAZ,912
CBL,YWHAZ,912
STAT3,YWHAZ,711
STAT3,YWHAZ,711
PXN,YWHAZ,950
PXN,YWHAZ,950
TP53,YWHAZ,922
TP53,YWHAZ,922
ERBB2,YWHAZ,846
ERBB2,YWHAZ,846
EGFR,YWHAZ,959
EGFR,YWHAZ,959
APP,YWHAZ,514
APP,YWHAZ,514
HPGDS,YWHAZ,502
HPGDS,YWHAZ,502
IL3,YWHAZ,903
IL3,YWHAZ,903
CSF2,YWHAZ,907
CSF2,YWHAZ,907
NPM1,YWHAZ,558
NPM1,YWHAZ,558
LRRK2,YWHAZ,950
LRRK2,YWHAZ,950
MAP2K1,YWHAZ,956
MAP2K1,YWHAZ,956
BCL2L1,YWHAZ,926
BCL2L1,YWHAZ,926
HSPA4,YWHAZ,641
HSPA4,YWHAZ,641
CTNNA1,YWHAZ,656
CTNNA1,YWHAZ,656
IRS1,YWHAZ,916
IRS1,YWHAZ,916
TERT,YWHAZ,533
TERT,YWHAZ,533
PRKACA,YWHAZ,949
PRKACA,YWHAZ,949
PPP2R1A,YWHAZ,918
PPP2R1A,YWHAZ,918
HSP90AA1,YWHAZ,605
HSP90AA1,YWHAZ,605
MAPT,YWHAZ,993
MAPT,YWHAZ,993
CTNNB1,YWHAZ,999
CTNNB1,YWHAZ,999
FN1,YWHAZ,933
FN1,YWHAZ,933
MTOR,YWHAZ,963
MTOR,YWHAZ,963
GAB2,YWHAZ,554
GAB2,YWHAZ,554
EZR,YWHAZ,507
EZR,YWHAZ,507
NRAS,YWHAZ,937
NRAS,YWHAZ,937
HSP90AB1,YWHAZ,610
HSP90AB1,YWHAZ,610
ABL1,YWHAZ,747
ABL1,YWHAZ,747
YWHAB,YWHAZ,990
YWHAB,YWHAZ,990
SRC,YWHAZ,535
SRC,YWHAZ,535
IRS2,YWHAZ,753
IRS2,YWHAZ,753
PIK3CD,YWHAZ,677
PIK3CD,YWHAZ,677
PRKCZ,YWHAZ,779
PRKCZ,YWHAZ,779
FOXO1,YWHAZ,981
FOXO1,YWHAZ,981
JAK2,YWHAZ,929
JAK2,YWHAZ,929
GRB2,YWHAZ,547
GRB2,YWHAZ,547
CD4,ITGB1,614
CD4,ITGB1,614
NGFR,ITGB1,601
NGFR,ITGB1,601
VCL,ITGB1,994
VCL,ITGB1,994
TIMP1,ITGB1,753
TIMP1,ITGB1,753
MMP2,ITGB1,675
MMP2,ITGB1,675
CSK,ITGB1,935
CSK,ITGB1,935
TGFB1,ITGB1,834
TGFB1,ITGB1,834
PIK3R2,ITGB1,642
PIK3R2,ITGB1,642
HGF,ITGB1,819
HGF,ITGB1,819
CCND1,ITGB1,517
CCND1,ITGB1,517
GAPDH,ITGB1,619
GAPDH,ITGB1,619
NANOG,ITGB1,622
NANOG,ITGB1,622
SOX9,ITGB1,514
SOX9,ITGB1,514
KRAS,ITGB1,670
KRAS,ITGB1,670
POU5F1,ITGB1,671
POU5F1,ITGB1,671
THBS1,ITGB1,963
THBS1,ITGB1,963
CDH1,ITGB1,715
CDH1,ITGB1,715
PDGFRB,ITGB1,558
PDGFRB,ITGB1,558
FLT4,ITGB1,961
FLT4,ITGB1,961
PIK3R3,ITGB1,628
PIK3R3,ITGB1,628
MAPK3,ITGB1,542
MAPK3,ITGB1,542
IL1B,ITGB1,602
IL1B,ITGB1,602
EPCAM,ITGB1,651
EPCAM,ITGB1,651
KDR,ITGB1,994
KDR,ITGB1,994
PIK3CA,ITGB1,921
PIK3CA,ITGB1,921
FGF2,ITGB1,672
FGF2,ITGB1,672
ICAM1,ITGB1,819
ICAM1,ITGB1,819
EGF,ITGB1,965
EGF,ITGB1,965
PXN,ITGB1,998
PXN,ITGB1,998
CDH2,ITGB1,743
CDH2,ITGB1,743
TP53,ITGB1,508
TP53,ITGB1,508
ERBB2,ITGB1,950
ERBB2,ITGB1,950
EGFR,ITGB1,997
EGFR,ITGB1,997
PAK1,ITGB1,950
PAK1,ITGB1,950
FLT1,ITGB1,824
FLT1,ITGB1,824
APP,ITGB1,932
APP,ITGB1,932
KIT,ITGB1,716
KIT,ITGB1,716
ALB,ITGB1,671
ALB,ITGB1,671
ANXA5,ITGB1,563
ANXA5,ITGB1,563
CSF2,ITGB1,935
CSF2,ITGB1,935
ARF6,ITGB1,941
ARF6,ITGB1,941
CRK,ITGB1,742
CRK,ITGB1,742
IGF1,ITGB1,514
IGF1,ITGB1,514
IRS1,ITGB1,536
IRS1,ITGB1,536
IL13,ITGB1,920
IL13,ITGB1,920
PRKACA,ITGB1,902
PRKACA,ITGB1,902
CD34,ITGB1,888
CD34,ITGB1,888
CASP3,ITGB1,947
CASP3,ITGB1,947
MET,ITGB1,965
MET,ITGB1,965
SOX2,ITGB1,605
SOX2,ITGB1,605
CD28,ITGB1,939
CD28,ITGB1,939
CAV1,ITGB1,988
CAV1,ITGB1,988
PTK2,ITGB1,999
PTK2,ITGB1,999
ERBB4,ITGB1,529
ERBB4,ITGB1,529
CDH5,ITGB1,586
CDH5,ITGB1,586
CTNNB1,ITGB1,812
CTNNB1,ITGB1,812
CRKL,ITGB1,941
CRKL,ITGB1,941
FYN,ITGB1,988
FYN,ITGB1,988
FN1,ITGB1,999
FN1,ITGB1,999
RAC1,ITGB1,930
RAC1,ITGB1,930
TGFBR2,ITGB1,568
TGFBR2,ITGB1,568
TFRC,ITGB1,602
TFRC,ITGB1,602
EZR,ITGB1,940
EZR,ITGB1,940
CCN2,ITGB1,868
CCN2,ITGB1,868
NES,ITGB1,632
NES,ITGB1,632
NGF,ITGB1,543
NGF,ITGB1,543
NRAS,ITGB1,533
NRAS,ITGB1,533
FLNA,ITGB1,998
FLNA,ITGB1,998
PTPN1,ITGB1,681
PTPN1,ITGB1,681
PTEN,ITGB1,944
PTEN,ITGB1,944
MMP9,ITGB1,637
MMP9,ITGB1,637
YWHAB,ITGB1,608
YWHAB,ITGB1,608
SRC,ITGB1,987
SRC,ITGB1,987
SYK,ITGB1,537
SYK,ITGB1,537
CTTN,ITGB1,940
CTTN,ITGB1,940
PIK3CD,ITGB1,625
PIK3CD,ITGB1,625
SDC1,ITGB1,758
SDC1,ITGB1,758
GRB2,ITGB1,947
GRB2,ITGB1,947
SPP1,ITGB1,997
SPP1,ITGB1,997
CXCL12,ITGB1,562
CXCL12,ITGB1,562
YWHAZ,ITGB1,919
YWHAZ,ITGB1,919
MMP2,SNAI2,723
MMP2,SNAI2,723
TGFB1,SNAI2,556
TGFB1,SNAI2,556
HGF,SNAI2,528
HGF,SNAI2,528
SERPINE1,SNAI2,545
SERPINE1,SNAI2,545
CCND1,SNAI2,703
CCND1,SNAI2,703
GAPDH,SNAI2,695
GAPDH,SNAI2,695
NANOG,SNAI2,690
NANOG,SNAI2,690
BMP4,SNAI2,580
BMP4,SNAI2,580
SOX9,SNAI2,841
SOX9,SNAI2,841
KRAS,SNAI2,537
KRAS,SNAI2,537
MDM2,SNAI2,915
MDM2,SNAI2,915
POU5F1,SNAI2,694
POU5F1,SNAI2,694
CDH1,SNAI2,990
CDH1,SNAI2,990
SMAD2,SNAI2,736
SMAD2,SNAI2,736
MAPK3,SNAI2,551
MAPK3,SNAI2,551
EPCAM,SNAI2,618
EPCAM,SNAI2,618
FGF2,SNAI2,555
FGF2,SNAI2,555
WNT5A,SNAI2,630
WNT5A,SNAI2,630
STAT3,SNAI2,605
STAT3,SNAI2,605
EGF,SNAI2,674
EGF,SNAI2,674
CDH2,SNAI2,894
CDH2,SNAI2,894
TP53,SNAI2,957
TP53,SNAI2,957
ERBB2,SNAI2,631
ERBB2,SNAI2,631
EGFR,SNAI2,738
EGFR,SNAI2,738
TJP1,SNAI2,699
TJP1,SNAI2,699
WNT3A,SNAI2,542
WNT3A,SNAI2,542
PPARG,SNAI2,732
PPARG,SNAI2,732
KIT,SNAI2,954
KIT,SNAI2,954
WNT1,SNAI2,595
WNT1,SNAI2,595
HPGDS,SNAI2,694
HPGDS,SNAI2,694
ALB,SNAI2,518
ALB,SNAI2,518
SHH,SNAI2,541
SHH,SNAI2,541
MMP3,SNAI2,528
MMP3,SNAI2,528
HNF4A,SNAI2,520
HNF4A,SNAI2,520
MET,SNAI2,536
MET,SNAI2,536
EZH2,SNAI2,947
EZH2,SNAI2,947
SOX2,SNAI2,823
SOX2,SNAI2,823
SMAD3,SNAI2,676
SMAD3,SNAI2,676
CAV1,SNAI2,543
CAV1,SNAI2,543
SMAD4,SNAI2,749
SMAD4,SNAI2,749
CTNNB1,SNAI2,857
CTNNB1,SNAI2,857
FN1,SNAI2,852
FN1,SNAI2,852
CCN2,SNAI2,554
CCN2,SNAI2,554
NES,SNAI2,510
NES,SNAI2,510
JUN,SNAI2,811
JUN,SNAI2,811
PTEN,SNAI2,623
PTEN,SNAI2,623
MMP9,SNAI2,720
MMP9,SNAI2,720
HDAC1,SNAI2,996
HDAC1,SNAI2,996
SRC,SNAI2,578
SRC,SNAI2,578
CD4,INS,709
CD4,INS,709
FGF4,INS,636
FGF4,INS,636
NGFR,INS,750
NGFR,INS,750
MAPK1,INS,511
MAPK1,INS,511
NFKBIA,INS,568
NFKBIA,INS,568
TIMP1,INS,519
TIMP1,INS,519
MMP2,INS,556
MMP2,INS,556
TGFB1,INS,638
TGFB1,INS,638
HGF,INS,709
HGF,INS,709
SERPINE1,INS,761
SERPINE1,INS,761
CSF3,INS,532
CSF3,INS,532
CCL2,INS,741
CCL2,INS,741
IL2,INS,656
IL2,INS,656
CCND1,INS,673
CCND1,INS,673
IFNG,INS,622
IFNG,INS,622
GAPDH,INS,793
GAPDH,INS,793
NANOG,INS,630
NANOG,INS,630
MAPK14,INS,504
MAPK14,INS,504
IL4,INS,637
IL4,INS,637
NR3C1,INS,708
NR3C1,INS,708
PLEK,INS,606
PLEK,INS,606
FGF23,INS,605
FGF23,INS,605
SNAI1,INS,503
SNAI1,INS,503
BMP4,INS,642
BMP4,INS,642
SOX9,INS,691
SOX9,INS,691
LIF,INS,600
LIF,INS,600
EPO,INS,684
EPO,INS,684
KRAS,INS,550
KRAS,INS,550
PDGFRA,INS,876
PDGFRA,INS,876
CDK4,INS,514
CDK4,INS,514
POU5F1,INS,644
POU5F1,INS,644
TLR2,INS,610
TLR2,INS,610
CDH1,INS,674
CDH1,INS,674
PDGFRB,INS,891
PDGFRB,INS,891
FLT4,INS,701
FLT4,INS,701
SMAD2,INS,574
SMAD2,INS,574
MAPK3,INS,726
MAPK3,INS,726
IL1A,INS,556
IL1A,INS,556
IL1B,INS,816
IL1B,INS,816
EPCAM,INS,557
EPCAM,INS,557
AKT3,INS,569
AKT3,INS,569
KDR,INS,822
KDR,INS,822
PIK3CA,INS,966
PIK3CA,INS,966
CBL,INS,958
CBL,INS,958
FGF2,INS,874
FGF2,INS,874
STAT3,INS,741
STAT3,INS,741
FGF10,INS,651
FGF10,INS,651
ICAM1,INS,766
ICAM1,INS,766
EGF,INS,979
EGF,INS,979
ERBB3,INS,781
ERBB3,INS,781
RB1,INS,622
RB1,INS,622
FGF7,INS,721
FGF7,INS,721
CDH2,INS,501
CDH2,INS,501
TP53,INS,717
TP53,INS,717
ERBB2,INS,875
ERBB2,INS,875
EGFR,INS,942
EGFR,INS,942
IFNA1,INS,595
IFNA1,INS,595
NTRK2,INS,772
NTRK2,INS,772
ATM,INS,505
ATM,INS,505
TJP1,INS,542
TJP1,INS,542
FLT1,INS,773
FLT1,INS,773
WNT3A,INS,547
WNT3A,INS,547
APP,INS,811
APP,INS,811
PPARG,INS,887
PPARG,INS,887
KIT,INS,915
KIT,INS,915
FGFR4,INS,876
FGFR4,INS,876
STAT5B,INS,572
STAT5B,INS,572
FGF19,INS,718
FGF19,INS,718
HPGDS,INS,519
HPGDS,INS,519
TGFA,INS,875
TGFA,INS,875
ALB,INS,990
ALB,INS,990
ANXA5,INS,681
ANXA5,INS,681
IL3,INS,548
IL3,INS,548
CSF2,INS,574
CSF2,INS,574
SHH,INS,706
SHH,INS,706
MMP3,INS,504
MMP3,INS,504
MAP2K1,INS,580
MAP2K1,INS,580
BCL2L1,INS,575
BCL2L1,INS,575
IGF1,INS,998
IGF1,INS,998
HSPA4,INS,615
HSPA4,INS,615
INSR,INS,999
INSR,INS,999
IRS1,INS,997
IRS1,INS,997
IL13,INS,517
IL13,INS,517
FOS,INS,659
FOS,INS,659
CXCL8,INS,692
CXCL8,INS,692
CYCS,INS,671
CYCS,INS,671
TERT,INS,542
TERT,INS,542
CD34,INS,703
CD34,INS,703
CASP3,INS,792
CASP3,INS,792
LEP,INS,936
LEP,INS,936
HNF4A,INS,686
HNF4A,INS,686
MET,INS,802
MET,INS,802
FGF8,INS,661
FGF8,INS,661
FGF13,INS,771
FGF13,INS,771
SOX2,INS,627
SOX2,INS,627
HSPA5,INS,625
HSPA5,INS,625
PPP2R1A,INS,909
PPP2R1A,INS,909
PGR,INS,605
PGR,INS,605
CASP9,INS,528
CASP9,INS,528
SOCS3,INS,663
SOCS3,INS,663
PDGFB,INS,862
PDGFB,INS,862
SMAD3,INS,540
SMAD3,INS,540
FGF3,INS,665
FGF3,INS,665
HSP90AA1,INS,518
HSP90AA1,INS,518
LCK,INS,648
LCK,INS,648
SNCA,INS,768
SNCA,INS,768
CAV1,INS,973
CAV1,INS,973
FGFR3,INS,861
FGFR3,INS,861
MAPT,INS,556
MAPT,INS,556
PTPN11,INS,949
PTPN11,INS,949
STAT5A,INS,554
STAT5A,INS,554
ERBB4,INS,748
ERBB4,INS,748
JAK1,INS,802
JAK1,INS,802
CTNNB1,INS,714
CTNNB1,INS,714
ANXA2,INS,693
ANXA2,INS,693
PDGFA,INS,858
PDGFA,INS,858
FN1,INS,958
FN1,INS,958
EPHA2,INS,684
EPHA2,INS,684
TFRC,INS,561
TFRC,INS,561
STAT1,INS,524
STAT1,INS,524
MTOR,INS,867
MTOR,INS,867
BECN1,INS,522
BECN1,INS,522
PTGS2,INS,618
PTGS2,INS,618
CCN2,INS,554
CCN2,INS,554
NES,INS,643
NES,INS,643
NGF,INS,781
NGF,INS,781
XIAP,INS,566
XIAP,INS,566
JUN,INS,723
JUN,INS,723
PTPN1,INS,974
PTPN1,INS,974
PTEN,INS,786
PTEN,INS,786
MMP9,INS,625
MMP9,INS,625
SRC,INS,862
SRC,INS,862
TLR4,INS,669
TLR4,INS,669
AR,INS,615
AR,INS,615
IRS2,INS,983
IRS2,INS,983
FOXP3,INS,602
FOXP3,INS,602
PRKCZ,INS,959
PRKCZ,INS,959
BMP2,INS,652
BMP2,INS,652
EDN1,INS,855
EDN1,INS,855
FOXO1,INS,980
FOXO1,INS,980
JAK2,INS,619
JAK2,INS,619
AKT2,INS,972
AKT2,INS,972
GRB2,INS,980
GRB2,INS,980
BCL2L11,INS,501
BCL2L11,INS,501
SPP1,INS,581
SPP1,INS,581
MAPK8,INS,634
MAPK8,INS,634
BTC,INS,505
BTC,INS,505
CXCL12,INS,529
CXCL12,INS,529
ITGB1,INS,607
ITGB1,INS,607
CD4,PTK2B,679
CD4,PTK2B,679
VCL,PTK2B,768
VCL,PTK2B,768
IL2,PTK2B,928
IL2,PTK2B,928
MAPK14,PTK2B,926
MAPK14,PTK2B,926
FGF23,PTK2B,910
FGF23,PTK2B,910
PLCG1,PTK2B,613
PLCG1,PTK2B,613
RAC2,PTK2B,896
RAC2,PTK2B,896
KDR,PTK2B,919
KDR,PTK2B,919
CBL,PTK2B,978
CBL,PTK2B,978
WNT5A,PTK2B,704
WNT5A,PTK2B,704
STAT3,PTK2B,559
STAT3,PTK2B,559
ERBB3,PTK2B,585
ERBB3,PTK2B,585
PXN,PTK2B,999
PXN,PTK2B,999
TP53,PTK2B,581
TP53,PTK2B,581
ERBB2,PTK2B,746
ERBB2,PTK2B,746
RASA1,PTK2B,598
RASA1,PTK2B,598
EGFR,PTK2B,980
EGFR,PTK2B,980
STAT5B,PTK2B,925
STAT5B,PTK2B,925
CRK,PTK2B,979
CRK,PTK2B,979
IRS1,PTK2B,677
IRS1,PTK2B,677
SOCS3,PTK2B,595
SOCS3,PTK2B,595
HSP90AA1,PTK2B,945
HSP90AA1,PTK2B,945
LCK,PTK2B,940
LCK,PTK2B,940
FGFR3,PTK2B,941
FGFR3,PTK2B,941
MAPT,PTK2B,608
MAPT,PTK2B,608
PTPN11,PTK2B,987
PTPN11,PTK2B,987
PTK2,PTK2B,942
PTK2,PTK2B,942
JAK1,PTK2B,941
JAK1,PTK2B,941
CDH5,PTK2B,899
CDH5,PTK2B,899
CTNNB1,PTK2B,627
CTNNB1,PTK2B,627
CRKL,PTK2B,939
CRKL,PTK2B,939
FYN,PTK2B,988
FYN,PTK2B,988
FN1,PTK2B,594
FN1,PTK2B,594
RAC1,PTK2B,939
RAC1,PTK2B,939
PTEN,PTK2B,569
PTEN,PTK2B,569
SRC,PTK2B,984
SRC,PTK2B,984
FGR,PTK2B,926
FGR,PTK2B,926
SYK,PTK2B,946
SYK,PTK2B,946
CTTN,PTK2B,679
CTTN,PTK2B,679
GRB2,PTK2B,999
GRB2,PTK2B,999
SPP1,PTK2B,923
SPP1,PTK2B,923
MAPK8,PTK2B,949
MAPK8,PTK2B,949
ITGB1,PTK2B,967
ITGB1,PTK2B,967
CD4,ITGB2,679
CD4,ITGB2,679
VCL,ITGB2,671
VCL,ITGB2,671
MMP2,ITGB2,924
MMP2,ITGB2,924
PIK3R2,ITGB2,608
PIK3R2,ITGB2,608
PLEK,ITGB2,847
PLEK,ITGB2,847
RAC2,ITGB2,865
RAC2,ITGB2,865
TLR2,ITGB2,719
TLR2,ITGB2,719
PIK3R3,ITGB2,600
PIK3R3,ITGB2,600
IL1B,ITGB2,558
IL1B,ITGB2,558
PIK3CA,ITGB2,624
PIK3CA,ITGB2,624
ICAM1,ITGB2,999
ICAM1,ITGB2,999
ZAP70,ITGB2,519
ZAP70,ITGB2,519
PXN,ITGB2,582
PXN,ITGB2,582
EGFR,ITGB2,731
EGFR,ITGB2,731
CRK,ITGB2,670
CRK,ITGB2,670
IL13,ITGB2,921
IL13,ITGB2,921
CXCL8,ITGB2,535
CXCL8,ITGB2,535
CD28,ITGB2,941
CD28,ITGB2,941
PTK2,ITGB2,862
PTK2,ITGB2,862
CRKL,ITGB2,667
CRKL,ITGB2,667
FN1,ITGB2,860
FN1,ITGB2,860
CCN2,ITGB2,923
CCN2,ITGB2,923
FLNA,ITGB2,868
FLNA,ITGB2,868
MMP9,ITGB2,955
MMP9,ITGB2,955
YWHAB,ITGB2,523
YWHAB,ITGB2,523
SRC,ITGB2,788
SRC,ITGB2,788
TLR4,ITGB2,733
TLR4,ITGB2,733
FGR,ITGB2,802
FGR,ITGB2,802
SYK,ITGB2,804
SYK,ITGB2,804
PIK3CD,ITGB2,660
PIK3CD,ITGB2,660
YWHAZ,ITGB2,735
YWHAZ,ITGB2,735
ITGB1,ITGB2,907
ITGB1,ITGB2,907
PTK2B,ITGB2,945
PTK2B,ITGB2,945
VCL,CTNND1,985
VCL,CTNND1,985
HGF,CTNND1,929
HGF,CTNND1,929
RAC2,CTNND1,896
RAC2,CTNND1,896
CDH1,CTNND1,999
CDH1,CTNND1,999
AXIN1,CTNND1,939
AXIN1,CTNND1,939
PIK3CA,CTNND1,921
PIK3CA,CTNND1,921
EGF,CTNND1,943
EGF,CTNND1,943
PXN,CTNND1,655
PXN,CTNND1,655
IQGAP1,CTNND1,944
IQGAP1,CTNND1,944
CDH2,CTNND1,999
CDH2,CTNND1,999
ERBB2,CTNND1,885
ERBB2,CTNND1,885
EGFR,CTNND1,993
EGFR,CTNND1,993
NTRK2,CTNND1,906
NTRK2,CTNND1,906
PAK1,CTNND1,924
PAK1,CTNND1,924
TJP1,CTNND1,990
TJP1,CTNND1,990
HPGDS,CTNND1,761
HPGDS,CTNND1,761
MMP3,CTNND1,914
MMP3,CTNND1,914
IGF1,CTNND1,909
IGF1,CTNND1,909
CTNNA1,CTNND1,992
CTNNA1,CTNND1,992
HNF4A,CTNND1,540
HNF4A,CTNND1,540
MET,CTNND1,954
MET,CTNND1,954
PTPN11,CTNND1,941
PTPN11,CTNND1,941
CDH5,CTNND1,999
CDH5,CTNND1,999
CTNNB1,CTNND1,999
CTNNB1,CTNND1,999
FYN,CTNND1,995
FYN,CTNND1,995
FN1,CTNND1,500
FN1,CTNND1,500
RET,CTNND1,929
RET,CTNND1,929
RAC1,CTNND1,953
RAC1,CTNND1,953
EPHA2,CTNND1,935
EPHA2,CTNND1,935
ABL1,CTNND1,923
ABL1,CTNND1,923
SRC,CTNND1,997
SRC,CTNND1,997
CTTN,CTNND1,994
CTTN,CTNND1,994
DNM2,CTNND1,912
DNM2,CTNND1,912
NGFR,DLG4,711
NGFR,DLG4,711
GAPDH,DLG4,655
GAPDH,DLG4,655
HBEGF,DLG4,529
HBEGF,DLG4,529
PLEK,DLG4,597
PLEK,DLG4,597
KRAS,DLG4,942
KRAS,DLG4,942
MDM2,DLG4,977
MDM2,DLG4,977
MAPK3,DLG4,570
MAPK3,DLG4,570
EGF,DLG4,679
EGF,DLG4,679
CDH2,DLG4,807
CDH2,DLG4,807
ERBB2,DLG4,595
ERBB2,DLG4,595
NTRK2,DLG4,990
NTRK2,DLG4,990
APP,DLG4,884
APP,DLG4,884
HPGDS,DLG4,533
HPGDS,DLG4,533
ALB,DLG4,661
ALB,DLG4,661
FOS,DLG4,521
FOS,DLG4,521
CASP3,DLG4,517
CASP3,DLG4,517
SNCA,DLG4,523
SNCA,DLG4,523
MAPT,DLG4,688
MAPT,DLG4,688
ERBB4,DLG4,999
ERBB4,DLG4,999
CTNNB1,DLG4,918
CTNNB1,DLG4,918
FYN,DLG4,995
FYN,DLG4,995
FN1,DLG4,682
FN1,DLG4,682
RAC1,DLG4,734
RAC1,DLG4,734
MTOR,DLG4,510
MTOR,DLG4,510
EZR,DLG4,555
EZR,DLG4,555
NGF,DLG4,521
NGF,DLG4,521
NRAS,DLG4,933
NRAS,DLG4,933
PTEN,DLG4,978
PTEN,DLG4,978
SRC,DLG4,999
SRC,DLG4,999
CTTN,DLG4,687
CTTN,DLG4,687
GRB2,DLG4,931
GRB2,DLG4,931
PTK2B,DLG4,982
PTK2B,DLG4,982
CD4,CDC42,560
CD4,CDC42,560
NGFR,CDC42,836
NGFR,CDC42,836
VCL,CDC42,857
VCL,CDC42,857
MAPK1,CDC42,818
MAPK1,CDC42,818
CSK,CDC42,543
CSK,CDC42,543
PIK3R2,CDC42,897
PIK3R2,CDC42,897
HGF,CDC42,948
HGF,CDC42,948
CCND1,CDC42,525
CCND1,CDC42,525
GAPDH,CDC42,610
GAPDH,CDC42,610
MAPK14,CDC42,963
MAPK14,CDC42,963
HBEGF,CDC42,667
HBEGF,CDC42,667
PLEK,CDC42,885
PLEK,CDC42,885
PLCG1,CDC42,967
PLCG1,CDC42,967
EREG,CDC42,645
EREG,CDC42,645
RAC2,CDC42,918
RAC2,CDC42,918
RAF1,CDC42,676
RAF1,CDC42,676
CDH1,CDC42,981
CDH1,CDC42,981
PIK3R3,CDC42,850
PIK3R3,CDC42,850
MAPK3,CDC42,862
MAPK3,CDC42,862
KDR,CDC42,951
KDR,CDC42,951
PIK3CA,CDC42,954
PIK3CA,CDC42,954
CBL,CDC42,992
CBL,CDC42,992
WNT5A,CDC42,533
WNT5A,CDC42,533
STAT3,CDC42,537
STAT3,CDC42,537
ZAP70,CDC42,520
ZAP70,CDC42,520
EGF,CDC42,896
EGF,CDC42,896
ERBB3,CDC42,511
ERBB3,CDC42,511
PXN,CDC42,995
PXN,CDC42,995
IQGAP1,CDC42,999
IQGAP1,CDC42,999
CDH2,CDC42,967
CDH2,CDC42,967
TP53,CDC42,563
TP53,CDC42,563
ERBB2,CDC42,613
ERBB2,CDC42,613
RPS27A,CDC42,661
RPS27A,CDC42,661
RASA1,CDC42,681
RASA1,CDC42,681
EGFR,CDC42,978
EGFR,CDC42,978
NTRK2,CDC42,942
NTRK2,CDC42,942
PAK1,CDC42,999
PAK1,CDC42,999
TJP1,CDC42,881
TJP1,CDC42,881
GNAQ,CDC42,548
GNAQ,CDC42,548
WNT1,CDC42,526
WNT1,CDC42,526
HPGDS,CDC42,931
HPGDS,CDC42,931
TGFA,CDC42,645
TGFA,CDC42,645
ALB,CDC42,594
ALB,CDC42,594
ARF6,CDC42,867
ARF6,CDC42,867
LRRK2,CDC42,978
LRRK2,CDC42,978
CRK,CDC42,762
CRK,CDC42,762
MAP2K1,CDC42,717
MAP2K1,CDC42,717
CTNNA1,CDC42,944
CTNNA1,CDC42,944
UBB,CDC42,644
UBB,CDC42,644
CASP3,CDC42,801
CASP3,CDC42,801
MET,CDC42,958
MET,CDC42,958
CD28,CDC42,932
CD28,CDC42,932
HSP90AA1,CDC42,738
HSP90AA1,CDC42,738
LCK,CDC42,966
LCK,CDC42,966
CAV1,CDC42,972
CAV1,CDC42,972
MAPT,CDC42,519
MAPT,CDC42,519
PTPN11,CDC42,507
PTPN11,CDC42,507
PTK2,CDC42,972
PTK2,CDC42,972
CDH5,CDC42,640
CDH5,CDC42,640
CTNNB1,CDC42,995
CTNNB1,CDC42,995
ANXA2,CDC42,965
ANXA2,CDC42,965
CRKL,CDC42,503
CRKL,CDC42,503
FYN,CDC42,970
FYN,CDC42,970
FN1,CDC42,974
FN1,CDC42,974
RAC1,CDC42,906
RAC1,CDC42,906
EPHA2,CDC42,573
EPHA2,CDC42,573
PIK3CG,CDC42,554
PIK3CG,CDC42,554
MTOR,CDC42,958
MTOR,CDC42,958
EZR,CDC42,857
EZR,CDC42,857
NGF,CDC42,945
NGF,CDC42,945
FLNA,CDC42,917
FLNA,CDC42,917
JUN,CDC42,747
JUN,CDC42,747
EPS15,CDC42,519
EPS15,CDC42,519
PTEN,CDC42,897
PTEN,CDC42,897
MMP9,CDC42,525
MMP9,CDC42,525
ABL1,CDC42,835
ABL1,CDC42,835
SRC,CDC42,989
SRC,CDC42,989
SYK,CDC42,846
SYK,CDC42,846
CTTN,CDC42,988
CTTN,CDC42,988
PIK3CD,CDC42,896
PIK3CD,CDC42,896
PRKCZ,CDC42,998
PRKCZ,CDC42,998
EDN1,CDC42,930
EDN1,CDC42,930
DNM2,CDC42,730
DNM2,CDC42,730
AKT2,CDC42,543
AKT2,CDC42,543
GRB2,CDC42,947
GRB2,CDC42,947
SPP1,CDC42,923
SPP1,CDC42,923
CDK1,CDC42,564
CDK1,CDC42,564
MAPK8,CDC42,987
MAPK8,CDC42,987
BTC,CDC42,620
BTC,CDC42,620
AREG,CDC42,667
AREG,CDC42,667
CXCL12,CDC42,948
CXCL12,CDC42,948
YWHAZ,CDC42,965
YWHAZ,CDC42,965
ITGB1,CDC42,963
ITGB1,CDC42,963
INS,CDC42,510
INS,CDC42,510
PTK2B,CDC42,615
PTK2B,CDC42,615
ITGB2,CDC42,523
ITGB2,CDC42,523
CTNND1,CDC42,969
CTNND1,CDC42,969
DLG4,CDC42,650
DLG4,CDC42,650
CD4,RELA,549
CD4,RELA,549
TNFRSF1A,RELA,965
TNFRSF1A,RELA,965
NGFR,RELA,642
NGFR,RELA,642
MAPK1,RELA,944
MAPK1,RELA,944
NFKBIA,RELA,999
NFKBIA,RELA,999
TGFB1,RELA,930
TGFB1,RELA,930
CCL2,RELA,950
CCL2,RELA,950
IL2,RELA,972
IL2,RELA,972
CCND1,RELA,977
CCND1,RELA,977
IFNG,RELA,945
IFNG,RELA,945
GAPDH,RELA,605
GAPDH,RELA,605
MAPK14,RELA,955
MAPK14,RELA,955
IL4,RELA,944
IL4,RELA,944
NR3C1,RELA,992
NR3C1,RELA,992
SNAI1,RELA,659
SNAI1,RELA,659
RAC2,RELA,826
RAC2,RELA,826
RAF1,RELA,844
RAF1,RELA,844
KRAS,RELA,865
KRAS,RELA,865
CCNB1,RELA,569
CCNB1,RELA,569
CDK4,RELA,623
CDK4,RELA,623
MDM2,RELA,610
MDM2,RELA,610
TLR2,RELA,907
TLR2,RELA,907
MAPK3,RELA,946
MAPK3,RELA,946
EP300,RELA,999
EP300,RELA,999
IL1A,RELA,948
IL1A,RELA,948
IL1B,RELA,978
IL1B,RELA,978
PIK3CA,RELA,945
PIK3CA,RELA,945
STAT3,RELA,997
STAT3,RELA,997
ICAM1,RELA,883
ICAM1,RELA,883
TP53,RELA,980
TP53,RELA,980
RPS27A,RELA,878
RPS27A,RELA,878
EGFR,RELA,503
EGFR,RELA,503
IFNA1,RELA,755
IFNA1,RELA,755
ATM,RELA,563
ATM,RELA,563
APP,RELA,939
APP,RELA,939
PPARG,RELA,999
PPARG,RELA,999
NPM1,RELA,535
NPM1,RELA,535
BCL2L1,RELA,713
BCL2L1,RELA,713
UBB,RELA,634
UBB,RELA,634
FOS,RELA,986
FOS,RELA,986
CXCL8,RELA,991
CXCL8,RELA,991
PRKACA,RELA,976
PRKACA,RELA,976
CASP3,RELA,567
CASP3,RELA,567
EZH2,RELA,989
EZH2,RELA,989
HSPA5,RELA,531
HSPA5,RELA,531
PPP2R1A,RELA,743
PPP2R1A,RELA,743
PGR,RELA,599
PGR,RELA,599
SP1,RELA,997
SP1,RELA,997
SOCS1,RELA,925
SOCS1,RELA,925
SOCS3,RELA,674
SOCS3,RELA,674
SMAD3,RELA,570
SMAD3,RELA,570
LCK,RELA,930
LCK,RELA,930
CTNNB1,RELA,922
CTNNB1,RELA,922
FN1,RELA,520
FN1,RELA,520
CASP8,RELA,956
CASP8,RELA,956
STAT1,RELA,885
STAT1,RELA,885
MTOR,RELA,933
MTOR,RELA,933
PARP1,RELA,804
PARP1,RELA,804
PTGS2,RELA,569
PTGS2,RELA,569
NGF,RELA,922
NGF,RELA,922
NRAS,RELA,697
NRAS,RELA,697
CHUK,RELA,998
CHUK,RELA,998
XIAP,RELA,582
XIAP,RELA,582
JUN,RELA,991
JUN,RELA,991
MMP9,RELA,639
MMP9,RELA,639
HDAC1,RELA,998
HDAC1,RELA,998
SRC,RELA,942
SRC,RELA,942
TLR4,RELA,926
TLR4,RELA,926
AR,RELA,734
AR,RELA,734
SYK,RELA,933
SYK,RELA,933
FOXP3,RELA,696
FOXP3,RELA,696
PRKCZ,RELA,978
PRKCZ,RELA,978
IFNB1,RELA,954
IFNB1,RELA,954
JAK2,RELA,935
JAK2,RELA,935
MAPK8,RELA,913
MAPK8,RELA,913
CCND1,CDKN1A,999
CCND1,CDKN1A,999
CDKN1B,CDKN1A,948
CDKN1B,CDKN1A,948
GAPDH,CDKN1A,752
GAPDH,CDKN1A,752
MAPK14,CDKN1A,592
MAPK14,CDKN1A,592
KRAS,CDKN1A,595
KRAS,CDKN1A,595
CCNB1,CDKN1A,998
CCNB1,CDKN1A,998
CDK4,CDKN1A,999
CDK4,CDKN1A,999
MDM2,CDKN1A,976
MDM2,CDKN1A,976
CDH1,CDKN1A,573
CDH1,CDKN1A,573
SMAD2,CDKN1A,526
SMAD2,CDKN1A,526
MAPK3,CDKN1A,643
MAPK3,CDKN1A,643
EP300,CDKN1A,993
EP300,CDKN1A,993
AKT3,CDKN1A,931
AKT3,CDKN1A,931
STAT3,CDKN1A,995
STAT3,CDKN1A,995
EGF,CDKN1A,559
EGF,CDKN1A,559
RB1,CDKN1A,982
RB1,CDKN1A,982
TP53,CDKN1A,999
TP53,CDKN1A,999
ERBB2,CDKN1A,559
ERBB2,CDKN1A,559
RPS27A,CDKN1A,884
RPS27A,CDKN1A,884
CCNA2,CDKN1A,999
CCNA2,CDKN1A,999
EGFR,CDKN1A,579
EGFR,CDKN1A,579
ATM,CDKN1A,702
ATM,CDKN1A,702
STAT5B,CDKN1A,938
STAT5B,CDKN1A,938
HPGDS,CDKN1A,572
HPGDS,CDKN1A,572
ANXA5,CDKN1A,653
ANXA5,CDKN1A,653
NPM1,CDKN1A,644
NPM1,CDKN1A,644
BCL2L1,CDKN1A,674
BCL2L1,CDKN1A,674
IGF1,CDKN1A,509
IGF1,CDKN1A,509
UBB,CDKN1A,650
UBB,CDKN1A,650
FOS,CDKN1A,520
FOS,CDKN1A,520
CYCS,CDKN1A,600
CYCS,CDKN1A,600
CASP3,CDKN1A,994
CASP3,CDKN1A,994
EZH2,CDKN1A,585
EZH2,CDKN1A,585
PGR,CDKN1A,536
PGR,CDKN1A,536
SP1,CDKN1A,960
SP1,CDKN1A,960
CASP9,CDKN1A,618
CASP9,CDKN1A,618
SOCS3,CDKN1A,925
SOCS3,CDKN1A,925
SMAD3,CDKN1A,962
SMAD3,CDKN1A,962
HSP90AA1,CDKN1A,912
HSP90AA1,CDKN1A,912
STAT5A,CDKN1A,936
STAT5A,CDKN1A,936
SMAD4,CDKN1A,981
SMAD4,CDKN1A,981
CTNNB1,CDKN1A,625
CTNNB1,CDKN1A,625
CASP8,CDKN1A,569
CASP8,CDKN1A,569
STAT1,CDKN1A,951
STAT1,CDKN1A,951
MTOR,CDKN1A,521
MTOR,CDKN1A,521
PARP1,CDKN1A,828
PARP1,CDKN1A,828
MKI67,CDKN1A,536
MKI67,CDKN1A,536
MCL1,CDKN1A,954
MCL1,CDKN1A,954
XIAP,CDKN1A,503
XIAP,CDKN1A,503
JUN,CDKN1A,970
JUN,CDKN1A,970
HSP90AB1,CDKN1A,700
HSP90AB1,CDKN1A,700
PTEN,CDKN1A,665
PTEN,CDKN1A,665
ABL1,CDKN1A,952
ABL1,CDKN1A,952
HDAC1,CDKN1A,897
HDAC1,CDKN1A,897
SRC,CDKN1A,946
SRC,CDKN1A,946
AR,CDKN1A,505
AR,CDKN1A,505
FOXO1,CDKN1A,740
FOXO1,CDKN1A,740
JAK2,CDKN1A,934
JAK2,CDKN1A,934
AKT2,CDKN1A,952
AKT2,CDKN1A,952
BCL2L11,CDKN1A,600
BCL2L11,CDKN1A,600
CDK1,CDKN1A,999
CDK1,CDKN1A,999
MAPK8,CDKN1A,970
MAPK8,CDKN1A,970
INS,CDKN1A,508
INS,CDKN1A,508
RELA,CDKN1A,685
RELA,CDKN1A,685
MAPK1,XPO1,536
MAPK1,XPO1,536
NFKBIA,XPO1,963
NFKBIA,XPO1,963
TGFB1,XPO1,654
TGFB1,XPO1,654
CCND1,XPO1,985
CCND1,XPO1,985
CDKN1B,XPO1,998
CDKN1B,XPO1,998
GAPDH,XPO1,555
GAPDH,XPO1,555
CCNB1,XPO1,987
CCNB1,XPO1,987
MDM2,XPO1,811
MDM2,XPO1,811
AXIN1,XPO1,755
AXIN1,XPO1,755
MAPK3,XPO1,610
MAPK3,XPO1,610
PXN,XPO1,535
PXN,XPO1,535
TP53,XPO1,998
TP53,XPO1,998
EGFR,XPO1,539
EGFR,XPO1,539
FBXW7,XPO1,600
FBXW7,XPO1,600
NPM1,XPO1,970
NPM1,XPO1,970
CRK,XPO1,577
CRK,XPO1,577
HSPA4,XPO1,566
HSPA4,XPO1,566
TERT,XPO1,843
TERT,XPO1,843
PPP2R1A,XPO1,529
PPP2R1A,XPO1,529
HSP90AA1,XPO1,664
HSP90AA1,XPO1,664
SMAD4,XPO1,570
SMAD4,XPO1,570
ERBB4,XPO1,563
ERBB4,XPO1,563
CTNNB1,XPO1,985
CTNNB1,XPO1,985
TGFBR2,XPO1,672
TGFBR2,XPO1,672
BECN1,XPO1,598
BECN1,XPO1,598
EPS15,XPO1,510
EPS15,XPO1,510
PTEN,XPO1,521
PTEN,XPO1,521
YWHAB,XPO1,925
YWHAB,XPO1,925
HDAC1,XPO1,980
HDAC1,XPO1,980
SRC,XPO1,700
SRC,XPO1,700
AR,XPO1,523
AR,XPO1,523
FOXO1,XPO1,936
FOXO1,XPO1,936
CDK1,XPO1,963
CDK1,XPO1,963
YWHAZ,XPO1,936
YWHAZ,XPO1,936
RELA,XPO1,958
RELA,XPO1,958
CD4,IL6,942
CD4,IL6,942
TNFRSF1A,IL6,740
TNFRSF1A,IL6,740
FGF4,IL6,514
FGF4,IL6,514
MAPK1,IL6,957
MAPK1,IL6,957
NFKBIA,IL6,872
NFKBIA,IL6,872
TIMP1,IL6,974
TIMP1,IL6,974
MMP2,IL6,971
MMP2,IL6,971
TGFB1,IL6,990
TGFB1,IL6,990
EPOR,IL6,771
EPOR,IL6,771
HGF,IL6,973
HGF,IL6,973
SERPINE1,IL6,827
SERPINE1,IL6,827
CSF3,IL6,990
CSF3,IL6,990
CCL2,IL6,994
CCL2,IL6,994
IL2,IL6,914
IL2,IL6,914
CCND1,IL6,680
CCND1,IL6,680
IFNG,IL6,943
IFNG,IL6,943
GAPDH,IL6,841
GAPDH,IL6,841
MAPK14,IL6,758
MAPK14,IL6,758
HBEGF,IL6,605
HBEGF,IL6,605
IL4,IL6,991
IL4,IL6,991
IL5,IL6,873
IL5,IL6,873
NR3C1,IL6,624
NR3C1,IL6,624
FGF23,IL6,504
FGF23,IL6,504
SNAI1,IL6,577
SNAI1,IL6,577
BMP4,IL6,508
BMP4,IL6,508
LIF,IL6,978
LIF,IL6,978
EPO,IL6,736
EPO,IL6,736
KRAS,IL6,622
KRAS,IL6,622
PDGFRA,IL6,725
PDGFRA,IL6,725
TLR2,IL6,885
TLR2,IL6,885
THBS1,IL6,594
THBS1,IL6,594
CDH1,IL6,657
CDH1,IL6,657
PDGFRB,IL6,785
PDGFRB,IL6,785
SMAD2,IL6,620
SMAD2,IL6,620
GAB1,IL6,911
GAB1,IL6,911
MAPK3,IL6,973
MAPK3,IL6,973
IL1A,IL6,993
IL1A,IL6,993
IL1B,IL6,997
IL1B,IL6,997
IL7,IL6,829
IL7,IL6,829
KDR,IL6,610
KDR,IL6,610
CBL,IL6,705
CBL,IL6,705
FGF2,IL6,975
FGF2,IL6,975
WNT5A,IL6,522
WNT5A,IL6,522
STAT3,IL6,992
STAT3,IL6,992
ICAM1,IL6,890
ICAM1,IL6,890
EGF,IL6,763
EGF,IL6,763
FGF7,IL6,588
FGF7,IL6,588
CDH2,IL6,508
CDH2,IL6,508
TP53,IL6,744
TP53,IL6,744
ERBB2,IL6,965
ERBB2,IL6,965
EGFR,IL6,867
EGFR,IL6,867
IFNA1,IL6,857
IFNA1,IL6,857
ATM,IL6,512
ATM,IL6,512
TJP1,IL6,642
TJP1,IL6,642
FLT1,IL6,572
FLT1,IL6,572
APP,IL6,619
APP,IL6,619
PPARG,IL6,792
PPARG,IL6,792
KIT,IL6,664
KIT,IL6,664
STAT5B,IL6,759
STAT5B,IL6,759
FGF19,IL6,518
FGF19,IL6,518
HPGDS,IL6,501
HPGDS,IL6,501
TGFA,IL6,503
TGFA,IL6,503
ALB,IL6,860
ALB,IL6,860
ANXA5,IL6,697
ANXA5,IL6,697
IL15,IL6,834
IL15,IL6,834
IL3,IL6,976
IL3,IL6,976
CSF2,IL6,991
CSF2,IL6,991
MMP3,IL6,977
MMP3,IL6,977
STAT6,IL6,738
STAT6,IL6,738
MAP2K1,IL6,955
MAP2K1,IL6,955
BCL2L1,IL6,687
BCL2L1,IL6,687
IGF1,IL6,814
IGF1,IL6,814
HSPA4,IL6,651
HSPA4,IL6,651
IRS1,IL6,680
IRS1,IL6,680
IL13,IL6,987
IL13,IL6,987
FOS,IL6,970
FOS,IL6,970
CXCL8,IL6,997
CXCL8,IL6,997
CYCS,IL6,610
CYCS,IL6,610
CD34,IL6,742
CD34,IL6,742
CASP3,IL6,836
CASP3,IL6,836
LEP,IL6,877
LEP,IL6,877
MET,IL6,893
MET,IL6,893
FGF13,IL6,623
FGF13,IL6,623
HSPA5,IL6,527
HSPA5,IL6,527
CD28,IL6,792
CD28,IL6,792
CSF1,IL6,836
CSF1,IL6,836
SOCS1,IL6,727
SOCS1,IL6,727
CASP9,IL6,624
CASP9,IL6,624
SOCS3,IL6,984
SOCS3,IL6,984
SMAD3,IL6,610
SMAD3,IL6,610
HSP90AA1,IL6,776
HSP90AA1,IL6,776
LCK,IL6,522
LCK,IL6,522
SNCA,IL6,509
SNCA,IL6,509
CAV1,IL6,595
CAV1,IL6,595
PTPN11,IL6,958
PTPN11,IL6,958
STAT5A,IL6,760
STAT5A,IL6,760
SMAD4,IL6,520
SMAD4,IL6,520
JAK1,IL6,978
JAK1,IL6,978
CDH5,IL6,515
CDH5,IL6,515
CTNNB1,IL6,692
CTNNB1,IL6,692
FN1,IL6,895
FN1,IL6,895
FAS,IL6,619
FAS,IL6,619
CASP8,IL6,706
CASP8,IL6,706
TFRC,IL6,602
TFRC,IL6,602
STAT1,IL6,985
STAT1,IL6,985
MTOR,IL6,687
MTOR,IL6,687
GAB2,IL6,913
GAB2,IL6,913
BECN1,IL6,531
BECN1,IL6,531
PTGS2,IL6,913
PTGS2,IL6,913
CCN2,IL6,683
CCN2,IL6,683
IL6R,IL6,999
IL6R,IL6,999
MKI67,IL6,516
MKI67,IL6,516
MCL1,IL6,602
MCL1,IL6,602
NGF,IL6,737
NGF,IL6,737
CHUK,IL6,689
CHUK,IL6,689
XIAP,IL6,515
XIAP,IL6,515
JUN,IL6,981
JUN,IL6,981
PTEN,IL6,636
PTEN,IL6,636
MMP9,IL6,986
MMP9,IL6,986
SRC,IL6,685
SRC,IL6,685
TLR4,IL6,940
TLR4,IL6,940
AR,IL6,560
AR,IL6,560
SYK,IL6,632
SYK,IL6,632
FOXP3,IL6,868
FOXP3,IL6,868
BMP2,IL6,571
BMP2,IL6,571
GATA3,IL6,670
GATA3,IL6,670
EDN1,IL6,744
EDN1,IL6,744
FOXO1,IL6,956
FOXO1,IL6,956
IFNB1,IL6,850
IFNB1,IL6,850
SDC1,IL6,796
SDC1,IL6,796
IL6ST,IL6,999
IL6ST,IL6,999
CD274,IL6,749
CD274,IL6,749
JAK2,IL6,989
JAK2,IL6,989
GRB2,IL6,938
GRB2,IL6,938
BCL2L11,IL6,503
BCL2L11,IL6,503
SPP1,IL6,694
SPP1,IL6,694
MAPK8,IL6,668
MAPK8,IL6,668
AREG,IL6,550
AREG,IL6,550
CXCL12,IL6,762
CXCL12,IL6,762
ITGB1,IL6,537
ITGB1,IL6,537
INS,IL6,880
INS,IL6,880
RELA,IL6,976
RELA,IL6,976
CDKN1A,IL6,524
CDKN1A,IL6,524
MAPK1,FOXO3,924
MAPK1,FOXO3,924
CCND1,FOXO3,962
CCND1,FOXO3,962
CDKN1B,FOXO3,983
CDKN1B,FOXO3,983
GAPDH,FOXO3,644
GAPDH,FOXO3,644
NANOG,FOXO3,932
NANOG,FOXO3,932
MAPK14,FOXO3,850
MAPK14,FOXO3,850
NR3C1,FOXO3,782
NR3C1,FOXO3,782
BMP4,FOXO3,528
BMP4,FOXO3,528
KRAS,FOXO3,538
KRAS,FOXO3,538
CDK4,FOXO3,557
CDK4,FOXO3,557
MDM2,FOXO3,997
MDM2,FOXO3,997
SMAD2,FOXO3,993
SMAD2,FOXO3,993
MAPK3,FOXO3,928
MAPK3,FOXO3,928
EP300,FOXO3,996
EP300,FOXO3,996
AKT3,FOXO3,992
AKT3,FOXO3,992
PIK3CA,FOXO3,881
PIK3CA,FOXO3,881
STAT3,FOXO3,969
STAT3,FOXO3,969
TP53,FOXO3,997
TP53,FOXO3,997
ERBB2,FOXO3,578
ERBB2,FOXO3,578
EGFR,FOXO3,640
EGFR,FOXO3,640
ATM,FOXO3,990
ATM,FOXO3,990
APP,FOXO3,935
APP,FOXO3,935
PPARG,FOXO3,532
PPARG,FOXO3,532
STAT5B,FOXO3,729
STAT5B,FOXO3,729
ALB,FOXO3,522
ALB,FOXO3,522
ANXA5,FOXO3,568
ANXA5,FOXO3,568
BCL2L1,FOXO3,636
BCL2L1,FOXO3,636
IGF1,FOXO3,703
IGF1,FOXO3,703
INSR,FOXO3,711
INSR,FOXO3,711
IRS1,FOXO3,849
IRS1,FOXO3,849
FOS,FOXO3,947
FOS,FOXO3,947
CYCS,FOXO3,561
CYCS,FOXO3,561
PRKACA,FOXO3,844
PRKACA,FOXO3,844
CASP3,FOXO3,686
CASP3,FOXO3,686
HNF4A,FOXO3,647
HNF4A,FOXO3,647
SOX2,FOXO3,937
SOX2,FOXO3,937
CASP9,FOXO3,580
CASP9,FOXO3,580
SMAD3,FOXO3,989
SMAD3,FOXO3,989
HSP90AA1,FOXO3,629
HSP90AA1,FOXO3,629
CAV1,FOXO3,928
CAV1,FOXO3,928
PTK2,FOXO3,748
PTK2,FOXO3,748
STAT5A,FOXO3,613
STAT5A,FOXO3,613
SMAD4,FOXO3,995
SMAD4,FOXO3,995
CTNNB1,FOXO3,999
CTNNB1,FOXO3,999
CASP8,FOXO3,512
CASP8,FOXO3,512
PIK3CG,FOXO3,809
PIK3CG,FOXO3,809
MTOR,FOXO3,855
MTOR,FOXO3,855
BECN1,FOXO3,759
BECN1,FOXO3,759
PARP1,FOXO3,591
PARP1,FOXO3,591
MCL1,FOXO3,566
MCL1,FOXO3,566
CHUK,FOXO3,959
CHUK,FOXO3,959
JUN,FOXO3,750
JUN,FOXO3,750
PTEN,FOXO3,917
PTEN,FOXO3,917
YWHAB,FOXO3,993
YWHAB,FOXO3,993
HDAC1,FOXO3,633
HDAC1,FOXO3,633
SRC,FOXO3,513
SRC,FOXO3,513
AR,FOXO3,663
AR,FOXO3,663
IRS2,FOXO3,619
IRS2,FOXO3,619
PIK3CD,FOXO3,842
PIK3CD,FOXO3,842
BMP2,FOXO3,521
BMP2,FOXO3,521
FOXO1,FOXO3,911
FOXO1,FOXO3,911
AKT2,FOXO3,993
AKT2,FOXO3,993
BCL2L11,FOXO3,993
BCL2L11,FOXO3,993
CDK1,FOXO3,651
CDK1,FOXO3,651
MAPK8,FOXO3,949
MAPK8,FOXO3,949
YWHAZ,FOXO3,999
YWHAZ,FOXO3,999
INS,FOXO3,967
INS,FOXO3,967
RELA,FOXO3,820
RELA,FOXO3,820
CDKN1A,FOXO3,977
CDKN1A,FOXO3,977
XPO1,FOXO3,940
XPO1,FOXO3,940
IL6,FOXO3,562
IL6,FOXO3,562
CD4,CD8A,994
CD4,CD8A,994
TNFRSF1A,CD8A,792
TNFRSF1A,CD8A,792
NFKBIA,CD8A,540
NFKBIA,CD8A,540
CSK,CD8A,930
CSK,CD8A,930
CSF3,CD8A,687
CSF3,CD8A,687
CCL2,CD8A,766
CCL2,CD8A,766
IL2,CD8A,991
IL2,CD8A,991
IFNG,CD8A,902
IFNG,CD8A,902
GAPDH,CD8A,683
GAPDH,CD8A,683
HBEGF,CD8A,517
HBEGF,CD8A,517
IL4,CD8A,880
IL4,CD8A,880
IL5,CD8A,805
IL5,CD8A,805
PLCG1,CD8A,517
PLCG1,CD8A,517
KRAS,CD8A,560
KRAS,CD8A,560
TLR2,CD8A,732
TLR2,CD8A,732
CDH1,CD8A,843
CDH1,CD8A,843
MAPK3,CD8A,520
MAPK3,CD8A,520
IL1A,CD8A,668
IL1A,CD8A,668
IL1B,CD8A,816
IL1B,CD8A,816
EPCAM,CD8A,600
EPCAM,CD8A,600
IL7,CD8A,860
IL7,CD8A,860
PIK3CA,CD8A,937
PIK3CA,CD8A,937
CBL,CD8A,947
CBL,CD8A,947
STAT3,CD8A,720
STAT3,CD8A,720
ICAM1,CD8A,834
ICAM1,CD8A,834
ZAP70,CD8A,981
ZAP70,CD8A,981
EGF,CD8A,523
EGF,CD8A,523
TP53,CD8A,699
TP53,CD8A,699
ERBB2,CD8A,681
ERBB2,CD8A,681
EGFR,CD8A,629
EGFR,CD8A,629
IFNA1,CD8A,825
IFNA1,CD8A,825
KIT,CD8A,722
KIT,CD8A,722
STAT5B,CD8A,686
STAT5B,CD8A,686
ALB,CD8A,739
ALB,CD8A,739
ANXA5,CD8A,737
ANXA5,CD8A,737
IL15,CD8A,859
IL15,CD8A,859
IL3,CD8A,660
IL3,CD8A,660
CSF2,CD8A,857
CSF2,CD8A,857
STAT6,CD8A,612
STAT6,CD8A,612
BCL2L1,CD8A,609
BCL2L1,CD8A,609
HSPA4,CD8A,681
HSPA4,CD8A,681
IL13,CD8A,803
IL13,CD8A,803
CXCL8,CD8A,768
CXCL8,CD8A,768
CYCS,CD8A,505
CYCS,CD8A,505
CD34,CD8A,775
CD34,CD8A,775
CASP3,CD8A,655
CASP3,CD8A,655
CD28,CD8A,991
CD28,CD8A,991
CSF1,CD8A,633
CSF1,CD8A,633
SOCS1,CD8A,630
SOCS1,CD8A,630
SOCS3,CD8A,509
SOCS3,CD8A,509
LCK,CD8A,999
LCK,CD8A,999
PTPN11,CD8A,519
PTPN11,CD8A,519
STAT5A,CD8A,684
STAT5A,CD8A,684
JAK1,CD8A,657
JAK1,CD8A,657
CTNNB1,CD8A,558
CTNNB1,CD8A,558
FYN,CD8A,972
FYN,CD8A,972
FN1,CD8A,588
FN1,CD8A,588
FAS,CD8A,789
FAS,CD8A,789
CASP8,CD8A,558
CASP8,CD8A,558
TGFBR2,CD8A,533
TGFBR2,CD8A,533
TFRC,CD8A,703
TFRC,CD8A,703
STAT1,CD8A,716
STAT1,CD8A,716
MTOR,CD8A,601
MTOR,CD8A,601
CD247,CD8A,995
CD247,CD8A,995
PTGS2,CD8A,519
PTGS2,CD8A,519
IL6R,CD8A,580
IL6R,CD8A,580
MKI67,CD8A,526
MKI67,CD8A,526
MCL1,CD8A,582
MCL1,CD8A,582
JUN,CD8A,953
JUN,CD8A,953
PTEN,CD8A,561
PTEN,CD8A,561
MMP9,CD8A,619
MMP9,CD8A,619
SRC,CD8A,769
SRC,CD8A,769
TLR4,CD8A,790
TLR4,CD8A,790
SYK,CD8A,958
SYK,CD8A,958
FOXP3,CD8A,920
FOXP3,CD8A,920
GATA3,CD8A,715
GATA3,CD8A,715
FOXO1,CD8A,503
FOXO1,CD8A,503
IFNB1,CD8A,739
IFNB1,CD8A,739
SDC1,CD8A,681
SDC1,CD8A,681
CD274,CD8A,883
CD274,CD8A,883
JAK2,CD8A,563
JAK2,CD8A,563
ALK,CD8A,525
ALK,CD8A,525
GRB2,CD8A,526
GRB2,CD8A,526
BCL2L11,CD8A,601
BCL2L11,CD8A,601
CXCL12,CD8A,681
CXCL12,CD8A,681
ITGB1,CD8A,568
ITGB1,CD8A,568
INS,CD8A,683
INS,CD8A,683
ITGB2,CD8A,669
ITGB2,CD8A,669
IL6,CD8A,878
IL6,CD8A,878
CD4,CXCR4,999
CD4,CXCR4,999
GNA11,CXCR4,950
GNA11,CXCR4,950
MMP2,CXCR4,638
MMP2,CXCR4,638
TGFB1,CXCR4,514
TGFB1,CXCR4,514
HGF,CXCR4,693
HGF,CXCR4,693
CSF3,CXCR4,813
CSF3,CXCR4,813
CCL2,CXCR4,921
CCL2,CXCR4,921
IL2,CXCR4,658
IL2,CXCR4,658
CCND1,CXCR4,506
CCND1,CXCR4,506
IFNG,CXCR4,567
IFNG,CXCR4,567
GAPDH,CXCR4,636
GAPDH,CXCR4,636
NANOG,CXCR4,635
NANOG,CXCR4,635
IL4,CXCR4,613
IL4,CXCR4,613
PLCG1,CXCR4,921
PLCG1,CXCR4,921
SNAI1,CXCR4,508
SNAI1,CXCR4,508
POU5F1,CXCR4,634
POU5F1,CXCR4,634
TLR2,CXCR4,976
TLR2,CXCR4,976
CDH1,CXCR4,691
CDH1,CXCR4,691
PDGFRB,CXCR4,512
PDGFRB,CXCR4,512
MAPK3,CXCR4,605
MAPK3,CXCR4,605
IL1B,CXCR4,661
IL1B,CXCR4,661
EPCAM,CXCR4,569
EPCAM,CXCR4,569
IL7,CXCR4,556
IL7,CXCR4,556
KDR,CXCR4,715
KDR,CXCR4,715
PIK3CA,CXCR4,934
PIK3CA,CXCR4,934
FGF2,CXCR4,677
FGF2,CXCR4,677
WNT5A,CXCR4,541
WNT5A,CXCR4,541
STAT3,CXCR4,970
STAT3,CXCR4,970
ICAM1,CXCR4,672
ICAM1,CXCR4,672
ZAP70,CXCR4,584
ZAP70,CXCR4,584
EGF,CXCR4,692
EGF,CXCR4,692
PXN,CXCR4,928
PXN,CXCR4,928
CDH2,CXCR4,539
CDH2,CXCR4,539
TP53,CXCR4,606
TP53,CXCR4,606
ERBB2,CXCR4,574
ERBB2,CXCR4,574
EGFR,CXCR4,914
EGFR,CXCR4,914
IFNA1,CXCR4,510
IFNA1,CXCR4,510
FLT1,CXCR4,577
FLT1,CXCR4,577
GNAQ,CXCR4,996
GNAQ,CXCR4,996
KIT,CXCR4,733
KIT,CXCR4,733
STAT5B,CXCR4,949
STAT5B,CXCR4,949
ALB,CXCR4,659
ALB,CXCR4,659
ANXA5,CXCR4,548
ANXA5,CXCR4,548
IL15,CXCR4,511
IL15,CXCR4,511
IL3,CXCR4,520
IL3,CXCR4,520
CSF2,CXCR4,606
CSF2,CXCR4,606
SHH,CXCR4,799
SHH,CXCR4,799
BCL2L1,CXCR4,503
BCL2L1,CXCR4,503
IGF1,CXCR4,729
IGF1,CXCR4,729
CXCL8,CXCR4,913
CXCL8,CXCR4,913
CD34,CXCR4,816
CD34,CXCR4,816
CASP3,CXCR4,557
CASP3,CXCR4,557
MET,CXCR4,632
MET,CXCR4,632
FGF13,CXCR4,511
FGF13,CXCR4,511
SOX2,CXCR4,631
SOX2,CXCR4,631
CD28,CXCR4,598
CD28,CXCR4,598
CSF1,CXCR4,649
CSF1,CXCR4,649
SOCS1,CXCR4,693
SOCS1,CXCR4,693
SOCS3,CXCR4,631
SOCS3,CXCR4,631
HGS,CXCR4,910
HGS,CXCR4,910
HSP90AA1,CXCR4,902
HSP90AA1,CXCR4,902
LCK,CXCR4,962
LCK,CXCR4,962
CAV1,CXCR4,551
CAV1,CXCR4,551
PTPN11,CXCR4,939
PTPN11,CXCR4,939
PTK2,CXCR4,957
PTK2,CXCR4,957
STAT5A,CXCR4,942
STAT5A,CXCR4,942
CDH5,CXCR4,546
CDH5,CXCR4,546
CTNNB1,CXCR4,608
CTNNB1,CXCR4,608
FN1,CXCR4,760
FN1,CXCR4,760
FAS,CXCR4,514
FAS,CXCR4,514
RAC1,CXCR4,927
RAC1,CXCR4,927
PIK3CG,CXCR4,962
PIK3CG,CXCR4,962
STAT1,CXCR4,963
STAT1,CXCR4,963
CD247,CXCR4,561
CD247,CXCR4,561
PTGS2,CXCR4,512
PTGS2,CXCR4,512
NES,CXCR4,604
NES,CXCR4,604
JUN,CXCR4,501
JUN,CXCR4,501
HSP90AB1,CXCR4,649
HSP90AB1,CXCR4,649
PTEN,CXCR4,533
PTEN,CXCR4,533
MMP9,CXCR4,723
MMP9,CXCR4,723
SRC,CXCR4,569
SRC,CXCR4,569
TLR4,CXCR4,774
TLR4,CXCR4,774
FOXP3,CXCR4,600
FOXP3,CXCR4,600
EDN1,CXCR4,939
EDN1,CXCR4,939
SDC1,CXCR4,559
SDC1,CXCR4,559
CD274,CXCR4,575
CD274,CXCR4,575
JAK2,CXCR4,990
JAK2,CXCR4,990
SPP1,CXCR4,715
SPP1,CXCR4,715
CXCL12,CXCR4,999
CXCL12,CXCR4,999
ITGB1,CXCR4,814
ITGB1,CXCR4,814
INS,CXCR4,527
INS,CXCR4,527
ITGB2,CXCR4,547
ITGB2,CXCR4,547
CDC42,CXCR4,945
CDC42,CXCR4,945
IL6,CXCR4,698
IL6,CXCR4,698
CD8A,CXCR4,725
CD8A,CXCR4,725
CD4,CREB1,502
CD4,CREB1,502
MAPK1,CREB1,972
MAPK1,CREB1,972
NFKBIA,CREB1,574
NFKBIA,CREB1,574
IL2,CREB1,504
IL2,CREB1,504
CCND1,CREB1,959
CCND1,CREB1,959
GAPDH,CREB1,687
GAPDH,CREB1,687
MAPK14,CREB1,979
MAPK14,CREB1,979
NR3C1,CREB1,907
NR3C1,CREB1,907
PLCG1,CREB1,935
PLCG1,CREB1,935
SOX9,CREB1,660
SOX9,CREB1,660
EPO,CREB1,929
EPO,CREB1,929
KRAS,CREB1,628
KRAS,CREB1,628
MAPK3,CREB1,975
MAPK3,CREB1,975
EP300,CREB1,999
EP300,CREB1,999
IL1B,CREB1,650
IL1B,CREB1,650
AKT3,CREB1,937
AKT3,CREB1,937
PIK3CA,CREB1,926
PIK3CA,CREB1,926
FGF2,CREB1,543
FGF2,CREB1,543
STAT3,CREB1,930
STAT3,CREB1,930
EGF,CREB1,564
EGF,CREB1,564
TP53,CREB1,994
TP53,CREB1,994
EGFR,CREB1,613
EGFR,CREB1,613
NTRK2,CREB1,765
NTRK2,CREB1,765
ATM,CREB1,682
ATM,CREB1,682
APP,CREB1,627
APP,CREB1,627
GNAQ,CREB1,566
GNAQ,CREB1,566
PPARG,CREB1,719
PPARG,CREB1,719
STAT5B,CREB1,514
STAT5B,CREB1,514
ALB,CREB1,652
ALB,CREB1,652
MAP2K1,CREB1,611
MAP2K1,CREB1,611
BCL2L1,CREB1,523
BCL2L1,CREB1,523
IGF1,CREB1,621
IGF1,CREB1,621
IRS1,CREB1,517
IRS1,CREB1,517
FOS,CREB1,990
FOS,CREB1,990
CXCL8,CREB1,508
CXCL8,CREB1,508
CYCS,CREB1,529
CYCS,CREB1,529
PRKACA,CREB1,962
PRKACA,CREB1,962
CASP3,CREB1,656
CASP3,CREB1,656
LEP,CREB1,537
LEP,CREB1,537
HNF4A,CREB1,688
HNF4A,CREB1,688
SP1,CREB1,647
SP1,CREB1,647
SMAD3,CREB1,519
SMAD3,CREB1,519
PTK2,CREB1,539
PTK2,CREB1,539
STAT5A,CREB1,529
STAT5A,CREB1,529
CTNNB1,CREB1,919
CTNNB1,CREB1,919
RET,CREB1,921
RET,CREB1,921
STAT1,CREB1,602
STAT1,CREB1,602
MTOR,CREB1,622
MTOR,CREB1,622
PTGS2,CREB1,613
PTGS2,CREB1,613
NGF,CREB1,793
NGF,CREB1,793
CHUK,CREB1,537
CHUK,CREB1,537
JUN,CREB1,998
JUN,CREB1,998
PTEN,CREB1,646
PTEN,CREB1,646
HDAC1,CREB1,963
HDAC1,CREB1,963
SRC,CREB1,648
SRC,CREB1,648
TLR4,CREB1,580
TLR4,CREB1,580
AR,CREB1,843
AR,CREB1,843
FOXP3,CREB1,508
FOXP3,CREB1,508
GATA3,CREB1,710
GATA3,CREB1,710
EDN1,CREB1,939
EDN1,CREB1,939
FOXO1,CREB1,894
FOXO1,CREB1,894
DNM2,CREB1,675
DNM2,CREB1,675
AKT2,CREB1,944
AKT2,CREB1,944
GRB2,CREB1,942
GRB2,CREB1,942
MAPK8,CREB1,579
MAPK8,CREB1,579
INS,CREB1,711
INS,CREB1,711
DLG4,CREB1,685
DLG4,CREB1,685
RELA,CREB1,592
RELA,CREB1,592
CDKN1A,CREB1,938
CDKN1A,CREB1,938
IL6,CREB1,965
IL6,CREB1,965
FOXO3,CREB1,714
FOXO3,CREB1,714
TNFRSF1A,UBA52,900
TNFRSF1A,UBA52,900
FGF4,UBA52,600
FGF4,UBA52,600
NGFR,UBA52,900
NGFR,UBA52,900
NFKBIA,UBA52,640
NFKBIA,UBA52,640
TGFB1,UBA52,608
TGFB1,UBA52,608
HGF,UBA52,900
HGF,UBA52,900
CCND1,UBA52,600
CCND1,UBA52,600
CDKN1B,UBA52,600
CDKN1B,UBA52,600
HBEGF,UBA52,600
HBEGF,UBA52,600
FGF23,UBA52,600
FGF23,UBA52,600
EREG,UBA52,600
EREG,UBA52,600
RAF1,UBA52,900
RAF1,UBA52,900
KRAS,UBA52,903
KRAS,UBA52,903
CCNB1,UBA52,729
CCNB1,UBA52,729
MDM2,UBA52,990
MDM2,UBA52,990
CDH1,UBA52,600
CDH1,UBA52,600
SMAD2,UBA52,637
SMAD2,UBA52,637
AXIN1,UBA52,600
AXIN1,UBA52,600
EP300,UBA52,690
EP300,UBA52,690
CBL,UBA52,606
CBL,UBA52,606
FGF2,UBA52,600
FGF2,UBA52,600
FGF10,UBA52,600
FGF10,UBA52,600
EGF,UBA52,657
EGF,UBA52,657
ERBB3,UBA52,600
ERBB3,UBA52,600
RB1,UBA52,900
RB1,UBA52,900
FGF7,UBA52,600
FGF7,UBA52,600
TP53,UBA52,908
TP53,UBA52,908
ERBB2,UBA52,600
ERBB2,UBA52,600
RPS27A,UBA52,999
RPS27A,UBA52,999
CCNA2,UBA52,600
CCNA2,UBA52,600
EGFR,UBA52,621
EGFR,UBA52,621
ATM,UBA52,902
ATM,UBA52,902
FBXW7,UBA52,975
FBXW7,UBA52,975
WNT3A,UBA52,900
WNT3A,UBA52,900
FGFR4,UBA52,600
FGFR4,UBA52,600
FGF19,UBA52,600
FGF19,UBA52,600
TGFA,UBA52,600
TGFA,UBA52,600
SHH,UBA52,900
SHH,UBA52,900
MAP2K1,UBA52,658
MAP2K1,UBA52,658
UBB,UBA52,986
UBB,UBA52,986
MET,UBA52,900
MET,UBA52,900
FGF8,UBA52,600
FGF8,UBA52,600
PPP2R1A,UBA52,605
PPP2R1A,UBA52,605
HGS,UBA52,791
HGS,UBA52,791
SMAD3,UBA52,600
SMAD3,UBA52,600
FGF3,UBA52,600
FGF3,UBA52,600
HSP90AA1,UBA52,680
HSP90AA1,UBA52,680
SNCA,UBA52,602
SNCA,UBA52,602
FGFR3,UBA52,600
FGFR3,UBA52,600
PTPN11,UBA52,608
PTPN11,UBA52,608
SMAD4,UBA52,636
SMAD4,UBA52,636
ERBB4,UBA52,600
ERBB4,UBA52,600
CTNNB1,UBA52,613
CTNNB1,UBA52,613
NF1,UBA52,900
NF1,UBA52,900
TGFBR2,UBA52,600
TGFBR2,UBA52,600
PARP1,UBA52,600
PARP1,UBA52,600
NGF,UBA52,900
NGF,UBA52,900
NRAS,UBA52,903
NRAS,UBA52,903
CHUK,UBA52,910
CHUK,UBA52,910
XIAP,UBA52,903
XIAP,UBA52,903
JUN,UBA52,943
JUN,UBA52,943
HSP90AB1,UBA52,727
HSP90AB1,UBA52,727
EPS15,UBA52,774
EPS15,UBA52,774
PTEN,UBA52,913
PTEN,UBA52,913
SRC,UBA52,652
SRC,UBA52,652
TLR4,UBA52,900
TLR4,UBA52,900
PRKCZ,UBA52,600
PRKCZ,UBA52,600
GRB2,UBA52,667
GRB2,UBA52,667
CDK1,UBA52,629
CDK1,UBA52,629
BTC,UBA52,600
BTC,UBA52,600
AREG,UBA52,600
AREG,UBA52,600
CDC42,UBA52,630
CDC42,UBA52,630
RELA,UBA52,601
RELA,UBA52,601
CDKN1A,UBA52,600
CDKN1A,UBA52,600
CD4,PTPN6,935
CD4,PTPN6,935
MAPK1,PTPN6,864
MAPK1,PTPN6,864
CSK,PTPN6,702
CSK,PTPN6,702
EPOR,PTPN6,995
EPOR,PTPN6,995
PIK3R2,PTPN6,659
PIK3R2,PTPN6,659
IL2,PTPN6,695
IL2,PTPN6,695
IFNG,PTPN6,920
IFNG,PTPN6,920
IL4,PTPN6,941
IL4,PTPN6,941
IL5,PTPN6,623
IL5,PTPN6,623
EPO,PTPN6,918
EPO,PTPN6,918
PDGFRB,PTPN6,607
PDGFRB,PTPN6,607
PIK3R3,PTPN6,628
PIK3R3,PTPN6,628
MAPK3,PTPN6,878
MAPK3,PTPN6,878
KDR,PTPN6,986
KDR,PTPN6,986
PIK3CA,PTPN6,913
PIK3CA,PTPN6,913
CBL,PTPN6,946
CBL,PTPN6,946
STAT3,PTPN6,531
STAT3,PTPN6,531
ZAP70,PTPN6,963
ZAP70,PTPN6,963
EGF,PTPN6,696
EGF,PTPN6,696
EGFR,PTPN6,963
EGFR,PTPN6,963
KIT,PTPN6,981
KIT,PTPN6,981
STAT5B,PTPN6,956
STAT5B,PTPN6,956
IL3,PTPN6,921
IL3,PTPN6,921
CSF2,PTPN6,659
CSF2,PTPN6,659
STAT6,PTPN6,948
STAT6,PTPN6,948
INSR,PTPN6,706
INSR,PTPN6,706
IRS1,PTPN6,912
IRS1,PTPN6,912
SOCS3,PTPN6,932
SOCS3,PTPN6,932
SMAD3,PTPN6,917
SMAD3,PTPN6,917
LCK,PTPN6,988
LCK,PTPN6,988
PTPN11,PTPN6,926
PTPN11,PTPN6,926
STAT5A,PTPN6,951
STAT5A,PTPN6,951
JAK1,PTPN6,969
JAK1,PTPN6,969
CTNNB1,PTPN6,937
CTNNB1,PTPN6,937
CRKL,PTPN6,945
CRKL,PTPN6,945
FYN,PTPN6,940
FYN,PTPN6,940
STAT1,PTPN6,940
STAT1,PTPN6,940
CD247,PTPN6,947
CD247,PTPN6,947
GAB2,PTPN6,545
GAB2,PTPN6,545
ABL1,PTPN6,577
ABL1,PTPN6,577
SRC,PTPN6,935
SRC,PTPN6,935
SYK,PTPN6,996
SYK,PTPN6,996
PIK3CD,PTPN6,652
PIK3CD,PTPN6,652
IFNB1,PTPN6,917
IFNB1,PTPN6,917
CD274,PTPN6,670
CD274,PTPN6,670
JAK2,PTPN6,989
JAK2,PTPN6,989
GRB2,PTPN6,942
GRB2,PTPN6,942
CXCL12,PTPN6,906
CXCL12,PTPN6,906
ITGB1,PTPN6,833
ITGB1,PTPN6,833
PTK2B,PTPN6,610
PTK2B,PTPN6,610
ITGB2,PTPN6,546
ITGB2,PTPN6,546
CTNND1,PTPN6,858
CTNND1,PTPN6,858
CD8A,PTPN6,926
CD8A,PTPN6,926
CXCR4,PTPN6,937
CXCR4,PTPN6,937
VCL,BCAR1,998
VCL,BCAR1,998
CSK,BCAR1,973
CSK,BCAR1,973
HGF,BCAR1,929
HGF,BCAR1,929
MAPK14,BCAR1,515
MAPK14,BCAR1,515
PDGFRA,BCAR1,652
PDGFRA,BCAR1,652
PDGFRB,BCAR1,925
PDGFRB,BCAR1,925
FLT4,BCAR1,929
FLT4,BCAR1,929
KDR,BCAR1,931
KDR,BCAR1,931
PIK3CA,BCAR1,912
PIK3CA,BCAR1,912
CBL,BCAR1,973
CBL,BCAR1,973
EGF,BCAR1,508
EGF,BCAR1,508
PXN,BCAR1,999
PXN,BCAR1,999
ERBB2,BCAR1,797
ERBB2,BCAR1,797
EGFR,BCAR1,952
EGFR,BCAR1,952
FLT1,BCAR1,921
FLT1,BCAR1,921
CRK,BCAR1,999
CRK,BCAR1,999
IGF1,BCAR1,922
IGF1,BCAR1,922
IRS1,BCAR1,926
IRS1,BCAR1,926
MET,BCAR1,939
MET,BCAR1,939
CSF1,BCAR1,913
CSF1,BCAR1,913
PDGFB,BCAR1,920
PDGFB,BCAR1,920
SMAD3,BCAR1,699
SMAD3,BCAR1,699
HSP90AA1,BCAR1,649
HSP90AA1,BCAR1,649
LCK,BCAR1,977
LCK,BCAR1,977
PTPN11,BCAR1,967
PTPN11,BCAR1,967
PTK2,BCAR1,999
PTK2,BCAR1,999
CRKL,BCAR1,999
CRKL,BCAR1,999
PDGFA,BCAR1,651
PDGFA,BCAR1,651
FYN,BCAR1,995
FYN,BCAR1,995
FN1,BCAR1,870
FN1,BCAR1,870
RET,BCAR1,914
RET,BCAR1,914
RAC1,BCAR1,946
RAC1,BCAR1,946
EPHA2,BCAR1,952
EPHA2,BCAR1,952
PTPN1,BCAR1,994
PTPN1,BCAR1,994
PTEN,BCAR1,542
PTEN,BCAR1,542
ABL1,BCAR1,916
ABL1,BCAR1,916
SRC,BCAR1,999
SRC,BCAR1,999
FGR,BCAR1,926
FGR,BCAR1,926
SYK,BCAR1,922
SYK,BCAR1,922
CTTN,BCAR1,706
CTTN,BCAR1,706
JAK2,BCAR1,917
JAK2,BCAR1,917
GRB2,BCAR1,991
GRB2,BCAR1,991
SPP1,BCAR1,917
SPP1,BCAR1,917
MAPK8,BCAR1,956
MAPK8,BCAR1,956
CXCL12,BCAR1,921
CXCL12,BCAR1,921
YWHAZ,BCAR1,589
YWHAZ,BCAR1,589
ITGB1,BCAR1,974
ITGB1,BCAR1,974
PTK2B,BCAR1,999
PTK2B,BCAR1,999
ITGB2,BCAR1,750
ITGB2,BCAR1,750
CDC42,BCAR1,972
CDC42,BCAR1,972
CXCR4,BCAR1,915
CXCR4,BCAR1,915
CD4,JAK3,639
CD4,JAK3,639
GNA11,JAK3,578
GNA11,JAK3,578
MAPK1,JAK3,923
MAPK1,JAK3,923
EPOR,JAK3,946
EPOR,JAK3,946
PIK3R2,JAK3,651
PIK3R2,JAK3,651
HGF,JAK3,555
HGF,JAK3,555
CSF3,JAK3,735
CSF3,JAK3,735
IL2,JAK3,995
IL2,JAK3,995
MAPK14,JAK3,922
MAPK14,JAK3,922
IL4,JAK3,964
IL4,JAK3,964
IL5,JAK3,716
IL5,JAK3,716
EPO,JAK3,814
EPO,JAK3,814
KRAS,JAK3,945
KRAS,JAK3,945
PDGFRA,JAK3,716
PDGFRA,JAK3,716
CDK4,JAK3,512
CDK4,JAK3,512
PDGFRB,JAK3,688
PDGFRB,JAK3,688
PIK3R3,JAK3,644
PIK3R3,JAK3,644
MAPK3,JAK3,928
MAPK3,JAK3,928
IL7,JAK3,939
IL7,JAK3,939
PIK3CA,JAK3,953
PIK3CA,JAK3,953
CBL,JAK3,922
CBL,JAK3,922
STAT3,JAK3,998
STAT3,JAK3,998
TP53,JAK3,523
TP53,JAK3,523
ERBB2,JAK3,852
ERBB2,JAK3,852
EGFR,JAK3,870
EGFR,JAK3,870
IFNA1,JAK3,774
IFNA1,JAK3,774
FBXW7,JAK3,538
FBXW7,JAK3,538
GNAQ,JAK3,531
GNAQ,JAK3,531
STAT5B,JAK3,999
STAT5B,JAK3,999
IL15,JAK3,886
IL15,JAK3,886
IL3,JAK3,793
IL3,JAK3,793
CSF2,JAK3,723
CSF2,JAK3,723
NPM1,JAK3,750
NPM1,JAK3,750
STAT6,JAK3,985
STAT6,JAK3,985
MAP2K1,JAK3,925
MAP2K1,JAK3,925
IRS1,JAK3,962
IRS1,JAK3,962
IL13,JAK3,517
IL13,JAK3,517
EZH2,JAK3,517
EZH2,JAK3,517
SOCS1,JAK3,986
SOCS1,JAK3,986
SOCS3,JAK3,988
SOCS3,JAK3,988
LCK,JAK3,940
LCK,JAK3,940
PTPN11,JAK3,966
PTPN11,JAK3,966
STAT5A,JAK3,998
STAT5A,JAK3,998
JAK1,JAK3,950
JAK1,JAK3,950
CTNNB1,JAK3,516
CTNNB1,JAK3,516
CRKL,JAK3,912
CRKL,JAK3,912
FYN,JAK3,918
FYN,JAK3,918
STAT1,JAK3,982
STAT1,JAK3,982
CD247,JAK3,638
CD247,JAK3,638
GAB2,JAK3,915
GAB2,JAK3,915
IL6R,JAK3,940
IL6R,JAK3,940
NRAS,JAK3,947
NRAS,JAK3,947
PTEN,JAK3,651
PTEN,JAK3,651
SYK,JAK3,923
SYK,JAK3,923
IRS2,JAK3,948
IRS2,JAK3,948
FOXP3,JAK3,521
FOXP3,JAK3,521
PIK3CD,JAK3,712
PIK3CD,JAK3,712
PRKCZ,JAK3,908
PRKCZ,JAK3,908
IFNB1,JAK3,718
IFNB1,JAK3,718
IL6ST,JAK3,924
IL6ST,JAK3,924
JAK2,JAK3,946
JAK2,JAK3,946
ALK,JAK3,922
ALK,JAK3,922
GRB2,JAK3,943
GRB2,JAK3,943
MAPK8,JAK3,925
MAPK8,JAK3,925
PTK2B,JAK3,950
PTK2B,JAK3,950
IL6,JAK3,961
IL6,JAK3,961
CD8A,JAK3,585
CD8A,JAK3,585
CXCR4,JAK3,905
CXCR4,JAK3,905
PTPN6,JAK3,948
PTPN6,JAK3,948
NGFR,IGF2,684
NGFR,IGF2,684
MMP2,IGF2,944
MMP2,IGF2,944
TGFB1,IGF2,567
TGFB1,IGF2,567
HGF,IGF2,527
HGF,IGF2,527
CCND1,IGF2,644
CCND1,IGF2,644
GAPDH,IGF2,537
GAPDH,IGF2,537
NANOG,IGF2,510
NANOG,IGF2,510
KRAS,IGF2,549
KRAS,IGF2,549
PDGFRA,IGF2,763
PDGFRA,IGF2,763
POU5F1,IGF2,549
POU5F1,IGF2,549
CDH1,IGF2,944
CDH1,IGF2,944
PDGFRB,IGF2,754
PDGFRB,IGF2,754
FLT4,IGF2,711
FLT4,IGF2,711
KDR,IGF2,756
KDR,IGF2,756
FGF2,IGF2,777
FGF2,IGF2,777
EGF,IGF2,658
EGF,IGF2,658
ERBB3,IGF2,745
ERBB3,IGF2,745
TP53,IGF2,658
TP53,IGF2,658
ERBB2,IGF2,800
ERBB2,IGF2,800
EGFR,IGF2,839
EGFR,IGF2,839
NTRK2,IGF2,695
NTRK2,IGF2,695
FLT1,IGF2,745
FLT1,IGF2,745
KIT,IGF2,773
KIT,IGF2,773
FGFR4,IGF2,715
FGFR4,IGF2,715
ALB,IGF2,703
ALB,IGF2,703
IGF1,IGF2,846
IGF1,IGF2,846
INSR,IGF2,959
INSR,IGF2,959
CTNNA1,IGF2,906
CTNNA1,IGF2,906
IRS1,IGF2,866
IRS1,IGF2,866
LEP,IGF2,602
LEP,IGF2,602
MET,IGF2,761
MET,IGF2,761
FGF13,IGF2,519
FGF13,IGF2,519
SOCS1,IGF2,600
SOCS1,IGF2,600
FGFR3,IGF2,718
FGFR3,IGF2,718
ERBB4,IGF2,700
ERBB4,IGF2,700
CTNNB1,IGF2,959
CTNNB1,IGF2,959
FN1,IGF2,542
FN1,IGF2,542
NF1,IGF2,584
NF1,IGF2,584
EPHA2,IGF2,641
EPHA2,IGF2,641
MTOR,IGF2,584
MTOR,IGF2,584
CCN2,IGF2,616
CCN2,IGF2,616
NGF,IGF2,582
NGF,IGF2,582
PTEN,IGF2,562
PTEN,IGF2,562
IRS2,IGF2,840
IRS2,IGF2,840
FOXO1,IGF2,584
FOXO1,IGF2,584
GRB2,IGF2,758
GRB2,IGF2,758
INS,IGF2,983
INS,IGF2,983
CTNND1,IGF2,905
CTNND1,IGF2,905
IL6,IGF2,529
IL6,IGF2,529
GNA11,FGFR1,503
GNA11,FGFR1,503
FGF4,FGFR1,992
FGF4,FGFR1,992
MAPK1,FGFR1,923
MAPK1,FGFR1,923
MMP2,FGFR1,514
MMP2,FGFR1,514
PIK3R2,FGFR1,885
PIK3R2,FGFR1,885
HGF,FGFR1,778
HGF,FGFR1,778
CCND1,FGFR1,644
CCND1,FGFR1,644
FGF23,FGFR1,999
FGF23,FGFR1,999
PLCG1,FGFR1,999
PLCG1,FGFR1,999
EREG,FGFR1,654
EREG,FGFR1,654
BMP4,FGFR1,587
BMP4,FGFR1,587
KRAS,FGFR1,979
KRAS,FGFR1,979
CDH1,FGFR1,959
CDH1,FGFR1,959
FLT4,FGFR1,510
FLT4,FGFR1,510
PIK3R3,FGFR1,858
PIK3R3,FGFR1,858
GAB1,FGFR1,633
GAB1,FGFR1,633
MAPK3,FGFR1,934
MAPK3,FGFR1,934
KDR,FGFR1,529
KDR,FGFR1,529
PIK3CA,FGFR1,945
PIK3CA,FGFR1,945
CBL,FGFR1,749
CBL,FGFR1,749
FGF2,FGFR1,999
FGF2,FGFR1,999
STAT3,FGFR1,754
STAT3,FGFR1,754
FGF10,FGFR1,982
FGF10,FGFR1,982
EGF,FGFR1,829
EGF,FGFR1,829
ERBB3,FGFR1,631
ERBB3,FGFR1,631
FGF7,FGFR1,942
FGF7,FGFR1,942
IQGAP1,FGFR1,847
IQGAP1,FGFR1,847
CDH2,FGFR1,994
CDH2,FGFR1,994
TP53,FGFR1,653
TP53,FGFR1,653
ERBB2,FGFR1,524
ERBB2,FGFR1,524
RPS27A,FGFR1,651
RPS27A,FGFR1,651
FBXW7,FGFR1,567
FBXW7,FGFR1,567
FLT1,FGFR1,524
FLT1,FGFR1,524
WNT3A,FGFR1,587
WNT3A,FGFR1,587
KIT,FGFR1,512
KIT,FGFR1,512
FGFR4,FGFR1,521
FGFR4,FGFR1,521
WNT1,FGFR1,563
WNT1,FGFR1,563
FGF19,FGFR1,964
FGF19,FGFR1,964
TGFA,FGFR1,710
TGFA,FGFR1,710
SHH,FGFR1,603
SHH,FGFR1,603
CRK,FGFR1,973
CRK,FGFR1,973
IGF1,FGFR1,802
IGF1,FGFR1,802
CTNNA1,FGFR1,915
CTNNA1,FGFR1,915
UBB,FGFR1,660
UBB,FGFR1,660
IRS1,FGFR1,695
IRS1,FGFR1,695
FGF8,FGFR1,999
FGF8,FGFR1,999
FGF13,FGFR1,991
FGF13,FGFR1,991
SOX2,FGFR1,588
SOX2,FGFR1,588
CSF1,FGFR1,700
CSF1,FGFR1,700
PDGFB,FGFR1,801
PDGFB,FGFR1,801
FGF3,FGFR1,949
FGF3,FGFR1,949
HSP90AA1,FGFR1,605
HSP90AA1,FGFR1,605
CAV1,FGFR1,761
CAV1,FGFR1,761
FGFR3,FGFR1,518
FGFR3,FGFR1,518
PTPN11,FGFR1,839
PTPN11,FGFR1,839
SMAD4,FGFR1,591
SMAD4,FGFR1,591
CTNNB1,FGFR1,990
CTNNB1,FGFR1,990
CRKL,FGFR1,949
CRKL,FGFR1,949
PDGFA,FGFR1,809
PDGFA,FGFR1,809
FN1,FGFR1,859
FN1,FGFR1,859
RET,FGFR1,508
RET,FGFR1,508
NF1,FGFR1,603
NF1,FGFR1,603
GAB2,FGFR1,598
GAB2,FGFR1,598
NGF,FGFR1,746
NGF,FGFR1,746
NRAS,FGFR1,964
NRAS,FGFR1,964
PTPN1,FGFR1,721
PTPN1,FGFR1,721
PTEN,FGFR1,691
PTEN,FGFR1,691
SRC,FGFR1,544
SRC,FGFR1,544
IRS2,FGFR1,610
IRS2,FGFR1,610
PIK3CD,FGFR1,829
PIK3CD,FGFR1,829
BMP2,FGFR1,506
BMP2,FGFR1,506
SDC1,FGFR1,699
SDC1,FGFR1,699
ALK,FGFR1,547
ALK,FGFR1,547
GRB2,FGFR1,993
GRB2,FGFR1,993
AREG,FGFR1,691
AREG,FGFR1,691
INS,FGFR1,890
INS,FGFR1,890
CTNND1,FGFR1,924
CTNND1,FGFR1,924
UBA52,FGFR1,600
UBA52,FGFR1,600
IGF2,FGFR1,756
IGF2,FGFR1,756
NGFR,MAPK9,911
NGFR,MAPK9,911
MAPK1,MAPK9,581
MAPK1,MAPK9,581
NFKBIA,MAPK9,535
NFKBIA,MAPK9,535
IL2,MAPK9,922
IL2,MAPK9,922
MAPK14,MAPK9,662
MAPK14,MAPK9,662
NR3C1,MAPK9,913
NR3C1,MAPK9,913
RAC2,MAPK9,898
RAC2,MAPK9,898
KRAS,MAPK9,894
KRAS,MAPK9,894
MAPK3,MAPK9,586
MAPK3,MAPK9,586
WNT5A,MAPK9,924
WNT5A,MAPK9,924
STAT3,MAPK9,596
STAT3,MAPK9,596
TP53,MAPK9,987
TP53,MAPK9,987
EGFR,MAPK9,704
EGFR,MAPK9,704
APP,MAPK9,939
APP,MAPK9,939
CRK,MAPK9,851
CRK,MAPK9,851
MAP2K1,MAPK9,881
MAP2K1,MAPK9,881
BCL2L1,MAPK9,912
BCL2L1,MAPK9,912
IRS1,MAPK9,919
IRS1,MAPK9,919
FOS,MAPK9,932
FOS,MAPK9,932
CASP3,MAPK9,661
CASP3,MAPK9,661
PGR,MAPK9,816
PGR,MAPK9,816
SP1,MAPK9,913
SP1,MAPK9,913
SMAD3,MAPK9,877
SMAD3,MAPK9,877
LCK,MAPK9,931
LCK,MAPK9,931
MAPT,MAPK9,578
MAPT,MAPK9,578
SMAD4,MAPK9,864
SMAD4,MAPK9,864
JAK1,MAPK9,928
JAK1,MAPK9,928
CTNNB1,MAPK9,978
CTNNB1,MAPK9,978
CRKL,MAPK9,853
CRKL,MAPK9,853
RAC1,MAPK9,935
RAC1,MAPK9,935
NGF,MAPK9,929
NGF,MAPK9,929
NRAS,MAPK9,886
NRAS,MAPK9,886
FLNA,MAPK9,908
FLNA,MAPK9,908
JUN,MAPK9,999
JUN,MAPK9,999
SRC,MAPK9,880
SRC,MAPK9,880
IRS2,MAPK9,844
IRS2,MAPK9,844
PRKCZ,MAPK9,917
PRKCZ,MAPK9,917
FOXO1,MAPK9,862
FOXO1,MAPK9,862
GRB2,MAPK9,622
GRB2,MAPK9,622
BCL2L11,MAPK9,955
BCL2L11,MAPK9,955
MAPK8,MAPK9,980
MAPK8,MAPK9,980
CDC42,MAPK9,971
CDC42,MAPK9,971
RELA,MAPK9,863
RELA,MAPK9,863
IL6,MAPK9,554
IL6,MAPK9,554
FOXO3,MAPK9,917
FOXO3,MAPK9,917
JAK3,MAPK9,919
JAK3,MAPK9,919
CCND1,SMARCA4,809
CCND1,SMARCA4,809
NANOG,SMARCA4,581
NANOG,SMARCA4,581
NR3C1,SMARCA4,998
NR3C1,SMARCA4,998
KRAS,SMARCA4,522
KRAS,SMARCA4,522
CDK4,SMARCA4,849
CDK4,SMARCA4,849
POU5F1,SMARCA4,983
POU5F1,SMARCA4,983
CDH1,SMARCA4,543
CDH1,SMARCA4,543
SMAD2,SMARCA4,903
SMAD2,SMARCA4,903
EP300,SMARCA4,977
EP300,SMARCA4,977
PIK3CA,SMARCA4,540
PIK3CA,SMARCA4,540
STAT3,SMARCA4,838
STAT3,SMARCA4,838
RB1,SMARCA4,993
RB1,SMARCA4,993
TP53,SMARCA4,997
TP53,SMARCA4,997
ERBB2,SMARCA4,567
ERBB2,SMARCA4,567
EGFR,SMARCA4,517
EGFR,SMARCA4,517
ATM,SMARCA4,742
ATM,SMARCA4,742
FBXW7,SMARCA4,558
FBXW7,SMARCA4,558
PPARG,SMARCA4,769
PPARG,SMARCA4,769
STAT5B,SMARCA4,740
STAT5B,SMARCA4,740
HPGDS,SMARCA4,679
HPGDS,SMARCA4,679
SHH,SMARCA4,511
SHH,SMARCA4,511
TERT,SMARCA4,999
TERT,SMARCA4,999
HNF4A,SMARCA4,606
HNF4A,SMARCA4,606
EZH2,SMARCA4,883
EZH2,SMARCA4,883
SOX2,SMARCA4,806
SOX2,SMARCA4,806
SP1,SMARCA4,938
SP1,SMARCA4,938
SMAD3,SMARCA4,791
SMAD3,SMARCA4,791
STAT5A,SMARCA4,796
STAT5A,SMARCA4,796
CTNNB1,SMARCA4,999
CTNNB1,SMARCA4,999
NF1,SMARCA4,965
NF1,SMARCA4,965
STAT1,SMARCA4,937
STAT1,SMARCA4,937
PARP1,SMARCA4,846
PARP1,SMARCA4,846
JUN,SMARCA4,966
JUN,SMARCA4,966
HDAC1,SMARCA4,999
HDAC1,SMARCA4,999
AR,SMARCA4,889
AR,SMARCA4,889
FOXP3,SMARCA4,511
FOXP3,SMARCA4,511
IFNB1,SMARCA4,914
IFNB1,SMARCA4,914
ALK,SMARCA4,707
ALK,SMARCA4,707
RELA,SMARCA4,927
RELA,SMARCA4,927
CDKN1A,SMARCA4,528
CDKN1A,SMARCA4,528
CREB1,SMARCA4,708
CREB1,SMARCA4,708
CD4,CD44,946
CD4,CD44,946
NGFR,CD44,603
NGFR,CD44,603
VCL,CD44,620
VCL,CD44,620
TIMP1,CD44,958
TIMP1,CD44,958
MMP2,CD44,877
MMP2,CD44,877
CSK,CD44,796
CSK,CD44,796
TGFB1,CD44,812
TGFB1,CD44,812
HGF,CD44,971
HGF,CD44,971
CSF3,CD44,503
CSF3,CD44,503
CCL2,CD44,591
CCL2,CD44,591
IL2,CD44,756
IL2,CD44,756
CCND1,CD44,675
CCND1,CD44,675
IFNG,CD44,760
IFNG,CD44,760
GAPDH,CD44,712
GAPDH,CD44,712
NANOG,CD44,988
NANOG,CD44,988
HBEGF,CD44,948
HBEGF,CD44,948
IL4,CD44,693
IL4,CD44,693
IL5,CD44,523
IL5,CD44,523
SNAI1,CD44,711
SNAI1,CD44,711
BMP4,CD44,503
BMP4,CD44,503
SOX9,CD44,643
SOX9,CD44,643
KRAS,CD44,666
KRAS,CD44,666
PDGFRA,CD44,580
PDGFRA,CD44,580
POU5F1,CD44,861
POU5F1,CD44,861
TLR2,CD44,974
TLR2,CD44,974
THBS1,CD44,644
THBS1,CD44,644
CDH1,CD44,783
CDH1,CD44,783
PDGFRB,CD44,706
PDGFRB,CD44,706
SMAD2,CD44,535
SMAD2,CD44,535
MAPK3,CD44,718
MAPK3,CD44,718
EP300,CD44,595
EP300,CD44,595
IL1B,CD44,664
IL1B,CD44,664
EPCAM,CD44,897
EPCAM,CD44,897
IL7,CD44,663
IL7,CD44,663
KDR,CD44,875
KDR,CD44,875
FGF2,CD44,994
FGF2,CD44,994
STAT3,CD44,989
STAT3,CD44,989
ICAM1,CD44,909
ICAM1,CD44,909
ZAP70,CD44,675
ZAP70,CD44,675
EGF,CD44,863
EGF,CD44,863
ERBB3,CD44,703
ERBB3,CD44,703
PXN,CD44,784
PXN,CD44,784
FGF7,CD44,510
FGF7,CD44,510
IQGAP1,CD44,995
IQGAP1,CD44,995
CDH2,CD44,689
CDH2,CD44,689
TP53,CD44,800
TP53,CD44,800
ERBB2,CD44,999
ERBB2,CD44,999
EGFR,CD44,997
EGFR,CD44,997
IFNA1,CD44,534
IFNA1,CD44,534
WNT3A,CD44,508
WNT3A,CD44,508
APP,CD44,652
APP,CD44,652
KIT,CD44,831
KIT,CD44,831
FGFR4,CD44,506
FGFR4,CD44,506
STAT5B,CD44,506
STAT5B,CD44,506
ALB,CD44,803
ALB,CD44,803
ANXA5,CD44,724
ANXA5,CD44,724
IL15,CD44,629
IL15,CD44,629
IL3,CD44,585
IL3,CD44,585
CSF2,CD44,614
CSF2,CD44,614
SHH,CD44,563
SHH,CD44,563
MMP3,CD44,619
MMP3,CD44,619
BCL2L1,CD44,568
BCL2L1,CD44,568
IGF1,CD44,578
IGF1,CD44,578
IL13,CD44,558
IL13,CD44,558
CXCL8,CD44,657
CXCL8,CD44,657
TERT,CD44,512
TERT,CD44,512
CD34,CD44,888
CD34,CD44,888
CASP3,CD44,622
CASP3,CD44,622
HNF4A,CD44,519
HNF4A,CD44,519
MET,CD44,993
MET,CD44,993
FGF8,CD44,695
FGF8,CD44,695
FGF13,CD44,614
FGF13,CD44,614
SOX2,CD44,814
SOX2,CD44,814
CD28,CD44,750
CD28,CD44,750
PGR,CD44,556
PGR,CD44,556
CSF1,CD44,506
CSF1,CD44,506
FGF3,CD44,509
FGF3,CD44,509
HSP90AA1,CD44,526
HSP90AA1,CD44,526
LCK,CD44,992
LCK,CD44,992
SNCA,CD44,504
SNCA,CD44,504
CAV1,CD44,634
CAV1,CD44,634
PTK2,CD44,575
PTK2,CD44,575
STAT5A,CD44,544
STAT5A,CD44,544
ERBB4,CD44,787
ERBB4,CD44,787
CDH5,CD44,579
CDH5,CD44,579
CTNNB1,CD44,769
CTNNB1,CD44,769
ANXA2,CD44,810
ANXA2,CD44,810
FYN,CD44,773
FYN,CD44,773
FN1,CD44,998
FN1,CD44,998
FAS,CD44,699
FAS,CD44,699
RAC1,CD44,925
RAC1,CD44,925
TGFBR2,CD44,628
TGFBR2,CD44,628
TFRC,CD44,667
TFRC,CD44,667
EZR,CD44,996
EZR,CD44,996
PTGS2,CD44,546
PTGS2,CD44,546
CCN2,CD44,593
CCN2,CD44,593
NES,CD44,715
NES,CD44,715
MKI67,CD44,592
MKI67,CD44,592
JUN,CD44,590
JUN,CD44,590
PTEN,CD44,612
PTEN,CD44,612
MMP9,CD44,996
MMP9,CD44,996
SRC,CD44,985
SRC,CD44,985
TLR4,CD44,989
TLR4,CD44,989
AR,CD44,509
AR,CD44,509
FOXP3,CD44,804
FOXP3,CD44,804
PRKCZ,CD44,509
PRKCZ,CD44,509
BMP2,CD44,514
BMP2,CD44,514
GATA3,CD44,604
GATA3,CD44,604
SDC1,CD44,826
SDC1,CD44,826
CD274,CD44,647
CD274,CD44,647
JAK2,CD44,572
JAK2,CD44,572
GRB2,CD44,755
GRB2,CD44,755
SPP1,CD44,999
SPP1,CD44,999
CXCL12,CD44,801
CXCL12,CD44,801
ITGB1,CD44,920
ITGB1,CD44,920
SNAI2,CD44,694
SNAI2,CD44,694
INS,CD44,693
INS,CD44,693
ITGB2,CD44,562
ITGB2,CD44,562
CDC42,CD44,970
CDC42,CD44,970
IL6,CD44,748
IL6,CD44,748
CD8A,CD44,869
CD8A,CD44,869
CXCR4,CD44,928
CXCR4,CD44,928
FGFR1,CD44,898
FGFR1,CD44,898
CD4,TNF,935
CD4,TNF,935
TNFRSF1A,TNF,999
TNFRSF1A,TNF,999
MAPK1,TNF,538
MAPK1,TNF,538
NFKBIA,TNF,992
NFKBIA,TNF,992
TIMP1,TNF,739
TIMP1,TNF,739
MMP2,TNF,734
MMP2,TNF,734
TGFB1,TNF,796
TGFB1,TNF,796
HGF,TNF,688
HGF,TNF,688
SERPINE1,TNF,762
SERPINE1,TNF,762
CSF3,TNF,985
CSF3,TNF,985
CCL2,TNF,992
CCL2,TNF,992
IL2,TNF,933
IL2,TNF,933
CCND1,TNF,651
CCND1,TNF,651
IFNG,TNF,938
IFNG,TNF,938
GAPDH,TNF,835
GAPDH,TNF,835
MAPK14,TNF,975
MAPK14,TNF,975
HBEGF,TNF,567
HBEGF,TNF,567
IL4,TNF,993
IL4,TNF,993
IL5,TNF,889
IL5,TNF,889
NR3C1,TNF,960
NR3C1,TNF,960
PLEK,TNF,504
PLEK,TNF,504
SNAI1,TNF,638
SNAI1,TNF,638
LIF,TNF,952
LIF,TNF,952
EPO,TNF,657
EPO,TNF,657
KRAS,TNF,594
KRAS,TNF,594
TLR2,TNF,921
TLR2,TNF,921
THBS1,TNF,523
THBS1,TNF,523
CDH1,TNF,652
CDH1,TNF,652
SMAD2,TNF,603
SMAD2,TNF,603
MAPK3,TNF,765
MAPK3,TNF,765
EP300,TNF,967
EP300,TNF,967
IL1A,TNF,968
IL1A,TNF,968
IL1B,TNF,983
IL1B,TNF,983
IL7,TNF,800
IL7,TNF,800
KDR,TNF,623
KDR,TNF,623
FGF2,TNF,741
FGF2,TNF,741
STAT3,TNF,941
STAT3,TNF,941
ICAM1,TNF,888
ICAM1,TNF,888
ZAP70,TNF,548
ZAP70,TNF,548
EGF,TNF,787
EGF,TNF,787
FGF7,TNF,567
FGF7,TNF,567
TP53,TNF,784
TP53,TNF,784
ERBB2,TNF,618
ERBB2,TNF,618
RPS27A,TNF,914
RPS27A,TNF,914
EGFR,TNF,712
EGFR,TNF,712
IFNA1,TNF,858
IFNA1,TNF,858
TJP1,TNF,716
TJP1,TNF,716
FLT1,TNF,577
FLT1,TNF,577
APP,TNF,686
APP,TNF,686
PPARG,TNF,979
PPARG,TNF,979
KIT,TNF,627
KIT,TNF,627
STAT5B,TNF,616
STAT5B,TNF,616
HPGDS,TNF,509
HPGDS,TNF,509
ALB,TNF,866
ALB,TNF,866
ANXA5,TNF,759
ANXA5,TNF,759
IL15,TNF,839
IL15,TNF,839
IL3,TNF,891
IL3,TNF,891
CSF2,TNF,990
CSF2,TNF,990
MMP3,TNF,767
MMP3,TNF,767
STAT6,TNF,699
STAT6,TNF,699
MAP2K1,TNF,582
MAP2K1,TNF,582
BCL2L1,TNF,716
BCL2L1,TNF,716
IGF1,TNF,784
IGF1,TNF,784
HSPA4,TNF,673
HSPA4,TNF,673
UBB,TNF,905
UBB,TNF,905
IRS1,TNF,691
IRS1,TNF,691
IL13,TNF,989
IL13,TNF,989
FOS,TNF,969
FOS,TNF,969
CXCL8,TNF,992
CXCL8,TNF,992
CYCS,TNF,739
CYCS,TNF,739
CD34,TNF,702
CD34,TNF,702
CASP3,TNF,896
CASP3,TNF,896
LEP,TNF,871
LEP,TNF,871
FGF13,TNF,594
FGF13,TNF,594
HSPA5,TNF,621
HSPA5,TNF,621
CD28,TNF,837
CD28,TNF,837
CSF1,TNF,840
CSF1,TNF,840
SP1,TNF,939
SP1,TNF,939
SOCS1,TNF,686
SOCS1,TNF,686
CASP9,TNF,721
CASP9,TNF,721
SOCS3,TNF,719
SOCS3,TNF,719
SMAD3,TNF,610
SMAD3,TNF,610
HSP90AA1,TNF,572
HSP90AA1,TNF,572
LCK,TNF,551
LCK,TNF,551
SNCA,TNF,527
SNCA,TNF,527
CAV1,TNF,962
CAV1,TNF,962
STAT5A,TNF,639
STAT5A,TNF,639
JAK1,TNF,703
JAK1,TNF,703
CDH5,TNF,599
CDH5,TNF,599
CTNNB1,TNF,697
CTNNB1,TNF,697
FYN,TNF,601
FYN,TNF,601
FN1,TNF,930
FN1,TNF,930
FAS,TNF,825
FAS,TNF,825
CASP8,TNF,989
CASP8,TNF,989
TGFBR2,TNF,586
TGFBR2,TNF,586
TFRC,TNF,722
TFRC,TNF,722
STAT1,TNF,979
STAT1,TNF,979
MTOR,TNF,636
MTOR,TNF,636
CD247,TNF,536
CD247,TNF,536
BECN1,TNF,582
BECN1,TNF,582
PARP1,TNF,503
PARP1,TNF,503
PTGS2,TNF,863
PTGS2,TNF,863
CCN2,TNF,633
CCN2,TNF,633
IL6R,TNF,745
IL6R,TNF,745
MKI67,TNF,542
MKI67,TNF,542
MCL1,TNF,590
MCL1,TNF,590
NGF,TNF,713
NGF,TNF,713
CHUK,TNF,992
CHUK,TNF,992
XIAP,TNF,864
XIAP,TNF,864
JUN,TNF,984
JUN,TNF,984
PTEN,TNF,623
PTEN,TNF,623
MMP9,TNF,890
MMP9,TNF,890
HDAC1,TNF,502
HDAC1,TNF,502
SRC,TNF,696
SRC,TNF,696
TLR4,TNF,929
TLR4,TNF,929
SYK,TNF,684
SYK,TNF,684
FOXP3,TNF,878
FOXP3,TNF,878
PRKCZ,TNF,948
PRKCZ,TNF,948
BMP2,TNF,609
BMP2,TNF,609
GATA3,TNF,648
GATA3,TNF,648
EDN1,TNF,745
EDN1,TNF,745
FOXO1,TNF,576
FOXO1,TNF,576
IFNB1,TNF,858
IFNB1,TNF,858
SDC1,TNF,556
SDC1,TNF,556
CD274,TNF,759
CD274,TNF,759
JAK2,TNF,680
JAK2,TNF,680
GRB2,TNF,556
GRB2,TNF,556
BCL2L11,TNF,590
BCL2L11,TNF,590
SPP1,TNF,680
SPP1,TNF,680
MAPK8,TNF,700
MAPK8,TNF,700
AREG,TNF,503
AREG,TNF,503
CXCL12,TNF,715
CXCL12,TNF,715
ITGB1,TNF,548
ITGB1,TNF,548
INS,TNF,879
INS,TNF,879
ITGB2,TNF,648
ITGB2,TNF,648
CDC42,TNF,610
CDC42,TNF,610
RELA,TNF,990
RELA,TNF,990
CDKN1A,TNF,562
CDKN1A,TNF,562
IL6,TNF,994
IL6,TNF,994
FOXO3,TNF,532
FOXO3,TNF,532
CD8A,TNF,888
CD8A,TNF,888
CXCR4,TNF,760
CXCR4,TNF,760
CREB1,TNF,666
CREB1,TNF,666
UBA52,TNF,900
UBA52,TNF,900
JAK3,TNF,522
JAK3,TNF,522
MAPK9,TNF,619
MAPK9,TNF,619
CD44,TNF,740
CD44,TNF,740
NGFR,RHOA,989
NGFR,RHOA,989
VCL,RHOA,989
VCL,RHOA,989
MAPK1,RHOA,963
MAPK1,RHOA,963
NFKBIA,RHOA,536
NFKBIA,RHOA,536
MMP2,RHOA,564
MMP2,RHOA,564
CSK,RHOA,949
CSK,RHOA,949
TGFB1,RHOA,786
TGFB1,RHOA,786
PIK3R2,RHOA,730
PIK3R2,RHOA,730
HGF,RHOA,503
HGF,RHOA,503
IL2,RHOA,929
IL2,RHOA,929
CCND1,RHOA,581
CCND1,RHOA,581
CDKN1B,RHOA,998
CDKN1B,RHOA,998
GAPDH,RHOA,677
GAPDH,RHOA,677
MAPK14,RHOA,633
MAPK14,RHOA,633
HBEGF,RHOA,709
HBEGF,RHOA,709
PLEK,RHOA,819
PLEK,RHOA,819
PLCG1,RHOA,741
PLCG1,RHOA,741
SNAI1,RHOA,565
SNAI1,RHOA,565
EREG,RHOA,645
EREG,RHOA,645
RAC2,RHOA,886
RAC2,RHOA,886
RAF1,RHOA,905
RAF1,RHOA,905
KRAS,RHOA,955
KRAS,RHOA,955
MDM2,RHOA,500
MDM2,RHOA,500
CDH1,RHOA,986
CDH1,RHOA,986
SMAD2,RHOA,669
SMAD2,RHOA,669
MAPK3,RHOA,976
MAPK3,RHOA,976
IL1B,RHOA,518
IL1B,RHOA,518
KDR,RHOA,954
KDR,RHOA,954
PIK3CA,RHOA,947
PIK3CA,RHOA,947
FGF2,RHOA,534
FGF2,RHOA,534
WNT5A,RHOA,614
WNT5A,RHOA,614
STAT3,RHOA,694
STAT3,RHOA,694
ICAM1,RHOA,582
ICAM1,RHOA,582
EGF,RHOA,964
EGF,RHOA,964
ERBB3,RHOA,780
ERBB3,RHOA,780
PXN,RHOA,994
PXN,RHOA,994
IQGAP1,RHOA,998
IQGAP1,RHOA,998
CDH2,RHOA,968
CDH2,RHOA,968
TP53,RHOA,606
TP53,RHOA,606
ERBB2,RHOA,902
ERBB2,RHOA,902
RPS27A,RHOA,879
RPS27A,RHOA,879
RASA1,RHOA,964
RASA1,RHOA,964
EGFR,RHOA,968
EGFR,RHOA,968
NTRK2,RHOA,537
NTRK2,RHOA,537
PAK1,RHOA,981
PAK1,RHOA,981
TJP1,RHOA,695
TJP1,RHOA,695
WNT3A,RHOA,628
WNT3A,RHOA,628
GNAQ,RHOA,842
GNAQ,RHOA,842
PPARG,RHOA,685
PPARG,RHOA,685
WNT1,RHOA,576
WNT1,RHOA,576
HPGDS,RHOA,974
HPGDS,RHOA,974
ALB,RHOA,710
ALB,RHOA,710
SHH,RHOA,574
SHH,RHOA,574
ARF6,RHOA,978
ARF6,RHOA,978
LRRK2,RHOA,794
LRRK2,RHOA,794
CRK,RHOA,952
CRK,RHOA,952
MAP2K1,RHOA,664
MAP2K1,RHOA,664
HSPA4,RHOA,685
HSPA4,RHOA,685
CTNNA1,RHOA,963
CTNNA1,RHOA,963
UBB,RHOA,631
UBB,RHOA,631
FOS,RHOA,525
FOS,RHOA,525
CXCL8,RHOA,502
CXCL8,RHOA,502
PRKACA,RHOA,869
PRKACA,RHOA,869
CASP3,RHOA,957
CASP3,RHOA,957
MET,RHOA,973
MET,RHOA,973
SMAD3,RHOA,552
SMAD3,RHOA,552
HSP90AA1,RHOA,943
HSP90AA1,RHOA,943
LCK,RHOA,943
LCK,RHOA,943
CAV1,RHOA,986
CAV1,RHOA,986
PTPN11,RHOA,954
PTPN11,RHOA,954
PTK2,RHOA,981
PTK2,RHOA,981
SMAD4,RHOA,561
SMAD4,RHOA,561
ERBB4,RHOA,764
ERBB4,RHOA,764
JAK1,RHOA,931
JAK1,RHOA,931
CDH5,RHOA,962
CDH5,RHOA,962
CTNNB1,RHOA,986
CTNNB1,RHOA,986
FYN,RHOA,969
FYN,RHOA,969
FN1,RHOA,829
FN1,RHOA,829
FAS,RHOA,719
FAS,RHOA,719
RAC1,RHOA,943
RAC1,RHOA,943
EPHA2,RHOA,955
EPHA2,RHOA,955
CASP8,RHOA,511
CASP8,RHOA,511
TGFBR2,RHOA,885
TGFBR2,RHOA,885
PIK3CG,RHOA,801
PIK3CG,RHOA,801
MTOR,RHOA,937
MTOR,RHOA,937
GAB2,RHOA,917
GAB2,RHOA,917
PARP1,RHOA,594
PARP1,RHOA,594
EZR,RHOA,990
EZR,RHOA,990
CCN2,RHOA,568
CCN2,RHOA,568
NGF,RHOA,951
NGF,RHOA,951
NRAS,RHOA,930
NRAS,RHOA,930
FLNA,RHOA,925
FLNA,RHOA,925
JUN,RHOA,692
JUN,RHOA,692
PTPN1,RHOA,934
PTPN1,RHOA,934
PTEN,RHOA,854
PTEN,RHOA,854
MMP9,RHOA,614
MMP9,RHOA,614
ABL1,RHOA,502
ABL1,RHOA,502
SRC,RHOA,993
SRC,RHOA,993
TLR4,RHOA,943
TLR4,RHOA,943
SYK,RHOA,822
SYK,RHOA,822
CTTN,RHOA,811
CTTN,RHOA,811
PRKCZ,RHOA,833
PRKCZ,RHOA,833
EDN1,RHOA,960
EDN1,RHOA,960
JAK2,RHOA,507
JAK2,RHOA,507
DNM2,RHOA,522
DNM2,RHOA,522
GRB2,RHOA,957
GRB2,RHOA,957
SPP1,RHOA,938
SPP1,RHOA,938
CDK1,RHOA,668
CDK1,RHOA,668
MAPK8,RHOA,986
MAPK8,RHOA,986
BTC,RHOA,608
BTC,RHOA,608
CXCL12,RHOA,518
CXCL12,RHOA,518
ITGB1,RHOA,962
ITGB1,RHOA,962
SNAI2,RHOA,556
SNAI2,RHOA,556
INS,RHOA,556
INS,RHOA,556
PTK2B,RHOA,938
PTK2B,RHOA,938
ITGB2,RHOA,945
ITGB2,RHOA,945
CTNND1,RHOA,999
CTNND1,RHOA,999
DLG4,RHOA,845
DLG4,RHOA,845
CDC42,RHOA,978
CDC42,RHOA,978
CDKN1A,RHOA,942
CDKN1A,RHOA,942
IL6,RHOA,654
IL6,RHOA,654
CXCR4,RHOA,510
CXCR4,RHOA,510
CREB1,RHOA,568
CREB1,RHOA,568
UBA52,RHOA,624
UBA52,RHOA,624
BCAR1,RHOA,962
BCAR1,RHOA,962
JAK3,RHOA,925
JAK3,RHOA,925
MAPK9,RHOA,878
MAPK9,RHOA,878
CD44,RHOA,993
CD44,RHOA,993
TNF,RHOA,571
TNF,RHOA,571
CD4,SHC1,926
CD4,SHC1,926
FGF4,SHC1,545
FGF4,SHC1,545
NGFR,SHC1,986
NGFR,SHC1,986
MAPK1,SHC1,994
MAPK1,SHC1,994
CSK,SHC1,888
CSK,SHC1,888
TGFB1,SHC1,914
TGFB1,SHC1,914
EPOR,SHC1,962
EPOR,SHC1,962
PIK3R2,SHC1,800
PIK3R2,SHC1,800
HGF,SHC1,943
HGF,SHC1,943
IL2,SHC1,956
IL2,SHC1,956
MAPK14,SHC1,956
MAPK14,SHC1,956
HBEGF,SHC1,938
HBEGF,SHC1,938
IL4,SHC1,925
IL4,SHC1,925
IL5,SHC1,579
IL5,SHC1,579
PLEK,SHC1,518
PLEK,SHC1,518
FGF23,SHC1,508
FGF23,SHC1,508
PLCG1,SHC1,975
PLCG1,SHC1,975
EREG,SHC1,734
EREG,SHC1,734
LIF,SHC1,918
LIF,SHC1,918
RAF1,SHC1,616
RAF1,SHC1,616
EPO,SHC1,943
EPO,SHC1,943
KRAS,SHC1,974
KRAS,SHC1,974
PDGFRA,SHC1,932
PDGFRA,SHC1,932
PDGFRB,SHC1,967
PDGFRB,SHC1,967
FLT4,SHC1,996
FLT4,SHC1,996
PIK3R3,SHC1,625
PIK3R3,SHC1,625
GAB1,SHC1,997
GAB1,SHC1,997
MAPK3,SHC1,970
MAPK3,SHC1,970
KDR,SHC1,999
KDR,SHC1,999
PIK3CA,SHC1,940
PIK3CA,SHC1,940
CBL,SHC1,998
CBL,SHC1,998
FGF2,SHC1,683
FGF2,SHC1,683
STAT3,SHC1,566
STAT3,SHC1,566
FGF10,SHC1,528
FGF10,SHC1,528
ZAP70,SHC1,998
ZAP70,SHC1,998
EGF,SHC1,986
EGF,SHC1,986
ERBB3,SHC1,999
ERBB3,SHC1,999
PXN,SHC1,709
PXN,SHC1,709
FGF7,SHC1,554
FGF7,SHC1,554
IQGAP1,SHC1,922
IQGAP1,SHC1,922
TP53,SHC1,680
TP53,SHC1,680
ERBB2,SHC1,999
ERBB2,SHC1,999
RASA1,SHC1,964
RASA1,SHC1,964
EGFR,SHC1,999
EGFR,SHC1,999
NTRK2,SHC1,999
NTRK2,SHC1,999
PAK1,SHC1,725
PAK1,SHC1,725
FLT1,SHC1,959
FLT1,SHC1,959
APP,SHC1,994
APP,SHC1,994
KIT,SHC1,962
KIT,SHC1,962
FGFR4,SHC1,716
FGFR4,SHC1,716
STAT5B,SHC1,822
STAT5B,SHC1,822
FGF19,SHC1,525
FGF19,SHC1,525
HPGDS,SHC1,676
HPGDS,SHC1,676
TGFA,SHC1,560
TGFA,SHC1,560
IL15,SHC1,670
IL15,SHC1,670
IL3,SHC1,954
IL3,SHC1,954
CSF2,SHC1,939
CSF2,SHC1,939
NPM1,SHC1,537
NPM1,SHC1,537
CRK,SHC1,843
CRK,SHC1,843
MAP2K1,SHC1,980
MAP2K1,SHC1,980
IGF1,SHC1,966
IGF1,SHC1,966
INSR,SHC1,995
INSR,SHC1,995
IRS1,SHC1,997
IRS1,SHC1,997
FOS,SHC1,519
FOS,SHC1,519
CYCS,SHC1,671
CYCS,SHC1,671
MET,SHC1,996
MET,SHC1,996
FGF8,SHC1,547
FGF8,SHC1,547
PDGFB,SHC1,917
PDGFB,SHC1,917
FGF3,SHC1,540
FGF3,SHC1,540
HSP90AA1,SHC1,751
HSP90AA1,SHC1,751
LCK,SHC1,977
LCK,SHC1,977
CAV1,SHC1,977
CAV1,SHC1,977
FGFR3,SHC1,953
FGFR3,SHC1,953
PTPN11,SHC1,959
PTPN11,SHC1,959
PTK2,SHC1,979
PTK2,SHC1,979
STAT5A,SHC1,883
STAT5A,SHC1,883
ERBB4,SHC1,999
ERBB4,SHC1,999
JAK1,SHC1,947
JAK1,SHC1,947
CDH5,SHC1,796
CDH5,SHC1,796
CRKL,SHC1,954
CRKL,SHC1,954
PDGFA,SHC1,913
PDGFA,SHC1,913
FYN,SHC1,996
FYN,SHC1,996
FN1,SHC1,574
FN1,SHC1,574
RET,SHC1,999
RET,SHC1,999
RAC1,SHC1,695
RAC1,SHC1,695
EPHA2,SHC1,996
EPHA2,SHC1,996
TGFBR2,SHC1,985
TGFBR2,SHC1,985
MTOR,SHC1,947
MTOR,SHC1,947
CD247,SHC1,994
CD247,SHC1,994
GAB2,SHC1,998
GAB2,SHC1,998
IL6R,SHC1,907
IL6R,SHC1,907
NGF,SHC1,975
NGF,SHC1,975
NRAS,SHC1,936
NRAS,SHC1,936
JUN,SHC1,568
JUN,SHC1,568
PTPN1,SHC1,940
PTPN1,SHC1,940
PTEN,SHC1,954
PTEN,SHC1,954
ABL1,SHC1,964
ABL1,SHC1,964
SRC,SHC1,993
SRC,SHC1,993
FGR,SHC1,800
FGR,SHC1,800
SYK,SHC1,975
SYK,SHC1,975
IRS2,SHC1,936
IRS2,SHC1,936
PIK3CD,SHC1,638
PIK3CD,SHC1,638
PRKCZ,SHC1,920
PRKCZ,SHC1,920
JAK2,SHC1,984
JAK2,SHC1,984
ALK,SHC1,847
ALK,SHC1,847
AKT2,SHC1,510
AKT2,SHC1,510
GRB2,SHC1,999
GRB2,SHC1,999
MAPK8,SHC1,951
MAPK8,SHC1,951
BTC,SHC1,674
BTC,SHC1,674
AREG,SHC1,646
AREG,SHC1,646
YWHAZ,SHC1,982
YWHAZ,SHC1,982
ITGB1,SHC1,977
ITGB1,SHC1,977
INS,SHC1,963
INS,SHC1,963
PTK2B,SHC1,995
PTK2B,SHC1,995
CTNND1,SHC1,822
CTNND1,SHC1,822
DLG4,SHC1,924
DLG4,SHC1,924
CDC42,SHC1,514
CDC42,SHC1,514
IL6,SHC1,935
IL6,SHC1,935
CD8A,SHC1,923
CD8A,SHC1,923
CREB1,SHC1,945
CREB1,SHC1,945
PTPN6,SHC1,795
PTPN6,SHC1,795
BCAR1,SHC1,854
BCAR1,SHC1,854
JAK3,SHC1,939
JAK3,SHC1,939
IGF2,SHC1,779
IGF2,SHC1,779
FGFR1,SHC1,952
FGFR1,SHC1,952
MAPK9,SHC1,924
MAPK9,SHC1,924
RHOA,SHC1,945
RHOA,SHC1,945
GNA11,ARRB2,933
GNA11,ARRB2,933
VCL,ARRB2,537
VCL,ARRB2,537
MAPK1,ARRB2,996
MAPK1,ARRB2,996
NFKBIA,ARRB2,999
NFKBIA,ARRB2,999
CSK,ARRB2,713
CSK,ARRB2,713
MAPK14,ARRB2,928
MAPK14,ARRB2,928
RAF1,ARRB2,924
RAF1,ARRB2,924
KRAS,ARRB2,735
KRAS,ARRB2,735
MDM2,ARRB2,997
MDM2,ARRB2,997
MAPK3,ARRB2,995
MAPK3,ARRB2,995
WNT5A,ARRB2,941
WNT5A,ARRB2,941
IQGAP1,ARRB2,904
IQGAP1,ARRB2,904
RPS27A,ARRB2,621
RPS27A,ARRB2,621
EGFR,ARRB2,746
EGFR,ARRB2,746
GNAQ,ARRB2,967
GNAQ,ARRB2,967
ARF6,ARRB2,981
ARF6,ARRB2,981
MAP2K1,ARRB2,944
MAP2K1,ARRB2,944
CTNNA1,ARRB2,576
CTNNA1,ARRB2,576
UBB,ARRB2,630
UBB,ARRB2,630
CXCL8,ARRB2,923
CXCL8,ARRB2,923
PPP2R1A,ARRB2,923
PPP2R1A,ARRB2,923
HGS,ARRB2,568
HGS,ARRB2,568
CDH5,ARRB2,826
CDH5,ARRB2,826
FYN,ARRB2,921
FYN,ARRB2,921
FN1,ARRB2,709
FN1,ARRB2,709
RAC1,ARRB2,932
RAC1,ARRB2,932
STAT1,ARRB2,568
STAT1,ARRB2,568
NRAS,ARRB2,614
NRAS,ARRB2,614
FLNA,ARRB2,870
FLNA,ARRB2,870
CHUK,ARRB2,715
CHUK,ARRB2,715
EPS15,ARRB2,692
EPS15,ARRB2,692
YWHAB,ARRB2,648
YWHAB,ARRB2,648
SRC,ARRB2,998
SRC,ARRB2,998
TLR4,ARRB2,509
TLR4,ARRB2,509
FGR,ARRB2,922
FGR,ARRB2,922
DNM2,ARRB2,572
DNM2,ARRB2,572
BCL2L11,ARRB2,605
BCL2L11,ARRB2,605
CXCL12,ARRB2,967
CXCL12,ARRB2,967
DLG4,ARRB2,620
DLG4,ARRB2,620
CDC42,ARRB2,531
CDC42,ARRB2,531
RELA,ARRB2,918
RELA,ARRB2,918
CXCR4,ARRB2,998
CXCR4,ARRB2,998
UBA52,ARRB2,600
UBA52,ARRB2,600
MAPK9,ARRB2,812
MAPK9,ARRB2,812
RHOA,ARRB2,549
RHOA,ARRB2,549
CD4,ESR1,513
CD4,ESR1,513
GNA11,ESR1,924
GNA11,ESR1,924
MAPK1,ESR1,984
MAPK1,ESR1,984
NFKBIA,ESR1,508
NFKBIA,ESR1,508
MMP2,ESR1,560
MMP2,ESR1,560
CSK,ESR1,531
CSK,ESR1,531
EPOR,ESR1,689
EPOR,ESR1,689
PIK3R2,ESR1,791
PIK3R2,ESR1,791
CCND1,ESR1,999
CCND1,ESR1,999
CDKN1B,ESR1,560
CDKN1B,ESR1,560
GAPDH,ESR1,968
GAPDH,ESR1,968
NANOG,ESR1,535
NANOG,ESR1,535
MAPK14,ESR1,956
MAPK14,ESR1,956
HBEGF,ESR1,719
HBEGF,ESR1,719
NR3C1,ESR1,930
NR3C1,ESR1,930
SNAI1,ESR1,613
SNAI1,ESR1,613
SOX9,ESR1,640
SOX9,ESR1,640
KRAS,ESR1,684
KRAS,ESR1,684
CCNB1,ESR1,563
CCNB1,ESR1,563
CDK4,ESR1,686
CDK4,ESR1,686
MDM2,ESR1,952
MDM2,ESR1,952
POU5F1,ESR1,614
POU5F1,ESR1,614
CDH1,ESR1,718
CDH1,ESR1,718
SMAD2,ESR1,903
SMAD2,ESR1,903
AXIN1,ESR1,933
AXIN1,ESR1,933
PIK3R3,ESR1,685
PIK3R3,ESR1,685
MAPK3,ESR1,974
MAPK3,ESR1,974
EP300,ESR1,999
EP300,ESR1,999
IL1B,ESR1,729
IL1B,ESR1,729
EPCAM,ESR1,561
EPCAM,ESR1,561
PIK3CA,ESR1,982
PIK3CA,ESR1,982
FGF2,ESR1,510
FGF2,ESR1,510
STAT3,ESR1,988
STAT3,ESR1,988
EGF,ESR1,785
EGF,ESR1,785
ERBB3,ESR1,743
ERBB3,ESR1,743
RB1,ESR1,790
RB1,ESR1,790
PXN,ESR1,512
PXN,ESR1,512
CDH2,ESR1,731
CDH2,ESR1,731
TP53,ESR1,994
TP53,ESR1,994
ERBB2,ESR1,941
ERBB2,ESR1,941
CCNA2,ESR1,564
CCNA2,ESR1,564
EGFR,ESR1,996
EGFR,ESR1,996
NTRK2,ESR1,546
NTRK2,ESR1,546
PAK1,ESR1,657
PAK1,ESR1,657
ATM,ESR1,564
ATM,ESR1,564
GNAQ,ESR1,936
GNAQ,ESR1,936
KIT,ESR1,634
KIT,ESR1,634
STAT5B,ESR1,633
STAT5B,ESR1,633
HPGDS,ESR1,644
HPGDS,ESR1,644
TGFA,ESR1,700
TGFA,ESR1,700
ALB,ESR1,693
ALB,ESR1,693
ANXA5,ESR1,607
ANXA5,ESR1,607
NPM1,ESR1,615
NPM1,ESR1,615
MAP2K1,ESR1,531
MAP2K1,ESR1,531
BCL2L1,ESR1,566
BCL2L1,ESR1,566
IGF1,ESR1,998
IGF1,ESR1,998
HSPA4,ESR1,953
HSPA4,ESR1,953
IRS1,ESR1,971
IRS1,ESR1,971
FOS,ESR1,998
FOS,ESR1,998
CXCL8,ESR1,518
CXCL8,ESR1,518
CYCS,ESR1,517
CYCS,ESR1,517
TERT,ESR1,949
TERT,ESR1,949
PRKACA,ESR1,840
PRKACA,ESR1,840
CD34,ESR1,505
CD34,ESR1,505
CASP3,ESR1,680
CASP3,ESR1,680
LEP,ESR1,620
LEP,ESR1,620
HNF4A,ESR1,500
HNF4A,ESR1,500
EZH2,ESR1,989
EZH2,ESR1,989
SOX2,ESR1,568
SOX2,ESR1,568
HSPA5,ESR1,571
HSPA5,ESR1,571
PGR,ESR1,952
PGR,ESR1,952
SP1,ESR1,999
SP1,ESR1,999
CASP9,ESR1,513
CASP9,ESR1,513
SMAD3,ESR1,978
SMAD3,ESR1,978
HSP90AA1,ESR1,999
HSP90AA1,ESR1,999
CAV1,ESR1,998
CAV1,ESR1,998
PTPN11,ESR1,900
PTPN11,ESR1,900
PTK2,ESR1,772
PTK2,ESR1,772
STAT5A,ESR1,976
STAT5A,ESR1,976
SMAD4,ESR1,996
SMAD4,ESR1,996
ERBB4,ESR1,982
ERBB4,ESR1,982
CTNNB1,ESR1,992
CTNNB1,ESR1,992
FN1,ESR1,625
FN1,ESR1,625
CASP8,ESR1,526
CASP8,ESR1,526
STAT1,ESR1,832
STAT1,ESR1,832
MTOR,ESR1,785
MTOR,ESR1,785
PARP1,ESR1,950
PARP1,ESR1,950
PTGS2,ESR1,637
PTGS2,ESR1,637
CCN2,ESR1,673
CCN2,ESR1,673
MKI67,ESR1,647
MKI67,ESR1,647
CHUK,ESR1,647
CHUK,ESR1,647
JUN,ESR1,999
JUN,ESR1,999
HSP90AB1,ESR1,947
HSP90AB1,ESR1,947
PTEN,ESR1,787
PTEN,ESR1,787
MMP9,ESR1,615
MMP9,ESR1,615
YWHAB,ESR1,897
YWHAB,ESR1,897
HDAC1,ESR1,999
HDAC1,ESR1,999
SRC,ESR1,999
SRC,ESR1,999
IRS2,ESR1,563
IRS2,ESR1,563
FOXP3,ESR1,557
FOXP3,ESR1,557
GATA3,ESR1,976
GATA3,ESR1,976
FOXO1,ESR1,961
FOXO1,ESR1,961
CD274,ESR1,503
CD274,ESR1,503
JAK2,ESR1,534
JAK2,ESR1,534
AKT2,ESR1,710
AKT2,ESR1,710
GRB2,ESR1,954
GRB2,ESR1,954
SPP1,ESR1,599
SPP1,ESR1,599
CDK1,ESR1,544
CDK1,ESR1,544
MAPK8,ESR1,886
MAPK8,ESR1,886
AREG,ESR1,623
AREG,ESR1,623
CXCL12,ESR1,948
CXCL12,ESR1,948
YWHAZ,ESR1,542
YWHAZ,ESR1,542
SNAI2,ESR1,684
SNAI2,ESR1,684
INS,ESR1,771
INS,ESR1,771
RELA,ESR1,931
RELA,ESR1,931
CDKN1A,ESR1,863
CDKN1A,ESR1,863
XPO1,ESR1,770
XPO1,ESR1,770
IL6,ESR1,677
IL6,ESR1,677
FOXO3,ESR1,971
FOXO3,ESR1,971
CREB1,ESR1,858
CREB1,ESR1,858
BCAR1,ESR1,995
BCAR1,ESR1,995
IGF2,ESR1,562
IGF2,ESR1,562
FGFR1,ESR1,620
FGFR1,ESR1,620
MAPK9,ESR1,851
MAPK9,ESR1,851
SMARCA4,ESR1,849
SMARCA4,ESR1,849
CD44,ESR1,657
CD44,ESR1,657
TNF,ESR1,622
TNF,ESR1,622
RHOA,ESR1,504
RHOA,ESR1,504
SHC1,ESR1,998
SHC1,ESR1,998
CD4,HRAS,549
CD4,HRAS,549
GNA11,HRAS,751
GNA11,HRAS,751
FGF4,HRAS,943
FGF4,HRAS,943
NGFR,HRAS,932
NGFR,HRAS,932
VCL,HRAS,775
VCL,HRAS,775
MAPK1,HRAS,985
MAPK1,HRAS,985
MMP2,HRAS,504
MMP2,HRAS,504
CSK,HRAS,748
CSK,HRAS,748
TGFB1,HRAS,532
TGFB1,HRAS,532
EPOR,HRAS,922
EPOR,HRAS,922
PIK3R2,HRAS,899
PIK3R2,HRAS,899
HGF,HRAS,959
HGF,HRAS,959
IL2,HRAS,950
IL2,HRAS,950
CCND1,HRAS,763
CCND1,HRAS,763
CDKN1B,HRAS,603
CDKN1B,HRAS,603
GAPDH,HRAS,683
GAPDH,HRAS,683
MAPK14,HRAS,708
MAPK14,HRAS,708
HBEGF,HRAS,939
HBEGF,HRAS,939
PLEK,HRAS,569
PLEK,HRAS,569
FGF23,HRAS,916
FGF23,HRAS,916
PLCG1,HRAS,594
PLCG1,HRAS,594
SNAI1,HRAS,624
SNAI1,HRAS,624
EREG,HRAS,954
EREG,HRAS,954
SOX9,HRAS,508
SOX9,HRAS,508
RAF1,HRAS,999
RAF1,HRAS,999
EPO,HRAS,930
EPO,HRAS,930
KRAS,HRAS,989
KRAS,HRAS,989
CCNB1,HRAS,521
CCNB1,HRAS,521
PDGFRA,HRAS,968
PDGFRA,HRAS,968
CDK4,HRAS,964
CDK4,HRAS,964
MDM2,HRAS,743
MDM2,HRAS,743
THBS1,HRAS,524
THBS1,HRAS,524
CDH1,HRAS,762
CDH1,HRAS,762
PDGFRB,HRAS,964
PDGFRB,HRAS,964
FLT4,HRAS,556
FLT4,HRAS,556
SMAD2,HRAS,575
SMAD2,HRAS,575
AXIN1,HRAS,645
AXIN1,HRAS,645
PIK3R3,HRAS,872
PIK3R3,HRAS,872
GAB1,HRAS,944
GAB1,HRAS,944
MAPK3,HRAS,987
MAPK3,HRAS,987
EP300,HRAS,520
EP300,HRAS,520
IL1B,HRAS,603
IL1B,HRAS,603
EPCAM,HRAS,565
EPCAM,HRAS,565
AKT3,HRAS,667
AKT3,HRAS,667
KDR,HRAS,710
KDR,HRAS,710
PIK3CA,HRAS,999
PIK3CA,HRAS,999
CBL,HRAS,741
CBL,HRAS,741
FGF2,HRAS,958
FGF2,HRAS,958
STAT3,HRAS,719
STAT3,HRAS,719
FGF10,HRAS,937
FGF10,HRAS,937
ICAM1,HRAS,867
ICAM1,HRAS,867
EGF,HRAS,977
EGF,HRAS,977
ERBB3,HRAS,984
ERBB3,HRAS,984
RB1,HRAS,625
RB1,HRAS,625
PXN,HRAS,521
PXN,HRAS,521
FGF7,HRAS,938
FGF7,HRAS,938
IQGAP1,HRAS,838
IQGAP1,HRAS,838
CDH2,HRAS,549
CDH2,HRAS,549
TP53,HRAS,938
TP53,HRAS,938
ERBB2,HRAS,994
ERBB2,HRAS,994
RPS27A,HRAS,919
RPS27A,HRAS,919
CCNA2,HRAS,514
CCNA2,HRAS,514
RASA1,HRAS,999
RASA1,HRAS,999
EGFR,HRAS,996
EGFR,HRAS,996
NTRK2,HRAS,947
NTRK2,HRAS,947
PAK1,HRAS,946
PAK1,HRAS,946
ATM,HRAS,713
ATM,HRAS,713
FBXW7,HRAS,747
FBXW7,HRAS,747
FLT1,HRAS,626
FLT1,HRAS,626
GNAQ,HRAS,954
GNAQ,HRAS,954
PPARG,HRAS,544
PPARG,HRAS,544
KIT,HRAS,981
KIT,HRAS,981
FGFR4,HRAS,967
FGFR4,HRAS,967
STAT5B,HRAS,577
STAT5B,HRAS,577
WNT1,HRAS,643
WNT1,HRAS,643
FGF19,HRAS,938
FGF19,HRAS,938
HPGDS,HRAS,679
HPGDS,HRAS,679
TGFA,HRAS,943
TGFA,HRAS,943
ALB,HRAS,750
ALB,HRAS,750
ANXA5,HRAS,606
ANXA5,HRAS,606
IL3,HRAS,569
IL3,HRAS,569
CSF2,HRAS,946
CSF2,HRAS,946
NPM1,HRAS,692
NPM1,HRAS,692
SHH,HRAS,578
SHH,HRAS,578
LRRK2,HRAS,536
LRRK2,HRAS,536
MAP2K1,HRAS,991
MAP2K1,HRAS,991
BCL2L1,HRAS,983
BCL2L1,HRAS,983
IGF1,HRAS,961
IGF1,HRAS,961
INSR,HRAS,953
INSR,HRAS,953
UBB,HRAS,925
UBB,HRAS,925
IRS1,HRAS,958
IRS1,HRAS,958
FOS,HRAS,705
FOS,HRAS,705
CXCL8,HRAS,507
CXCL8,HRAS,507
TERT,HRAS,692
TERT,HRAS,692
CD34,HRAS,506
CD34,HRAS,506
CASP3,HRAS,684
CASP3,HRAS,684
HNF4A,HRAS,503
HNF4A,HRAS,503
MET,HRAS,982
MET,HRAS,982
EZH2,HRAS,667
EZH2,HRAS,667
FGF8,HRAS,939
FGF8,HRAS,939
FGF13,HRAS,504
FGF13,HRAS,504
SOX2,HRAS,546
SOX2,HRAS,546
PPP2R1A,HRAS,952
PPP2R1A,HRAS,952
PGR,HRAS,581
PGR,HRAS,581
CSF1,HRAS,931
CSF1,HRAS,931
SOCS1,HRAS,944
SOCS1,HRAS,944
CASP9,HRAS,503
CASP9,HRAS,503
SOCS3,HRAS,929
SOCS3,HRAS,929
PDGFB,HRAS,955
PDGFB,HRAS,955
SMAD3,HRAS,506
SMAD3,HRAS,506
FGF3,HRAS,941
FGF3,HRAS,941
HSP90AA1,HRAS,976
HSP90AA1,HRAS,976
LCK,HRAS,954
LCK,HRAS,954
CAV1,HRAS,810
CAV1,HRAS,810
FGFR3,HRAS,982
FGFR3,HRAS,982
PTPN11,HRAS,991
PTPN11,HRAS,991
PTK2,HRAS,953
PTK2,HRAS,953
STAT5A,HRAS,570
STAT5A,HRAS,570
SMAD4,HRAS,866
SMAD4,HRAS,866
ERBB4,HRAS,982
ERBB4,HRAS,982
JAK1,HRAS,955
JAK1,HRAS,955
CTNNB1,HRAS,854
CTNNB1,HRAS,854
CRKL,HRAS,939
CRKL,HRAS,939
PDGFA,HRAS,934
PDGFA,HRAS,934
FYN,HRAS,983
FYN,HRAS,983
FN1,HRAS,843
FN1,HRAS,843
RET,HRAS,984
RET,HRAS,984
RAC1,HRAS,936
RAC1,HRAS,936
NF1,HRAS,999
NF1,HRAS,999
EPHA2,HRAS,645
EPHA2,HRAS,645
CASP8,HRAS,556
CASP8,HRAS,556
TGFBR2,HRAS,643
TGFBR2,HRAS,643
PIK3CG,HRAS,998
PIK3CG,HRAS,998
TFRC,HRAS,627
TFRC,HRAS,627
MTOR,HRAS,827
MTOR,HRAS,827
GAB2,HRAS,951
GAB2,HRAS,951
PTGS2,HRAS,580
PTGS2,HRAS,580
MCL1,HRAS,638
MCL1,HRAS,638
NGF,HRAS,950
NGF,HRAS,950
NRAS,HRAS,987
NRAS,HRAS,987
CHUK,HRAS,523
CHUK,HRAS,523
JUN,HRAS,817
JUN,HRAS,817
PTEN,HRAS,928
PTEN,HRAS,928
MMP9,HRAS,600
MMP9,HRAS,600
ABL1,HRAS,696
ABL1,HRAS,696
YWHAB,HRAS,941
YWHAB,HRAS,941
SRC,HRAS,996
SRC,HRAS,996
FGR,HRAS,936
FGR,HRAS,936
AR,HRAS,955
AR,HRAS,955
SYK,HRAS,897
SYK,HRAS,897
IRS2,HRAS,936
IRS2,HRAS,936
PIK3CD,HRAS,975
PIK3CD,HRAS,975
PRKCZ,HRAS,801
PRKCZ,HRAS,801
EDN1,HRAS,930
EDN1,HRAS,930
SDC1,HRAS,508
SDC1,HRAS,508
CD274,HRAS,802
CD274,HRAS,802
JAK2,HRAS,972
JAK2,HRAS,972
ALK,HRAS,976
ALK,HRAS,976
AKT2,HRAS,698
AKT2,HRAS,698
GRB2,HRAS,994
GRB2,HRAS,994
BCL2L11,HRAS,568
BCL2L11,HRAS,568
CDK1,HRAS,607
CDK1,HRAS,607
MAPK8,HRAS,983
MAPK8,HRAS,983
BTC,HRAS,926
BTC,HRAS,926
AREG,HRAS,957
AREG,HRAS,957
CXCL12,HRAS,939
CXCL12,HRAS,939
YWHAZ,HRAS,946
YWHAZ,HRAS,946
ITGB1,HRAS,731
ITGB1,HRAS,731
SNAI2,HRAS,552
SNAI2,HRAS,552
INS,HRAS,964
INS,HRAS,964
DLG4,HRAS,958
DLG4,HRAS,958
CDC42,HRAS,637
CDC42,HRAS,637
RELA,HRAS,790
RELA,HRAS,790
CDKN1A,HRAS,625
CDKN1A,HRAS,625
IL6,HRAS,641
IL6,HRAS,641
FOXO3,HRAS,584
FOXO3,HRAS,584
CD8A,HRAS,602
CD8A,HRAS,602
CREB1,HRAS,622
CREB1,HRAS,622
UBA52,HRAS,903
UBA52,HRAS,903
JAK3,HRAS,960
JAK3,HRAS,960
IGF2,HRAS,566
IGF2,HRAS,566
FGFR1,HRAS,981
FGFR1,HRAS,981
MAPK9,HRAS,909
MAPK9,HRAS,909
SMARCA4,HRAS,527
SMARCA4,HRAS,527
CD44,HRAS,645
CD44,HRAS,645
TNF,HRAS,623
TNF,HRAS,623
RHOA,HRAS,933
RHOA,HRAS,933
SHC1,HRAS,979
SHC1,HRAS,979
ARRB2,HRAS,681
ARRB2,HRAS,681
ESR1,HRAS,704
ESR1,HRAS,704
GNA11,PRKCA,754
GNA11,PRKCA,754
VCL,PRKCA,629
VCL,PRKCA,629
MAPK1,PRKCA,940
MAPK1,PRKCA,940
NFKBIA,PRKCA,952
NFKBIA,PRKCA,952
GAPDH,PRKCA,504
GAPDH,PRKCA,504
HBEGF,PRKCA,701
HBEGF,PRKCA,701
PLCG1,PRKCA,951
PLCG1,PRKCA,951
RAF1,PRKCA,934
RAF1,PRKCA,934
KRAS,PRKCA,938
KRAS,PRKCA,938
MAPK3,PRKCA,952
MAPK3,PRKCA,952
EP300,PRKCA,721
EP300,PRKCA,721
CBL,PRKCA,734
CBL,PRKCA,734
WNT5A,PRKCA,931
WNT5A,PRKCA,931
EGF,PRKCA,956
EGF,PRKCA,956
TP53,PRKCA,590
TP53,PRKCA,590
RASA1,PRKCA,754
RASA1,PRKCA,754
EGFR,PRKCA,981
EGFR,PRKCA,981
TJP1,PRKCA,530
TJP1,PRKCA,530
GNAQ,PRKCA,831
GNAQ,PRKCA,831
PPARG,PRKCA,574
PPARG,PRKCA,574
KIT,PRKCA,854
KIT,PRKCA,854
STAT5B,PRKCA,920
STAT5B,PRKCA,920
MMP3,PRKCA,915
MMP3,PRKCA,915
CRK,PRKCA,915
CRK,PRKCA,915
IRS1,PRKCA,686
IRS1,PRKCA,686
FOS,PRKCA,896
FOS,PRKCA,896
TERT,PRKCA,936
TERT,PRKCA,936
CASP3,PRKCA,896
CASP3,PRKCA,896
PPP2R1A,PRKCA,634
PPP2R1A,PRKCA,634
HSP90AA1,PRKCA,947
HSP90AA1,PRKCA,947
CAV1,PRKCA,903
CAV1,PRKCA,903
PTK2,PRKCA,835
PTK2,PRKCA,835
STAT5A,PRKCA,921
STAT5A,PRKCA,921
ERBB4,PRKCA,911
ERBB4,PRKCA,911
CDH5,PRKCA,616
CDH5,PRKCA,616
CTNNB1,PRKCA,816
CTNNB1,PRKCA,816
FN1,PRKCA,508
FN1,PRKCA,508
RET,PRKCA,909
RET,PRKCA,909
FAS,PRKCA,658
FAS,PRKCA,658
RAC1,PRKCA,963
RAC1,PRKCA,963
MTOR,PRKCA,968
MTOR,PRKCA,968
EZR,PRKCA,980
EZR,PRKCA,980
NRAS,PRKCA,847
NRAS,PRKCA,847
FLNA,PRKCA,846
FLNA,PRKCA,846
CHUK,PRKCA,935
CHUK,PRKCA,935
JUN,PRKCA,562
JUN,PRKCA,562
MMP9,PRKCA,503
MMP9,PRKCA,503
YWHAB,PRKCA,907
YWHAB,PRKCA,907
SRC,PRKCA,948
SRC,PRKCA,948
PRKCZ,PRKCA,940
PRKCZ,PRKCA,940
SDC1,PRKCA,656
SDC1,PRKCA,656
YWHAZ,PRKCA,935
YWHAZ,PRKCA,935
ITGB1,PRKCA,972
ITGB1,PRKCA,972
INS,PRKCA,520
INS,PRKCA,520
PTK2B,PRKCA,915
PTK2B,PRKCA,915
DLG4,PRKCA,938
DLG4,PRKCA,938
CDC42,PRKCA,780
CDC42,PRKCA,780
RELA,PRKCA,924
RELA,PRKCA,924
CREB1,PRKCA,773
CREB1,PRKCA,773
BCAR1,PRKCA,932
BCAR1,PRKCA,932
RHOA,PRKCA,987
RHOA,PRKCA,987
SHC1,PRKCA,941
SHC1,PRKCA,941
ESR1,PRKCA,539
ESR1,PRKCA,539
HRAS,PRKCA,946
HRAS,PRKCA,946
VCL,ARRB1,517
VCL,ARRB1,517
MAPK1,ARRB1,981
MAPK1,ARRB1,981
NFKBIA,ARRB1,985
NFKBIA,ARRB1,985
CSK,ARRB1,784
CSK,ARRB1,784
NR3C1,ARRB1,586
NR3C1,ARRB1,586
RAF1,ARRB1,933
RAF1,ARRB1,933
KRAS,ARRB1,659
KRAS,ARRB1,659
MDM2,ARRB1,991
MDM2,ARRB1,991
MAPK3,ARRB1,979
MAPK3,ARRB1,979
EP300,ARRB1,978
EP300,ARRB1,978
PIK3CA,ARRB1,547
PIK3CA,ARRB1,547
WNT5A,ARRB1,702
WNT5A,ARRB1,702
TP53,ARRB1,627
TP53,ARRB1,627
RPS27A,ARRB1,612
RPS27A,ARRB1,612
EGFR,ARRB1,943
EGFR,ARRB1,943
GNAQ,ARRB1,812
GNAQ,ARRB1,812
ARF6,ARRB1,982
ARF6,ARRB1,982
MAP2K1,ARRB1,991
MAP2K1,ARRB1,991
UBB,ARRB1,652
UBB,ARRB1,652
CXCL8,ARRB1,916
CXCL8,ARRB1,916
PPP2R1A,ARRB1,907
PPP2R1A,ARRB1,907
HGS,ARRB1,586
HGS,ARRB1,586
JAK1,ARRB1,502
JAK1,ARRB1,502
CTNNB1,ARRB1,713
CTNNB1,ARRB1,713
FN1,ARRB1,592
FN1,ARRB1,592
TFRC,ARRB1,658
TFRC,ARRB1,658
BECN1,ARRB1,814
BECN1,ARRB1,814
NRAS,ARRB1,632
NRAS,ARRB1,632
EPS15,ARRB1,737
EPS15,ARRB1,737
PTEN,ARRB1,631
PTEN,ARRB1,631
YWHAB,ARRB1,676
YWHAB,ARRB1,676
SRC,ARRB1,999
SRC,ARRB1,999
FGR,ARRB1,928
FGR,ARRB1,928
EDN1,ARRB1,934
EDN1,ARRB1,934
DNM2,ARRB1,769
DNM2,ARRB1,769
BCL2L11,ARRB1,607
BCL2L11,ARRB1,607
CXCL12,ARRB1,929
CXCL12,ARRB1,929
CXCR4,ARRB1,986
CXCR4,ARRB1,986
CREB1,ARRB1,721
CREB1,ARRB1,721
UBA52,ARRB1,600
UBA52,ARRB1,600
MAPK9,ARRB1,510
MAPK9,ARRB1,510
ARRB2,ARRB1,968
ARRB2,ARRB1,968
ESR1,ARRB1,920
ESR1,ARRB1,920
HRAS,ARRB1,917
HRAS,ARRB1,917
GNA11,FGFR2,519
GNA11,FGFR2,519
FGF4,FGFR2,997
FGF4,FGFR2,997
MAPK1,FGFR2,923
MAPK1,FGFR2,923
PIK3R2,FGFR2,720
PIK3R2,FGFR2,720
HGF,FGFR2,777
HGF,FGFR2,777
CCND1,FGFR2,545
CCND1,FGFR2,545
FGF23,FGFR2,993
FGF23,FGFR2,993
PLCG1,FGFR2,998
PLCG1,FGFR2,998
EREG,FGFR2,665
EREG,FGFR2,665
BMP4,FGFR2,627
BMP4,FGFR2,627
SOX9,FGFR2,565
SOX9,FGFR2,565
KRAS,FGFR2,979
KRAS,FGFR2,979
MDM2,FGFR2,745
MDM2,FGFR2,745
CDH1,FGFR2,504
CDH1,FGFR2,504
PIK3R3,FGFR2,727
PIK3R3,FGFR2,727
GAB1,FGFR2,921
GAB1,FGFR2,921
MAPK3,FGFR2,928
MAPK3,FGFR2,928
PIK3CA,FGFR2,969
PIK3CA,FGFR2,969
CBL,FGFR2,951
CBL,FGFR2,951
FGF2,FGFR2,999
FGF2,FGFR2,999
STAT3,FGFR2,966
STAT3,FGFR2,966
FGF10,FGFR2,999
FGF10,FGFR2,999
EGF,FGFR2,822
EGF,FGFR2,822
ERBB3,FGFR2,600
ERBB3,FGFR2,600
FGF7,FGFR2,999
FGF7,FGFR2,999
CDH2,FGFR2,531
CDH2,FGFR2,531
TP53,FGFR2,635
TP53,FGFR2,635
ERBB2,FGFR2,547
ERBB2,FGFR2,547
RPS27A,FGFR2,649
RPS27A,FGFR2,649
ATM,FGFR2,530
ATM,FGFR2,530
FBXW7,FGFR2,611
FBXW7,FGFR2,611
KIT,FGFR2,502
KIT,FGFR2,502
FGFR4,FGFR2,905
FGFR4,FGFR2,905
STAT5B,FGFR2,879
STAT5B,FGFR2,879
WNT1,FGFR2,515
WNT1,FGFR2,515
FGF19,FGFR2,970
FGF19,FGFR2,970
TGFA,FGFR2,697
TGFA,FGFR2,697
SHH,FGFR2,632
SHH,FGFR2,632
CRK,FGFR2,715
CRK,FGFR2,715
IGF1,FGFR2,789
IGF1,FGFR2,789
UBB,FGFR2,660
UBB,FGFR2,660
IRS1,FGFR2,660
IRS1,FGFR2,660
FOS,FGFR2,927
FOS,FGFR2,927
FGF8,FGFR2,978
FGF8,FGFR2,978
FGF13,FGFR2,987
FGF13,FGFR2,987
SOX2,FGFR2,551
SOX2,FGFR2,551
PGR,FGFR2,689
PGR,FGFR2,689
CSF1,FGFR2,688
CSF1,FGFR2,688
PDGFB,FGFR2,782
PDGFB,FGFR2,782
FGF3,FGFR2,953
FGF3,FGFR2,953
FGFR3,FGFR2,971
FGFR3,FGFR2,971
PTPN11,FGFR2,967
PTPN11,FGFR2,967
STAT5A,FGFR2,703
STAT5A,FGFR2,703
SMAD4,FGFR2,597
SMAD4,FGFR2,597
ERBB4,FGFR2,519
ERBB4,FGFR2,519
JAK1,FGFR2,833
JAK1,FGFR2,833
CTNNB1,FGFR2,681
CTNNB1,FGFR2,681
CRKL,FGFR2,810
CRKL,FGFR2,810
PDGFA,FGFR2,779
PDGFA,FGFR2,779
RET,FGFR2,502
RET,FGFR2,502
STAT1,FGFR2,925
STAT1,FGFR2,925
GAB2,FGFR2,557
GAB2,FGFR2,557
CCN2,FGFR2,782
CCN2,FGFR2,782
NGF,FGFR2,682
NGF,FGFR2,682
NRAS,FGFR2,959
NRAS,FGFR2,959
JUN,FGFR2,936
JUN,FGFR2,936
EPS15,FGFR2,602
EPS15,FGFR2,602
PTEN,FGFR2,676
PTEN,FGFR2,676
SRC,FGFR2,947
SRC,FGFR2,947
IRS2,FGFR2,567
IRS2,FGFR2,567
PIK3CD,FGFR2,644
PIK3CD,FGFR2,644
SDC1,FGFR2,918
SDC1,FGFR2,918
JAK2,FGFR2,848
JAK2,FGFR2,848
ALK,FGFR2,541
ALK,FGFR2,541
GRB2,FGFR2,999
GRB2,FGFR2,999
AREG,FGFR2,697
AREG,FGFR2,697
INS,FGFR2,875
INS,FGFR2,875
UBA52,FGFR2,608
UBA52,FGFR2,608
IGF2,FGFR2,730
IGF2,FGFR2,730
FGFR1,FGFR2,747
FGFR1,FGFR2,747
CD44,FGFR2,539
CD44,FGFR2,539
SHC1,FGFR2,970
SHC1,FGFR2,970
ESR1,FGFR2,568
ESR1,FGFR2,568
HRAS,FGFR2,980
HRAS,FGFR2,980
CD4,PTPRC,995
CD4,PTPRC,995
TNFRSF1A,PTPRC,528
TNFRSF1A,PTPRC,528
NGFR,PTPRC,611
NGFR,PTPRC,611
MAPK1,PTPRC,535
MAPK1,PTPRC,535
CSK,PTPRC,827
CSK,PTPRC,827
TGFB1,PTPRC,583
TGFB1,PTPRC,583
HGF,PTPRC,613
HGF,PTPRC,613
CSF3,PTPRC,684
CSF3,PTPRC,684
CCL2,PTPRC,724
CCL2,PTPRC,724
IL2,PTPRC,804
IL2,PTPRC,804
IFNG,PTPRC,777
IFNG,PTPRC,777
GAPDH,PTPRC,716
GAPDH,PTPRC,716
NANOG,PTPRC,634
NANOG,PTPRC,634
MAPK14,PTPRC,576
MAPK14,PTPRC,576
HBEGF,PTPRC,529
HBEGF,PTPRC,529
IL4,PTPRC,782
IL4,PTPRC,782
IL5,PTPRC,672
IL5,PTPRC,672
PLEK,PTPRC,798
PLEK,PTPRC,798
PLCG1,PTPRC,504
PLCG1,PTPRC,504
BMP4,PTPRC,506
BMP4,PTPRC,506
SOX9,PTPRC,554
SOX9,PTPRC,554
RAC2,PTPRC,660
RAC2,PTPRC,660
EPO,PTPRC,530
EPO,PTPRC,530
KRAS,PTPRC,512
KRAS,PTPRC,512
PDGFRA,PTPRC,600
PDGFRA,PTPRC,600
POU5F1,PTPRC,651
POU5F1,PTPRC,651
TLR2,PTPRC,732
TLR2,PTPRC,732
CDH1,PTPRC,600
CDH1,PTPRC,600
PDGFRB,PTPRC,676
PDGFRB,PTPRC,676
MAPK3,PTPRC,645
MAPK3,PTPRC,645
IL1A,PTPRC,572
IL1A,PTPRC,572
IL1B,PTPRC,759
IL1B,PTPRC,759
EPCAM,PTPRC,835
EPCAM,PTPRC,835
IL7,PTPRC,727
IL7,PTPRC,727
KDR,PTPRC,750
KDR,PTPRC,750
FGF2,PTPRC,748
FGF2,PTPRC,748
STAT3,PTPRC,774
STAT3,PTPRC,774
ICAM1,PTPRC,720
ICAM1,PTPRC,720
ZAP70,PTPRC,769
ZAP70,PTPRC,769
EGF,PTPRC,619
EGF,PTPRC,619
FGF7,PTPRC,505
FGF7,PTPRC,505
CDH2,PTPRC,535
CDH2,PTPRC,535
TP53,PTPRC,609
TP53,PTPRC,609
ERBB2,PTPRC,616
ERBB2,PTPRC,616
EGFR,PTPRC,688
EGFR,PTPRC,688
IFNA1,PTPRC,619
IFNA1,PTPRC,619
FLT1,PTPRC,531
FLT1,PTPRC,531
PPARG,PTPRC,550
PPARG,PTPRC,550
KIT,PTPRC,883
KIT,PTPRC,883
STAT5B,PTPRC,637
STAT5B,PTPRC,637
HPGDS,PTPRC,637
HPGDS,PTPRC,637
ALB,PTPRC,820
ALB,PTPRC,820
ANXA5,PTPRC,798
ANXA5,PTPRC,798
IL15,PTPRC,698
IL15,PTPRC,698
IL3,PTPRC,703
IL3,PTPRC,703
CSF2,PTPRC,748
CSF2,PTPRC,748
STAT6,PTPRC,523
STAT6,PTPRC,523
BCL2L1,PTPRC,512
BCL2L1,PTPRC,512
IGF1,PTPRC,603
IGF1,PTPRC,603
IL13,PTPRC,683
IL13,PTPRC,683
CXCL8,PTPRC,645
CXCL8,PTPRC,645
CD34,PTPRC,919
CD34,PTPRC,919
CASP3,PTPRC,644
CASP3,PTPRC,644
MET,PTPRC,520
MET,PTPRC,520
FGF13,PTPRC,511
FGF13,PTPRC,511
SOX2,PTPRC,600
SOX2,PTPRC,600
CD28,PTPRC,861
CD28,PTPRC,861
CSF1,PTPRC,664
CSF1,PTPRC,664
LCK,PTPRC,999
LCK,PTPRC,999
STAT5A,PTPRC,666
STAT5A,PTPRC,666
JAK1,PTPRC,595
JAK1,PTPRC,595
CDH5,PTPRC,749
CDH5,PTPRC,749
CTNNB1,PTPRC,776
CTNNB1,PTPRC,776
FYN,PTPRC,985
FYN,PTPRC,985
FN1,PTPRC,718
FN1,PTPRC,718
FAS,PTPRC,693
FAS,PTPRC,693
PIK3CG,PTPRC,539
PIK3CG,PTPRC,539
TFRC,PTPRC,804
TFRC,PTPRC,804
STAT1,PTPRC,582
STAT1,PTPRC,582
CD247,PTPRC,986
CD247,PTPRC,986
PTGS2,PTPRC,501
PTGS2,PTPRC,501
NES,PTPRC,629
NES,PTPRC,629
MKI67,PTPRC,681
MKI67,PTPRC,681
PTEN,PTPRC,512
PTEN,PTPRC,512
MMP9,PTPRC,594
MMP9,PTPRC,594
ABL1,PTPRC,588
ABL1,PTPRC,588
SRC,PTPRC,718
SRC,PTPRC,718
TLR4,PTPRC,761
TLR4,PTPRC,761
FGR,PTPRC,510
FGR,PTPRC,510
SYK,PTPRC,679
SYK,PTPRC,679
FOXP3,PTPRC,867
FOXP3,PTPRC,867
GATA3,PTPRC,638
GATA3,PTPRC,638
IFNB1,PTPRC,565
IFNB1,PTPRC,565
SDC1,PTPRC,805
SDC1,PTPRC,805
CD274,PTPRC,743
CD274,PTPRC,743
JAK2,PTPRC,641
JAK2,PTPRC,641
ALK,PTPRC,500
ALK,PTPRC,500
GRB2,PTPRC,556
GRB2,PTPRC,556
SPP1,PTPRC,596
SPP1,PTPRC,596
CXCL12,PTPRC,969
CXCL12,PTPRC,969
ITGB1,PTPRC,905
ITGB1,PTPRC,905
INS,PTPRC,745
INS,PTPRC,745
ITGB2,PTPRC,894
ITGB2,PTPRC,894
IL6,PTPRC,809
IL6,PTPRC,809
CD8A,PTPRC,947
CD8A,PTPRC,947
CXCR4,PTPRC,996
CXCR4,PTPRC,996
JAK3,PTPRC,615
JAK3,PTPRC,615
CD44,PTPRC,926
CD44,PTPRC,926
TNF,PTPRC,861
TNF,PTPRC,861
HRAS,PTPRC,534
HRAS,PTPRC,534
CD4,IL10,948
CD4,IL10,948
TNFRSF1A,IL10,965
TNFRSF1A,IL10,965
NFKBIA,IL10,707
NFKBIA,IL10,707
TIMP1,IL10,964
TIMP1,IL10,964
MMP2,IL10,958
MMP2,IL10,958
TGFB1,IL10,977
TGFB1,IL10,977
EPOR,IL10,680
EPOR,IL10,680
HGF,IL10,965
HGF,IL10,965
SERPINE1,IL10,600
SERPINE1,IL10,600
CSF3,IL10,984
CSF3,IL10,984
CCL2,IL10,989
CCL2,IL10,989
IL2,IL10,918
IL2,IL10,918
IFNG,IL10,951
IFNG,IL10,951
GAPDH,IL10,764
GAPDH,IL10,764
MAPK14,IL10,581
MAPK14,IL10,581
IL4,IL10,937
IL4,IL10,937
IL5,IL10,915
IL5,IL10,915
NR3C1,IL10,595
NR3C1,IL10,595
LIF,IL10,954
LIF,IL10,954
EPO,IL10,576
EPO,IL10,576
PDGFRA,IL10,670
PDGFRA,IL10,670
TLR2,IL10,893
TLR2,IL10,893
CDH1,IL10,502
CDH1,IL10,502
PDGFRB,IL10,708
PDGFRB,IL10,708
SMAD2,IL10,529
SMAD2,IL10,529
MAPK3,IL10,614
MAPK3,IL10,614
IL1A,IL10,987
IL1A,IL10,987
IL1B,IL10,995
IL1B,IL10,995
IL7,IL10,835
IL7,IL10,835
FGF2,IL10,966
FGF2,IL10,966
STAT3,IL10,984
STAT3,IL10,984
ICAM1,IL10,976
ICAM1,IL10,976
EGF,IL10,676
EGF,IL10,676
FGF7,IL10,523
FGF7,IL10,523
TP53,IL10,580
TP53,IL10,580
EGFR,IL10,800
EGFR,IL10,800
IFNA1,IL10,830
IFNA1,IL10,830
TJP1,IL10,545
TJP1,IL10,545
PPARG,IL10,688
PPARG,IL10,688
KIT,IL10,533
KIT,IL10,533
STAT5B,IL10,678
STAT5B,IL10,678
ALB,IL10,808
ALB,IL10,808
ANXA5,IL10,637
ANXA5,IL10,637
IL15,IL10,859
IL15,IL10,859
IL3,IL10,758
IL3,IL10,758
CSF2,IL10,988
CSF2,IL10,988
MMP3,IL10,959
MMP3,IL10,959
STAT6,IL10,759
STAT6,IL10,759
BCL2L1,IL10,568
BCL2L1,IL10,568
IGF1,IL10,680
IGF1,IL10,680
HSPA4,IL10,571
HSPA4,IL10,571
IL13,IL10,917
IL13,IL10,917
FOS,IL10,564
FOS,IL10,564
CXCL8,IL10,994
CXCL8,IL10,994
CD34,IL10,634
CD34,IL10,634
CASP3,IL10,700
CASP3,IL10,700
LEP,IL10,694
LEP,IL10,694
FGF13,IL10,521
FGF13,IL10,521
CD28,IL10,847
CD28,IL10,847
CSF1,IL10,977
CSF1,IL10,977
SOCS1,IL10,670
SOCS1,IL10,670
SOCS3,IL10,738
SOCS3,IL10,738
SMAD3,IL10,504
SMAD3,IL10,504
STAT5A,IL10,680
STAT5A,IL10,680
JAK1,IL10,983
JAK1,IL10,983
CTNNB1,IL10,528
CTNNB1,IL10,528
FN1,IL10,700
FN1,IL10,700
FAS,IL10,606
FAS,IL10,606
CASP8,IL10,540
CASP8,IL10,540
TFRC,IL10,504
TFRC,IL10,504
STAT1,IL10,800
STAT1,IL10,800
MTOR,IL10,550
MTOR,IL10,550
CD247,IL10,522
CD247,IL10,522
PTGS2,IL10,757
PTGS2,IL10,757
IL6R,IL10,843
IL6R,IL10,843
NGF,IL10,631
NGF,IL10,631
CHUK,IL10,518
CHUK,IL10,518
JUN,IL10,670
JUN,IL10,670
MMP9,IL10,974
MMP9,IL10,974
SRC,IL10,531
SRC,IL10,531
TLR4,IL10,898
TLR4,IL10,898
SYK,IL10,590
SYK,IL10,590
FOXP3,IL10,916
FOXP3,IL10,916
GATA3,IL10,740
GATA3,IL10,740
EDN1,IL10,522
EDN1,IL10,522
IFNB1,IL10,806
IFNB1,IL10,806
SDC1,IL10,556
SDC1,IL10,556
IL6ST,IL10,745
IL6ST,IL10,745
CD274,IL10,829
CD274,IL10,829
JAK2,IL10,706
JAK2,IL10,706
SPP1,IL10,562
SPP1,IL10,562
CXCL12,IL10,691
CXCL12,IL10,691
INS,IL10,731
INS,IL10,731
RELA,IL10,552
RELA,IL10,552
IL6,IL10,972
IL6,IL10,972
CD8A,IL10,915
CD8A,IL10,915
CXCR4,IL10,666
CXCR4,IL10,666
CREB1,IL10,954
CREB1,IL10,954
JAK3,IL10,555
JAK3,IL10,555
CD44,IL10,706
CD44,IL10,706
TNF,IL10,996
TNF,IL10,996
PTPRC,IL10,800
PTPRC,IL10,800
FGF4,BDNF,547
FGF4,BDNF,547
NGFR,BDNF,999
NGFR,BDNF,999
HGF,BDNF,601
HGF,BDNF,601
CCL2,BDNF,564
CCL2,BDNF,564
GAPDH,BDNF,702
GAPDH,BDNF,702
IL4,BDNF,551
IL4,BDNF,551
NR3C1,BDNF,688
NR3C1,BDNF,688
PLCG1,BDNF,944
PLCG1,BDNF,944
LIF,BDNF,611
LIF,BDNF,611
EPO,BDNF,632
EPO,BDNF,632
KRAS,BDNF,935
KRAS,BDNF,935
PDGFRA,BDNF,691
PDGFRA,BDNF,691
PDGFRB,BDNF,701
PDGFRB,BDNF,701
FLT4,BDNF,663
FLT4,BDNF,663
GAB1,BDNF,910
GAB1,BDNF,910
MAPK3,BDNF,678
MAPK3,BDNF,678
IL1B,BDNF,734
IL1B,BDNF,734
KDR,BDNF,770
KDR,BDNF,770
PIK3CA,BDNF,911
PIK3CA,BDNF,911
FGF2,BDNF,867
FGF2,BDNF,867
STAT3,BDNF,951
STAT3,BDNF,951
EGF,BDNF,739
EGF,BDNF,739
ERBB3,BDNF,697
ERBB3,BDNF,697
FGF7,BDNF,538
FGF7,BDNF,538
CDH2,BDNF,939
CDH2,BDNF,939
TP53,BDNF,948
TP53,BDNF,948
ERBB2,BDNF,783
ERBB2,BDNF,783
RASA1,BDNF,909
RASA1,BDNF,909
EGFR,BDNF,796
EGFR,BDNF,796
NTRK2,BDNF,999
NTRK2,BDNF,999
FLT1,BDNF,712
FLT1,BDNF,712
APP,BDNF,736
APP,BDNF,736
PPARG,BDNF,502
PPARG,BDNF,502
KIT,BDNF,703
KIT,BDNF,703
FGFR4,BDNF,630
FGFR4,BDNF,630
FGF19,BDNF,571
FGF19,BDNF,571
ALB,BDNF,730
ALB,BDNF,730
SHH,BDNF,720
SHH,BDNF,720
MMP3,BDNF,932
MMP3,BDNF,932
CRK,BDNF,912
CRK,BDNF,912
IGF1,BDNF,904
IGF1,BDNF,904
INSR,BDNF,678
INSR,BDNF,678
CTNNA1,BDNF,905
CTNNA1,BDNF,905
FOS,BDNF,795
FOS,BDNF,795
CXCL8,BDNF,518
CXCL8,BDNF,518
CYCS,BDNF,507
CYCS,BDNF,507
CASP3,BDNF,715
CASP3,BDNF,715
LEP,BDNF,701
LEP,BDNF,701
MET,BDNF,700
MET,BDNF,700
FGF8,BDNF,653
FGF8,BDNF,653
FGF13,BDNF,742
FGF13,BDNF,742
SOX2,BDNF,582
SOX2,BDNF,582
FGF3,BDNF,572
FGF3,BDNF,572
SNCA,BDNF,681
SNCA,BDNF,681
FGFR3,BDNF,660
FGFR3,BDNF,660
MAPT,BDNF,615
MAPT,BDNF,615
PTPN11,BDNF,926
PTPN11,BDNF,926
ERBB4,BDNF,762
ERBB4,BDNF,762
CTNNB1,BDNF,966
CTNNB1,BDNF,966
CRKL,BDNF,909
CRKL,BDNF,909
FYN,BDNF,797
FYN,BDNF,797
FN1,BDNF,606
FN1,BDNF,606
RAC1,BDNF,926
RAC1,BDNF,926
EPHA2,BDNF,666
EPHA2,BDNF,666
MTOR,BDNF,702
MTOR,BDNF,702
PTGS2,BDNF,558
PTGS2,BDNF,558
NES,BDNF,741
NES,BDNF,741
NGF,BDNF,920
NGF,BDNF,920
NRAS,BDNF,910
NRAS,BDNF,910
JUN,BDNF,610
JUN,BDNF,610
PTEN,BDNF,505
PTEN,BDNF,505
MMP9,BDNF,563
MMP9,BDNF,563
HDAC1,BDNF,945
HDAC1,BDNF,945
SRC,BDNF,534
SRC,BDNF,534
TLR4,BDNF,548
TLR4,BDNF,548
GRB2,BDNF,939
GRB2,BDNF,939
MAPK8,BDNF,933
MAPK8,BDNF,933
CXCL12,BDNF,558
CXCL12,BDNF,558
INS,BDNF,720
INS,BDNF,720
CTNND1,BDNF,906
CTNND1,BDNF,906
DLG4,BDNF,875
DLG4,BDNF,875
CDC42,BDNF,943
CDC42,BDNF,943
IL6,BDNF,794
IL6,BDNF,794
CXCR4,BDNF,518
CXCR4,BDNF,518
CREB1,BDNF,890
CREB1,BDNF,890
IGF2,BDNF,522
IGF2,BDNF,522
FGFR1,BDNF,746
FGFR1,BDNF,746
MAPK9,BDNF,917
MAPK9,BDNF,917
TNF,BDNF,747
TNF,BDNF,747
RHOA,BDNF,562
RHOA,BDNF,562
SHC1,BDNF,950
SHC1,BDNF,950
ESR1,BDNF,678
ESR1,BDNF,678
HRAS,BDNF,941
HRAS,BDNF,941
FGFR2,BDNF,682
FGFR2,BDNF,682
IL10,BDNF,675
IL10,BDNF,675
HGF,NCK1,910
HGF,NCK1,910
MAPK14,NCK1,917
MAPK14,NCK1,917
RAC2,NCK1,513
RAC2,NCK1,513
PDGFRA,NCK1,691
PDGFRA,NCK1,691
PDGFRB,NCK1,991
PDGFRB,NCK1,991
FLT4,NCK1,557
FLT4,NCK1,557
GAB1,NCK1,934
GAB1,NCK1,934
KDR,NCK1,999
KDR,NCK1,999
CBL,NCK1,992
CBL,NCK1,992
ZAP70,NCK1,743
ZAP70,NCK1,743
ERBB3,NCK1,531
ERBB3,NCK1,531
PXN,NCK1,989
PXN,NCK1,989
RASA1,NCK1,980
RASA1,NCK1,980
EGFR,NCK1,994
EGFR,NCK1,994
PAK1,NCK1,999
PAK1,NCK1,999
FLT1,NCK1,972
FLT1,NCK1,972
HPGDS,NCK1,710
HPGDS,NCK1,710
ARF6,NCK1,928
ARF6,NCK1,928
CRK,NCK1,933
CRK,NCK1,933
IRS1,NCK1,819
IRS1,NCK1,819
CYCS,NCK1,729
CYCS,NCK1,729
PRKACA,NCK1,900
PRKACA,NCK1,900
MET,NCK1,931
MET,NCK1,931
PPP2R1A,NCK1,737
PPP2R1A,NCK1,737
SOCS1,NCK1,511
SOCS1,NCK1,511
PDGFB,NCK1,913
PDGFB,NCK1,913
LCK,NCK1,939
LCK,NCK1,939
PTK2,NCK1,990
PTK2,NCK1,990
ERBB4,NCK1,826
ERBB4,NCK1,826
PDGFA,NCK1,633
PDGFA,NCK1,633
FYN,NCK1,958
FYN,NCK1,958
FN1,NCK1,533
FN1,NCK1,533
RET,NCK1,932
RET,NCK1,932
RAC1,NCK1,961
RAC1,NCK1,961
EPHA2,NCK1,929
EPHA2,NCK1,929
CD247,NCK1,656
CD247,NCK1,656
PTPN1,NCK1,905
PTPN1,NCK1,905
ABL1,NCK1,859
ABL1,NCK1,859
SRC,NCK1,947
SRC,NCK1,947
SYK,NCK1,819
SYK,NCK1,819
CTTN,NCK1,982
CTTN,NCK1,982
DNM2,NCK1,517
DNM2,NCK1,517
GRB2,NCK1,592
GRB2,NCK1,592
MAPK8,NCK1,919
MAPK8,NCK1,919
CDC42,NCK1,998
CDC42,NCK1,998
BCAR1,NCK1,993
BCAR1,NCK1,993
RHOA,NCK1,535
RHOA,NCK1,535
HRAS,NCK1,937
HRAS,NCK1,937
MAPK1,PPP2CA,935
MAPK1,PPP2CA,935
GAPDH,PPP2CA,595
GAPDH,PPP2CA,595
RAF1,PPP2CA,964
RAF1,PPP2CA,964
KRAS,PPP2CA,937
KRAS,PPP2CA,937
CCNB1,PPP2CA,788
CCNB1,PPP2CA,788
MDM2,PPP2CA,924
MDM2,PPP2CA,924
AXIN1,PPP2CA,992
AXIN1,PPP2CA,992
MAPK3,PPP2CA,951
MAPK3,PPP2CA,951
AKT3,PPP2CA,944
AKT3,PPP2CA,944
CBL,PPP2CA,659
CBL,PPP2CA,659
EGF,PPP2CA,925
EGF,PPP2CA,925
RB1,PPP2CA,916
RB1,PPP2CA,916
PXN,PPP2CA,620
PXN,PPP2CA,620
TP53,PPP2CA,871
TP53,PPP2CA,871
RPS27A,PPP2CA,641
RPS27A,PPP2CA,641
CCNA2,PPP2CA,737
CCNA2,PPP2CA,737
EGFR,PPP2CA,923
EGFR,PPP2CA,923
WNT3A,PPP2CA,910
WNT3A,PPP2CA,910
WNT1,PPP2CA,906
WNT1,PPP2CA,906
LRRK2,PPP2CA,506
LRRK2,PPP2CA,506
MAP2K1,PPP2CA,976
MAP2K1,PPP2CA,976
INSR,PPP2CA,911
INSR,PPP2CA,911
UBB,PPP2CA,638
UBB,PPP2CA,638
CXCL8,PPP2CA,905
CXCL8,PPP2CA,905
CYCS,PPP2CA,921
CYCS,PPP2CA,921
PPP2R1A,PPP2CA,999
PPP2R1A,PPP2CA,999
HSP90AA1,PPP2CA,561
HSP90AA1,PPP2CA,561
LCK,PPP2CA,921
LCK,PPP2CA,921
CAV1,PPP2CA,537
CAV1,PPP2CA,537
MAPT,PPP2CA,984
MAPT,PPP2CA,984
PTPN11,PPP2CA,918
PTPN11,PPP2CA,918
CTNNB1,PPP2CA,819
CTNNB1,PPP2CA,819
FYN,PPP2CA,919
FYN,PPP2CA,919
TGFBR2,PPP2CA,829
TGFBR2,PPP2CA,829
MTOR,PPP2CA,946
MTOR,PPP2CA,946
NRAS,PPP2CA,931
NRAS,PPP2CA,931
CHUK,PPP2CA,523
CHUK,PPP2CA,523
YWHAB,PPP2CA,945
YWHAB,PPP2CA,945
SRC,PPP2CA,939
SRC,PPP2CA,939
PRKCZ,PPP2CA,743
PRKCZ,PPP2CA,743
AKT2,PPP2CA,947
AKT2,PPP2CA,947
GRB2,PPP2CA,667
GRB2,PPP2CA,667
CDK1,PPP2CA,822
CDK1,PPP2CA,822
YWHAZ,PPP2CA,938
YWHAZ,PPP2CA,938
INS,PPP2CA,921
INS,PPP2CA,921
RELA,PPP2CA,823
RELA,PPP2CA,823
UBA52,PPP2CA,629
UBA52,PPP2CA,629
SHC1,PPP2CA,500
SHC1,PPP2CA,500
ARRB2,PPP2CA,920
ARRB2,PPP2CA,920
ESR1,PPP2CA,618
ESR1,PPP2CA,618
HRAS,PPP2CA,935
HRAS,PPP2CA,935
PRKCA,PPP2CA,715
PRKCA,PPP2CA,715
ARRB1,PPP2CA,917
ARRB1,PPP2CA,917
NCK1,PPP2CA,757
NCK1,PPP2CA,757
CD4,CDKN2A,607
CD4,CDKN2A,607
GNA11,CDKN2A,583
GNA11,CDKN2A,583
MAPK1,CDKN2A,629
MAPK1,CDKN2A,629
NFKBIA,CDKN2A,507
NFKBIA,CDKN2A,507
HGF,CDKN2A,511
HGF,CDKN2A,511
CCND1,CDKN2A,997
CCND1,CDKN2A,997
CDKN1B,CDKN2A,905
CDKN1B,CDKN2A,905
GAPDH,CDKN2A,683
GAPDH,CDKN2A,683
MAPK14,CDKN2A,891
MAPK14,CDKN2A,891
RAF1,CDKN2A,546
RAF1,CDKN2A,546
KRAS,CDKN2A,965
KRAS,CDKN2A,965
CCNB1,CDKN2A,631
CCNB1,CDKN2A,631
PDGFRA,CDKN2A,689
PDGFRA,CDKN2A,689
CDK4,CDKN2A,999
CDK4,CDKN2A,999
MDM2,CDKN2A,999
MDM2,CDKN2A,999
CDH1,CDKN2A,709
CDH1,CDKN2A,709
PDGFRB,CDKN2A,521
PDGFRB,CDKN2A,521
MAPK3,CDKN2A,678
MAPK3,CDKN2A,678
EP300,CDKN2A,609
EP300,CDKN2A,609
KDR,CDKN2A,511
KDR,CDKN2A,511
PIK3CA,CDKN2A,977
PIK3CA,CDKN2A,977
STAT3,CDKN2A,575
STAT3,CDKN2A,575
EGF,CDKN2A,600
EGF,CDKN2A,600
ERBB3,CDKN2A,645
ERBB3,CDKN2A,645
RB1,CDKN2A,975
RB1,CDKN2A,975
PXN,CDKN2A,705
PXN,CDKN2A,705
TP53,CDKN2A,999
TP53,CDKN2A,999
ERBB2,CDKN2A,726
ERBB2,CDKN2A,726
RPS27A,CDKN2A,951
RPS27A,CDKN2A,951
CCNA2,CDKN2A,751
CCNA2,CDKN2A,751
EGFR,CDKN2A,805
EGFR,CDKN2A,805
ATM,CDKN2A,750
ATM,CDKN2A,750
FBXW7,CDKN2A,641
FBXW7,CDKN2A,641
GNAQ,CDKN2A,632
GNAQ,CDKN2A,632
PPARG,CDKN2A,518
PPARG,CDKN2A,518
KIT,CDKN2A,665
KIT,CDKN2A,665
ALB,CDKN2A,549
ALB,CDKN2A,549
ANXA5,CDKN2A,543
ANXA5,CDKN2A,543
CSF2,CDKN2A,507
CSF2,CDKN2A,507
NPM1,CDKN2A,998
NPM1,CDKN2A,998
ARF6,CDKN2A,695
ARF6,CDKN2A,695
MAP2K1,CDKN2A,569
MAP2K1,CDKN2A,569
BCL2L1,CDKN2A,976
BCL2L1,CDKN2A,976
IGF1,CDKN2A,505
IGF1,CDKN2A,505
HSPA4,CDKN2A,564
HSPA4,CDKN2A,564
UBB,CDKN2A,914
UBB,CDKN2A,914
FOS,CDKN2A,525
FOS,CDKN2A,525
CXCL8,CDKN2A,505
CXCL8,CDKN2A,505
TERT,CDKN2A,779
TERT,CDKN2A,779
CD34,CDKN2A,517
CD34,CDKN2A,517
CASP3,CDKN2A,621
CASP3,CDKN2A,621
MET,CDKN2A,560
MET,CDKN2A,560
EZH2,CDKN2A,723
EZH2,CDKN2A,723
SOX2,CDKN2A,565
SOX2,CDKN2A,565
PGR,CDKN2A,567
PGR,CDKN2A,567
CSF1,CDKN2A,664
CSF1,CDKN2A,664
SP1,CDKN2A,741
SP1,CDKN2A,741
SOCS1,CDKN2A,594
SOCS1,CDKN2A,594
SMAD3,CDKN2A,938
SMAD3,CDKN2A,938
HSP90AA1,CDKN2A,710
HSP90AA1,CDKN2A,710
FGFR3,CDKN2A,667
FGFR3,CDKN2A,667
SMAD4,CDKN2A,975
SMAD4,CDKN2A,975
ERBB4,CDKN2A,516
ERBB4,CDKN2A,516
CTNNB1,CDKN2A,893
CTNNB1,CDKN2A,893
FN1,CDKN2A,511
FN1,CDKN2A,511
RET,CDKN2A,568
RET,CDKN2A,568
NF1,CDKN2A,722
NF1,CDKN2A,722
CASP8,CDKN2A,578
CASP8,CDKN2A,578
TGFBR2,CDKN2A,524
TGFBR2,CDKN2A,524
MTOR,CDKN2A,619
MTOR,CDKN2A,619
BECN1,CDKN2A,673
BECN1,CDKN2A,673
PTGS2,CDKN2A,505
PTGS2,CDKN2A,505
MCL1,CDKN2A,526
MCL1,CDKN2A,526
NRAS,CDKN2A,937
NRAS,CDKN2A,937
JUN,CDKN2A,563
JUN,CDKN2A,563
PTEN,CDKN2A,834
PTEN,CDKN2A,834
MMP9,CDKN2A,505
MMP9,CDKN2A,505
ABL1,CDKN2A,962
ABL1,CDKN2A,962
HDAC1,CDKN2A,967
HDAC1,CDKN2A,967
SRC,CDKN2A,592
SRC,CDKN2A,592
AR,CDKN2A,603
AR,CDKN2A,603
CD274,CDKN2A,560
CD274,CDKN2A,560
JAK2,CDKN2A,592
JAK2,CDKN2A,592
ALK,CDKN2A,637
ALK,CDKN2A,637
BCL2L11,CDKN2A,518
BCL2L11,CDKN2A,518
CDK1,CDKN2A,643
CDK1,CDKN2A,643
MAPK8,CDKN2A,643
MAPK8,CDKN2A,643
INS,CDKN2A,561
INS,CDKN2A,561
CDC42,CDKN2A,584
CDC42,CDKN2A,584
RELA,CDKN2A,752
RELA,CDKN2A,752
CDKN1A,CDKN2A,942
CDKN1A,CDKN2A,942
IL6,CDKN2A,602
IL6,CDKN2A,602
CD8A,CDKN2A,518
CD8A,CDKN2A,518
UBA52,CDKN2A,908
UBA52,CDKN2A,908
JAK3,CDKN2A,510
JAK3,CDKN2A,510
IGF2,CDKN2A,601
IGF2,CDKN2A,601
FGFR1,CDKN2A,600
FGFR1,CDKN2A,600
SMARCA4,CDKN2A,871
SMARCA4,CDKN2A,871
CD44,CDKN2A,571
CD44,CDKN2A,571
TNF,CDKN2A,559
TNF,CDKN2A,559
RHOA,CDKN2A,596
RHOA,CDKN2A,596
ESR1,CDKN2A,672
ESR1,CDKN2A,672
HRAS,CDKN2A,973
HRAS,CDKN2A,973
FGFR2,CDKN2A,565
FGFR2,CDKN2A,565
CCND1,BRCA1,985
CCND1,BRCA1,985
CDKN1B,BRCA1,520
CDKN1B,BRCA1,520
GAPDH,BRCA1,575
GAPDH,BRCA1,575
NR3C1,BRCA1,666
NR3C1,BRCA1,666
KRAS,BRCA1,686
KRAS,BRCA1,686
CCNB1,BRCA1,910
CCNB1,BRCA1,910
CDK4,BRCA1,973
CDK4,BRCA1,973
MDM2,BRCA1,675
MDM2,BRCA1,675
CDH1,BRCA1,703
CDH1,BRCA1,703
MAPK3,BRCA1,537
MAPK3,BRCA1,537
EP300,BRCA1,984
EP300,BRCA1,984
EPCAM,BRCA1,538
EPCAM,BRCA1,538
AKT3,BRCA1,868
AKT3,BRCA1,868
PIK3CA,BRCA1,705
PIK3CA,BRCA1,705
STAT3,BRCA1,584
STAT3,BRCA1,584
EGF,BRCA1,522
EGF,BRCA1,522
RB1,BRCA1,913
RB1,BRCA1,913
TP53,BRCA1,999
TP53,BRCA1,999
ERBB2,BRCA1,856
ERBB2,BRCA1,856
RPS27A,BRCA1,942
RPS27A,BRCA1,942
CCNA2,BRCA1,843
CCNA2,BRCA1,843
EGFR,BRCA1,837
EGFR,BRCA1,837
ATM,BRCA1,999
ATM,BRCA1,999
PPARG,BRCA1,520
PPARG,BRCA1,520
KIT,BRCA1,503
KIT,BRCA1,503
ALB,BRCA1,512
ALB,BRCA1,512
ANXA5,BRCA1,510
ANXA5,BRCA1,510
NPM1,BRCA1,627
NPM1,BRCA1,627
UBB,BRCA1,929
UBB,BRCA1,929
TERT,BRCA1,621
TERT,BRCA1,621
CASP3,BRCA1,674
CASP3,BRCA1,674
EZH2,BRCA1,952
EZH2,BRCA1,952
PGR,BRCA1,897
PGR,BRCA1,897
SP1,BRCA1,858
SP1,BRCA1,858
CASP9,BRCA1,507
CASP9,BRCA1,507
SMAD3,BRCA1,710
SMAD3,BRCA1,710
HSP90AA1,BRCA1,740
HSP90AA1,BRCA1,740
STAT5A,BRCA1,954
STAT5A,BRCA1,954
SMAD4,BRCA1,636
SMAD4,BRCA1,636
JAK1,BRCA1,728
JAK1,BRCA1,728
CTNNB1,BRCA1,696
CTNNB1,BRCA1,696
NF1,BRCA1,970
NF1,BRCA1,970
STAT1,BRCA1,906
STAT1,BRCA1,906
BECN1,BRCA1,561
BECN1,BRCA1,561
PARP1,BRCA1,942
PARP1,BRCA1,942
EZR,BRCA1,605
EZR,BRCA1,605
MKI67,BRCA1,665
MKI67,BRCA1,665
FLNA,BRCA1,944
FLNA,BRCA1,944
XIAP,BRCA1,881
XIAP,BRCA1,881
JUN,BRCA1,892
JUN,BRCA1,892
PTEN,BRCA1,812
PTEN,BRCA1,812
ABL1,BRCA1,788
ABL1,BRCA1,788
HDAC1,BRCA1,795
HDAC1,BRCA1,795
AR,BRCA1,928
AR,BRCA1,928
GATA3,BRCA1,952
GATA3,BRCA1,952
CD274,BRCA1,508
CD274,BRCA1,508
JAK2,BRCA1,544
JAK2,BRCA1,544
ALK,BRCA1,505
ALK,BRCA1,505
AKT2,BRCA1,873
AKT2,BRCA1,873
CDK1,BRCA1,906
CDK1,BRCA1,906
INS,BRCA1,501
INS,BRCA1,501
RELA,BRCA1,960
RELA,BRCA1,960
CDKN1A,BRCA1,709
CDKN1A,BRCA1,709
XPO1,BRCA1,591
XPO1,BRCA1,591
FOXO3,BRCA1,585
FOXO3,BRCA1,585
CREB1,BRCA1,645
CREB1,BRCA1,645
UBA52,BRCA1,904
UBA52,BRCA1,904
SMARCA4,BRCA1,995
SMARCA4,BRCA1,995
CD44,BRCA1,502
CD44,BRCA1,502
ESR1,BRCA1,999
ESR1,BRCA1,999
HRAS,BRCA1,700
HRAS,BRCA1,700
FGFR2,BRCA1,557
FGFR2,BRCA1,557
CDKN2A,BRCA1,785
CDKN2A,BRCA1,785
NGFR,PROM1,603
NGFR,PROM1,603
HGF,PROM1,567
HGF,PROM1,567
CSF3,PROM1,601
CSF3,PROM1,601
CCND1,PROM1,571
CCND1,PROM1,571
GAPDH,PROM1,624
GAPDH,PROM1,624
NANOG,PROM1,846
NANOG,PROM1,846
SNAI1,PROM1,667
SNAI1,PROM1,667
SOX9,PROM1,603
SOX9,PROM1,603
KRAS,PROM1,632
KRAS,PROM1,632
POU5F1,PROM1,868
POU5F1,PROM1,868
CDH1,PROM1,723
CDH1,PROM1,723
PDGFRB,PROM1,504
PDGFRB,PROM1,504
EPCAM,PROM1,857
EPCAM,PROM1,857
KDR,PROM1,814
KDR,PROM1,814
FGF2,PROM1,811
FGF2,PROM1,811
STAT3,PROM1,650
STAT3,PROM1,650
EGF,PROM1,796
EGF,PROM1,796
CDH2,PROM1,639
CDH2,PROM1,639
TP53,PROM1,661
TP53,PROM1,661
ERBB2,PROM1,604
ERBB2,PROM1,604
EGFR,PROM1,735
EGFR,PROM1,735
FLT1,PROM1,517
FLT1,PROM1,517
KIT,PROM1,795
KIT,PROM1,795
ALB,PROM1,673
ALB,PROM1,673
ANXA5,PROM1,596
ANXA5,PROM1,596
SHH,PROM1,636
SHH,PROM1,636
CXCL8,PROM1,502
CXCL8,PROM1,502
CD34,PROM1,894
CD34,PROM1,894
CASP3,PROM1,575
CASP3,PROM1,575
HNF4A,PROM1,502
HNF4A,PROM1,502
MET,PROM1,621
MET,PROM1,621
FGF13,PROM1,523
FGF13,PROM1,523
SOX2,PROM1,864
SOX2,PROM1,864
CDH5,PROM1,685
CDH5,PROM1,685
CTNNB1,PROM1,871
CTNNB1,PROM1,871
FN1,PROM1,647
FN1,PROM1,647
NES,PROM1,864
NES,PROM1,864
MKI67,PROM1,581
MKI67,PROM1,581
PTEN,PROM1,670
PTEN,PROM1,670
MMP9,PROM1,544
MMP9,PROM1,544
SRC,PROM1,592
SRC,PROM1,592
CXCL12,PROM1,681
CXCL12,PROM1,681
ITGB1,PROM1,733
ITGB1,PROM1,733
SNAI2,PROM1,623
SNAI2,PROM1,623
INS,PROM1,588
INS,PROM1,588
IL6,PROM1,563
IL6,PROM1,563
CXCR4,PROM1,749
CXCR4,PROM1,749
CD44,PROM1,892
CD44,PROM1,892
HRAS,PROM1,556
HRAS,PROM1,556
PTPRC,PROM1,813
PTPRC,PROM1,813
GNA11,PIK3R1,925
GNA11,PIK3R1,925
FGF4,PIK3R1,517
FGF4,PIK3R1,517
NGFR,PIK3R1,905
NGFR,PIK3R1,905
VCL,PIK3R1,907
VCL,PIK3R1,907
NFKBIA,PIK3R1,961
NFKBIA,PIK3R1,961
CSK,PIK3R1,926
CSK,PIK3R1,926
EPOR,PIK3R1,976
EPOR,PIK3R1,976
PIK3R2,PIK3R1,975
PIK3R2,PIK3R1,975
HGF,PIK3R1,919
HGF,PIK3R1,919
IL2,PIK3R1,920
IL2,PIK3R1,920
IFNG,PIK3R1,909
IFNG,PIK3R1,909
GAPDH,PIK3R1,609
GAPDH,PIK3R1,609
HBEGF,PIK3R1,908
HBEGF,PIK3R1,908
IL4,PIK3R1,927
IL4,PIK3R1,927
IL5,PIK3R1,916
IL5,PIK3R1,916
NR3C1,PIK3R1,928
NR3C1,PIK3R1,928
PLEK,PIK3R1,512
PLEK,PIK3R1,512
PLCG1,PIK3R1,849
PLCG1,PIK3R1,849
EREG,PIK3R1,534
EREG,PIK3R1,534
RAC2,PIK3R1,707
RAC2,PIK3R1,707
RAF1,PIK3R1,868
RAF1,PIK3R1,868
EPO,PIK3R1,642
EPO,PIK3R1,642
KRAS,PIK3R1,959
KRAS,PIK3R1,959
PDGFRA,PIK3R1,990
PDGFRA,PIK3R1,990
TLR2,PIK3R1,927
TLR2,PIK3R1,927
CDH1,PIK3R1,940
CDH1,PIK3R1,940
PDGFRB,PIK3R1,998
PDGFRB,PIK3R1,998
FLT4,PIK3R1,950
FLT4,PIK3R1,950
PIK3R3,PIK3R1,920
PIK3R3,PIK3R1,920
GAB1,PIK3R1,993
GAB1,PIK3R1,993
EP300,PIK3R1,654
EP300,PIK3R1,654
IL1B,PIK3R1,921
IL1B,PIK3R1,921
AKT3,PIK3R1,900
AKT3,PIK3R1,900
IL7,PIK3R1,649
IL7,PIK3R1,649
KDR,PIK3R1,951
KDR,PIK3R1,951
PIK3CA,PIK3R1,999
PIK3CA,PIK3R1,999
CBL,PIK3R1,999
CBL,PIK3R1,999
FGF2,PIK3R1,600
FGF2,PIK3R1,600
STAT3,PIK3R1,954
STAT3,PIK3R1,954
FGF10,PIK3R1,525
FGF10,PIK3R1,525
ZAP70,PIK3R1,893
ZAP70,PIK3R1,893
EGF,PIK3R1,957
EGF,PIK3R1,957
ERBB3,PIK3R1,999
ERBB3,PIK3R1,999
PXN,PIK3R1,973
PXN,PIK3R1,973
FGF7,PIK3R1,519
FGF7,PIK3R1,519
CDH2,PIK3R1,938
CDH2,PIK3R1,938
TP53,PIK3R1,619
TP53,PIK3R1,619
ERBB2,PIK3R1,996
ERBB2,PIK3R1,996
EGFR,PIK3R1,997
EGFR,PIK3R1,997
NTRK2,PIK3R1,746
NTRK2,PIK3R1,746
FLT1,PIK3R1,985
FLT1,PIK3R1,985
GNAQ,PIK3R1,794
GNAQ,PIK3R1,794
KIT,PIK3R1,997
KIT,PIK3R1,997
FGFR4,PIK3R1,754
FGFR4,PIK3R1,754
STAT5B,PIK3R1,513
STAT5B,PIK3R1,513
FGF19,PIK3R1,538
FGF19,PIK3R1,538
TGFA,PIK3R1,557
TGFA,PIK3R1,557
IL3,PIK3R1,919
IL3,PIK3R1,919
CSF2,PIK3R1,911
CSF2,PIK3R1,911
ARF6,PIK3R1,911
ARF6,PIK3R1,911
CRK,PIK3R1,992
CRK,PIK3R1,992
MAP2K1,PIK3R1,944
MAP2K1,PIK3R1,944
IGF1,PIK3R1,949
IGF1,PIK3R1,949
INSR,PIK3R1,995
INSR,PIK3R1,995
CTNNA1,PIK3R1,920
CTNNA1,PIK3R1,920
IRS1,PIK3R1,999
IRS1,PIK3R1,999
MET,PIK3R1,971
MET,PIK3R1,971
HSPA5,PIK3R1,569
HSPA5,PIK3R1,569
PPP2R1A,PIK3R1,575
PPP2R1A,PIK3R1,575
CD28,PIK3R1,993
CD28,PIK3R1,993
PGR,PIK3R1,860
PGR,PIK3R1,860
SP1,PIK3R1,907
SP1,PIK3R1,907
SOCS1,PIK3R1,846
SOCS1,PIK3R1,846
SOCS3,PIK3R1,925
SOCS3,PIK3R1,925
PDGFB,PIK3R1,935
PDGFB,PIK3R1,935
FGF3,PIK3R1,552
FGF3,PIK3R1,552
HSP90AA1,PIK3R1,692
HSP90AA1,PIK3R1,692
LCK,PIK3R1,984
LCK,PIK3R1,984
CAV1,PIK3R1,934
CAV1,PIK3R1,934
FGFR3,PIK3R1,945
FGFR3,PIK3R1,945
MAPT,PIK3R1,548
MAPT,PIK3R1,548
PTPN11,PIK3R1,998
PTPN11,PIK3R1,998
PTK2,PIK3R1,995
PTK2,PIK3R1,995
ERBB4,PIK3R1,949
ERBB4,PIK3R1,949
JAK1,PIK3R1,975
JAK1,PIK3R1,975
CTNNB1,PIK3R1,993
CTNNB1,PIK3R1,993
CRKL,PIK3R1,991
CRKL,PIK3R1,991
PDGFA,PIK3R1,917
PDGFA,PIK3R1,917
FYN,PIK3R1,994
FYN,PIK3R1,994
RET,PIK3R1,973
RET,PIK3R1,973
FAS,PIK3R1,930
FAS,PIK3R1,930
RAC1,PIK3R1,970
RAC1,PIK3R1,970
NF1,PIK3R1,612
NF1,PIK3R1,612
EPHA2,PIK3R1,943
EPHA2,PIK3R1,943
CASP8,PIK3R1,977
CASP8,PIK3R1,977
TGFBR2,PIK3R1,777
TGFBR2,PIK3R1,777
PIK3CG,PIK3R1,995
PIK3CG,PIK3R1,995
STAT1,PIK3R1,940
STAT1,PIK3R1,940
MTOR,PIK3R1,965
MTOR,PIK3R1,965
CD247,PIK3R1,912
CD247,PIK3R1,912
GAB2,PIK3R1,996
GAB2,PIK3R1,996
BECN1,PIK3R1,785
BECN1,PIK3R1,785
MCL1,PIK3R1,934
MCL1,PIK3R1,934
NGF,PIK3R1,919
NGF,PIK3R1,919
NRAS,PIK3R1,961
NRAS,PIK3R1,961
PTPN1,PIK3R1,940
PTPN1,PIK3R1,940
PTEN,PIK3R1,999
PTEN,PIK3R1,999
ABL1,PIK3R1,921
ABL1,PIK3R1,921
SRC,PIK3R1,999
SRC,PIK3R1,999
TLR4,PIK3R1,848
TLR4,PIK3R1,848
FGR,PIK3R1,708
FGR,PIK3R1,708
AR,PIK3R1,998
AR,PIK3R1,998
SYK,PIK3R1,973
SYK,PIK3R1,973
IRS2,PIK3R1,999
IRS2,PIK3R1,999
PIK3CD,PIK3R1,999
PIK3CD,PIK3R1,999
PRKCZ,PIK3R1,939
PRKCZ,PIK3R1,939
IL6ST,PIK3R1,757
IL6ST,PIK3R1,757
JAK2,PIK3R1,984
JAK2,PIK3R1,984
ALK,PIK3R1,844
ALK,PIK3R1,844
AKT2,PIK3R1,910
AKT2,PIK3R1,910
GRB2,PIK3R1,999
GRB2,PIK3R1,999
MAPK8,PIK3R1,791
MAPK8,PIK3R1,791
AREG,PIK3R1,518
AREG,PIK3R1,518
CXCL12,PIK3R1,914
CXCL12,PIK3R1,914
YWHAZ,PIK3R1,962
YWHAZ,PIK3R1,962
ITGB1,PIK3R1,947
ITGB1,PIK3R1,947
INS,PIK3R1,962
INS,PIK3R1,962
PTK2B,PIK3R1,606
PTK2B,PIK3R1,606
ITGB2,PIK3R1,627
ITGB2,PIK3R1,627
CTNND1,PIK3R1,904
CTNND1,PIK3R1,904
CDC42,PIK3R1,996
CDC42,PIK3R1,996
RELA,PIK3R1,923
RELA,PIK3R1,923
CDKN1A,PIK3R1,920
CDKN1A,PIK3R1,920
FOXO3,PIK3R1,584
FOXO3,PIK3R1,584
CXCR4,PIK3R1,922
CXCR4,PIK3R1,922
CREB1,PIK3R1,936
CREB1,PIK3R1,936
PTPN6,PIK3R1,979
PTPN6,PIK3R1,979
BCAR1,PIK3R1,945
BCAR1,PIK3R1,945
JAK3,PIK3R1,943
JAK3,PIK3R1,943
FGFR1,PIK3R1,977
FGFR1,PIK3R1,977
SMARCA4,PIK3R1,517
SMARCA4,PIK3R1,517
RHOA,PIK3R1,932
RHOA,PIK3R1,932
SHC1,PIK3R1,993
SHC1,PIK3R1,993
ESR1,PIK3R1,999
ESR1,PIK3R1,999
HRAS,PIK3R1,994
HRAS,PIK3R1,994
FGFR2,PIK3R1,979
FGFR2,PIK3R1,979
BDNF,PIK3R1,917
BDNF,PIK3R1,917
NCK1,PIK3R1,640
NCK1,PIK3R1,640
CDKN2A,PIK3R1,948
CDKN2A,PIK3R1,948
BRCA1,PIK3R1,648
BRCA1,PIK3R1,648
NGFR,ANGPT1,683
NGFR,ANGPT1,683
MMP2,ANGPT1,952
MMP2,ANGPT1,952
PIK3R2,ANGPT1,692
PIK3R2,ANGPT1,692
HGF,ANGPT1,701
HGF,ANGPT1,701
CSF3,ANGPT1,521
CSF3,ANGPT1,521
CCL2,ANGPT1,519
CCL2,ANGPT1,519
MAPK14,ANGPT1,914
MAPK14,ANGPT1,914
EPO,ANGPT1,513
EPO,ANGPT1,513
KRAS,ANGPT1,918
KRAS,ANGPT1,918
PDGFRA,ANGPT1,748
PDGFRA,ANGPT1,748
THBS1,ANGPT1,621
THBS1,ANGPT1,621
PDGFRB,ANGPT1,839
PDGFRB,ANGPT1,839
FLT4,ANGPT1,846
FLT4,ANGPT1,846
IL1B,ANGPT1,504
IL1B,ANGPT1,504
KDR,ANGPT1,911
KDR,ANGPT1,911
PIK3CA,ANGPT1,912
PIK3CA,ANGPT1,912
FGF2,ANGPT1,754
FGF2,ANGPT1,754
ICAM1,ANGPT1,527
ICAM1,ANGPT1,527
EGF,ANGPT1,603
EGF,ANGPT1,603
ERBB3,ANGPT1,676
ERBB3,ANGPT1,676
FGF7,ANGPT1,592
FGF7,ANGPT1,592
ERBB2,ANGPT1,696
ERBB2,ANGPT1,696
RASA1,ANGPT1,916
RASA1,ANGPT1,916
EGFR,ANGPT1,739
EGFR,ANGPT1,739
NTRK2,ANGPT1,656
NTRK2,ANGPT1,656
FLT1,ANGPT1,894
FLT1,ANGPT1,894
KIT,ANGPT1,818
KIT,ANGPT1,818
FGFR4,ANGPT1,669
FGFR4,ANGPT1,669
ALB,ANGPT1,503
ALB,ANGPT1,503
CRK,ANGPT1,906
CRK,ANGPT1,906
IGF1,ANGPT1,579
IGF1,ANGPT1,579
INSR,ANGPT1,618
INSR,ANGPT1,618
CXCL8,ANGPT1,594
CXCL8,ANGPT1,594
CD34,ANGPT1,617
CD34,ANGPT1,617
MET,ANGPT1,726
MET,ANGPT1,726
FGF13,ANGPT1,586
FGF13,ANGPT1,586
PDGFB,ANGPT1,690
PDGFB,ANGPT1,690
FGFR3,ANGPT1,688
FGFR3,ANGPT1,688
PTPN11,ANGPT1,921
PTPN11,ANGPT1,921
ERBB4,ANGPT1,668
ERBB4,ANGPT1,668
CDH5,ANGPT1,688
CDH5,ANGPT1,688
FN1,ANGPT1,966
FN1,ANGPT1,966
EPHA2,ANGPT1,663
EPHA2,ANGPT1,663
NRAS,ANGPT1,906
NRAS,ANGPT1,906
MMP9,ANGPT1,595
MMP9,ANGPT1,595
EDN1,ANGPT1,513
EDN1,ANGPT1,513
GRB2,ANGPT1,915
GRB2,ANGPT1,915
SPP1,ANGPT1,529
SPP1,ANGPT1,529
MAPK8,ANGPT1,910
MAPK8,ANGPT1,910
CXCL12,ANGPT1,685
CXCL12,ANGPT1,685
ITGB1,ANGPT1,945
ITGB1,ANGPT1,945
RELA,ANGPT1,904
RELA,ANGPT1,904
IL6,ANGPT1,563
IL6,ANGPT1,563
CXCR4,ANGPT1,568
CXCR4,ANGPT1,568
FGFR1,ANGPT1,733
FGFR1,ANGPT1,733
TNF,ANGPT1,601
TNF,ANGPT1,601
SHC1,ANGPT1,930
SHC1,ANGPT1,930
HRAS,ANGPT1,922
HRAS,ANGPT1,922
FGFR2,ANGPT1,701
FGFR2,ANGPT1,701
NCK1,ANGPT1,915
NCK1,ANGPT1,915
PIK3R1,ANGPT1,915
PIK3R1,ANGPT1,915
CD4,LYN,521
CD4,LYN,521
MAPK1,LYN,948
MAPK1,LYN,948
CSK,LYN,930
CSK,LYN,930
EPOR,LYN,989
EPOR,LYN,989
PIK3R2,LYN,869
PIK3R2,LYN,869
CCND1,LYN,925
CCND1,LYN,925
CDKN1B,LYN,938
CDKN1B,LYN,938
MAPK14,LYN,932
MAPK14,LYN,932
IL5,LYN,949
IL5,LYN,949
PLEK,LYN,647
PLEK,LYN,647
PLCG1,LYN,971
PLCG1,LYN,971
RAC2,LYN,544
RAC2,LYN,544
RAF1,LYN,938
RAF1,LYN,938
EPO,LYN,929
EPO,LYN,929
KRAS,LYN,968
KRAS,LYN,968
CDK4,LYN,927
CDK4,LYN,927
TLR2,LYN,825
TLR2,LYN,825
PDGFRB,LYN,921
PDGFRB,LYN,921
PIK3R3,LYN,874
PIK3R3,LYN,874
GAB1,LYN,797
GAB1,LYN,797
MAPK3,LYN,969
MAPK3,LYN,969
IL1B,LYN,582
IL1B,LYN,582
AKT3,LYN,721
AKT3,LYN,721
PIK3CA,LYN,933
PIK3CA,LYN,933
CBL,LYN,996
CBL,LYN,996
STAT3,LYN,982
STAT3,LYN,982
ZAP70,LYN,919
ZAP70,LYN,919
EGF,LYN,939
EGF,LYN,939
PXN,LYN,984
PXN,LYN,984
TP53,LYN,702
TP53,LYN,702
RASA1,LYN,937
RASA1,LYN,937
EGFR,LYN,981
EGFR,LYN,981
KIT,LYN,974
KIT,LYN,974
STAT5B,LYN,969
STAT5B,LYN,969
CSF2,LYN,951
CSF2,LYN,951
CRK,LYN,796
CRK,LYN,796
FOS,LYN,931
FOS,LYN,931
CXCL8,LYN,937
CXCL8,LYN,937
CASP3,LYN,511
CASP3,LYN,511
PPP2R1A,LYN,902
PPP2R1A,LYN,902
CD28,LYN,932
CD28,LYN,932
PDGFB,LYN,907
PDGFB,LYN,907
HSP90AA1,LYN,981
HSP90AA1,LYN,981
LCK,LYN,929
LCK,LYN,929
SNCA,LYN,925
SNCA,LYN,925
PTPN11,LYN,973
PTPN11,LYN,973
PTK2,LYN,974
PTK2,LYN,974
STAT5A,LYN,962
STAT5A,LYN,962
CRKL,LYN,903
CRKL,LYN,903
FYN,LYN,905
FYN,LYN,905
FN1,LYN,553
FN1,LYN,553
RAC1,LYN,933
RAC1,LYN,933
EPHA2,LYN,910
EPHA2,LYN,910
PIK3CG,LYN,882
PIK3CG,LYN,882
STAT1,LYN,945
STAT1,LYN,945
CD247,LYN,929
CD247,LYN,929
GAB2,LYN,990
GAB2,LYN,990
MCL1,LYN,559
MCL1,LYN,559
NRAS,LYN,958
NRAS,LYN,958
JUN,LYN,945
JUN,LYN,945
HSP90AB1,LYN,509
HSP90AB1,LYN,509
ABL1,LYN,908
ABL1,LYN,908
SRC,LYN,949
SRC,LYN,949
TLR4,LYN,818
TLR4,LYN,818
FGR,LYN,935
FGR,LYN,935
SYK,LYN,967
SYK,LYN,967
IRS2,LYN,841
IRS2,LYN,841
PIK3CD,LYN,899
PIK3CD,LYN,899
JAK2,LYN,880
JAK2,LYN,880
AKT2,LYN,729
AKT2,LYN,729
GRB2,LYN,934
GRB2,LYN,934
CDK1,LYN,890
CDK1,LYN,890
MAPK8,LYN,937
MAPK8,LYN,937
CXCL12,LYN,519
CXCL12,LYN,519
ITGB1,LYN,735
ITGB1,LYN,735
PTK2B,LYN,943
PTK2B,LYN,943
ITGB2,LYN,738
ITGB2,LYN,738
DLG4,LYN,549
DLG4,LYN,549
CDC42,LYN,664
CDC42,LYN,664
CDKN1A,LYN,914
CDKN1A,LYN,914
CXCR4,LYN,847
CXCR4,LYN,847
PTPN6,LYN,994
PTPN6,LYN,994
BCAR1,LYN,983
BCAR1,LYN,983
CD44,LYN,722
CD44,LYN,722
TNF,LYN,639
TNF,LYN,639
RHOA,LYN,945
RHOA,LYN,945
SHC1,LYN,984
SHC1,LYN,984
ARRB2,LYN,914
ARRB2,LYN,914
HRAS,LYN,969
HRAS,LYN,969
PRKCA,LYN,828
PRKCA,LYN,828
ARRB1,LYN,941
ARRB1,LYN,941
PTPRC,LYN,991
PTPRC,LYN,991
NCK1,LYN,656
NCK1,LYN,656
PPP2CA,LYN,920
PPP2CA,LYN,920
PIK3R1,LYN,947
PIK3R1,LYN,947
FGF4,NTRK1,669
FGF4,NTRK1,669
NGFR,NTRK1,999
NGFR,NTRK1,999
MAPK1,NTRK1,926
MAPK1,NTRK1,926
EPOR,NTRK1,706
EPOR,NTRK1,706
PIK3R2,NTRK1,853
PIK3R2,NTRK1,853
HGF,NTRK1,995
HGF,NTRK1,995
GAPDH,NTRK1,545
GAPDH,NTRK1,545
FGF23,NTRK1,639
FGF23,NTRK1,639
PLCG1,NTRK1,998
PLCG1,NTRK1,998
EREG,NTRK1,705
EREG,NTRK1,705
KRAS,NTRK1,635
KRAS,NTRK1,635
CDH1,NTRK1,595
CDH1,NTRK1,595
FLT4,NTRK1,538
FLT4,NTRK1,538
PIK3R3,NTRK1,833
PIK3R3,NTRK1,833
GAB1,NTRK1,959
GAB1,NTRK1,959
MAPK3,NTRK1,945
MAPK3,NTRK1,945
KDR,NTRK1,531
KDR,NTRK1,531
PIK3CA,NTRK1,958
PIK3CA,NTRK1,958
CBL,NTRK1,616
CBL,NTRK1,616
FGF2,NTRK1,984
FGF2,NTRK1,984
WNT5A,NTRK1,735
WNT5A,NTRK1,735
STAT3,NTRK1,955
STAT3,NTRK1,955
FGF10,NTRK1,680
FGF10,NTRK1,680
EGF,NTRK1,977
EGF,NTRK1,977
ERBB3,NTRK1,601
ERBB3,NTRK1,601
FGF7,NTRK1,863
FGF7,NTRK1,863
TP53,NTRK1,607
TP53,NTRK1,607
ERBB2,NTRK1,623
ERBB2,NTRK1,623
RASA1,NTRK1,931
RASA1,NTRK1,931
NTRK2,NTRK1,906
NTRK2,NTRK1,906
FLT1,NTRK1,561
FLT1,NTRK1,561
APP,NTRK1,954
APP,NTRK1,954
WNT1,NTRK1,555
WNT1,NTRK1,555
FGF19,NTRK1,671
FGF19,NTRK1,671
TGFA,NTRK1,697
TGFA,NTRK1,697
ALB,NTRK1,522
ALB,NTRK1,522
CRK,NTRK1,957
CRK,NTRK1,957
IGF1,NTRK1,994
IGF1,NTRK1,994
HSPA4,NTRK1,629
HSPA4,NTRK1,629
IRS1,NTRK1,978
IRS1,NTRK1,978
FOS,NTRK1,559
FOS,NTRK1,559
CD34,NTRK1,508
CD34,NTRK1,508
CASP3,NTRK1,529
CASP3,NTRK1,529
MET,NTRK1,515
MET,NTRK1,515
FGF8,NTRK1,682
FGF8,NTRK1,682
FGF13,NTRK1,658
FGF13,NTRK1,658
CSF1,NTRK1,933
CSF1,NTRK1,933
PDGFB,NTRK1,807
PDGFB,NTRK1,807
FGF3,NTRK1,678
FGF3,NTRK1,678
HSP90AA1,NTRK1,727
HSP90AA1,NTRK1,727
CAV1,NTRK1,880
CAV1,NTRK1,880
PTPN11,NTRK1,973
PTPN11,NTRK1,973
ERBB4,NTRK1,524
ERBB4,NTRK1,524
CDH5,NTRK1,505
CDH5,NTRK1,505
CTNNB1,NTRK1,645
CTNNB1,NTRK1,645
CRKL,NTRK1,921
CRKL,NTRK1,921
PDGFA,NTRK1,703
PDGFA,NTRK1,703
FN1,NTRK1,501
FN1,NTRK1,501
RET,NTRK1,566
RET,NTRK1,566
RAC1,NTRK1,927
RAC1,NTRK1,927
NF1,NTRK1,533
NF1,NTRK1,533
MTOR,NTRK1,552
MTOR,NTRK1,552
CCN2,NTRK1,951
CCN2,NTRK1,951
NGF,NTRK1,999
NGF,NTRK1,999
FLNA,NTRK1,519
FLNA,NTRK1,519
CHUK,NTRK1,907
CHUK,NTRK1,907
JUN,NTRK1,526
JUN,NTRK1,526
PTPN1,NTRK1,524
PTPN1,NTRK1,524
PTEN,NTRK1,598
PTEN,NTRK1,598
MMP9,NTRK1,814
MMP9,NTRK1,814
ABL1,NTRK1,964
ABL1,NTRK1,964
YWHAB,NTRK1,661
YWHAB,NTRK1,661
AR,NTRK1,510
AR,NTRK1,510
IRS2,NTRK1,794
IRS2,NTRK1,794
PIK3CD,NTRK1,849
PIK3CD,NTRK1,849
PRKCZ,NTRK1,922
PRKCZ,NTRK1,922
DNM2,NTRK1,919
DNM2,NTRK1,919
GRB2,NTRK1,991
GRB2,NTRK1,991
AREG,NTRK1,723
AREG,NTRK1,723
INS,NTRK1,994
INS,NTRK1,994
CDC42,NTRK1,945
CDC42,NTRK1,945
IL6,NTRK1,501
IL6,NTRK1,501
CREB1,NTRK1,565
CREB1,NTRK1,565
PTPN6,NTRK1,748
PTPN6,NTRK1,748
IGF2,NTRK1,910
IGF2,NTRK1,910
FGFR1,NTRK1,542
FGFR1,NTRK1,542
CD44,NTRK1,817
CD44,NTRK1,817
RHOA,NTRK1,950
RHOA,NTRK1,950
SHC1,NTRK1,999
SHC1,NTRK1,999
ESR1,NTRK1,512
ESR1,NTRK1,512
HRAS,NTRK1,664
HRAS,NTRK1,664
BDNF,NTRK1,999
BDNF,NTRK1,999
PIK3R1,NTRK1,975
PIK3R1,NTRK1,975
ANGPT1,NTRK1,995
ANGPT1,NTRK1,995
CD4,TYK2,542
CD4,TYK2,542
MAPK1,TYK2,919
MAPK1,TYK2,919
NFKBIA,TYK2,940
NFKBIA,TYK2,940
EPOR,TYK2,818
EPOR,TYK2,818
PIK3R2,TYK2,649
PIK3R2,TYK2,649
IL2,TYK2,518
IL2,TYK2,518
IFNG,TYK2,612
IFNG,TYK2,612
IL4,TYK2,952
IL4,TYK2,952
LIF,TYK2,763
LIF,TYK2,763
EPO,TYK2,556
EPO,TYK2,556
PDGFRA,TYK2,654
PDGFRA,TYK2,654
PDGFRB,TYK2,730
PDGFRB,TYK2,730
PIK3R3,TYK2,628
PIK3R3,TYK2,628
MAPK3,TYK2,924
MAPK3,TYK2,924
IL1B,TYK2,945
IL1B,TYK2,945
PIK3CA,TYK2,920
PIK3CA,TYK2,920
CBL,TYK2,849
CBL,TYK2,849
STAT3,TYK2,990
STAT3,TYK2,990
EGFR,TYK2,718
EGFR,TYK2,718
IFNA1,TYK2,933
IFNA1,TYK2,933
STAT5B,TYK2,974
STAT5B,TYK2,974
IL15,TYK2,510
IL15,TYK2,510
STAT6,TYK2,974
STAT6,TYK2,974
MAP2K1,TYK2,921
MAP2K1,TYK2,921
IL13,TYK2,792
IL13,TYK2,792
SOCS1,TYK2,998
SOCS1,TYK2,998
SOCS3,TYK2,982
SOCS3,TYK2,982
LCK,TYK2,908
LCK,TYK2,908
PTPN11,TYK2,929
PTPN11,TYK2,929
STAT5A,TYK2,980
STAT5A,TYK2,980
JAK1,TYK2,949
JAK1,TYK2,949
CRKL,TYK2,779
CRKL,TYK2,779
STAT1,TYK2,995
STAT1,TYK2,995
IL6R,TYK2,951
IL6R,TYK2,951
PTPN1,TYK2,959
PTPN1,TYK2,959
IRS2,TYK2,561
IRS2,TYK2,561
PIK3CD,TYK2,671
PIK3CD,TYK2,671
IFNB1,TYK2,967
IFNB1,TYK2,967
IL6ST,TYK2,953
IL6ST,TYK2,953
JAK2,TYK2,934
JAK2,TYK2,934
CDC42,TYK2,889
CDC42,TYK2,889
RELA,TYK2,925
RELA,TYK2,925
IL6,TYK2,963
IL6,TYK2,963
CD8A,TYK2,501
CD8A,TYK2,501
PTPN6,TYK2,982
PTPN6,TYK2,982
JAK3,TYK2,933
JAK3,TYK2,933
TNF,TYK2,529
TNF,TYK2,529
RHOA,TYK2,578
RHOA,TYK2,578
IL10,TYK2,843
IL10,TYK2,843
PIK3R1,TYK2,931
PIK3R1,TYK2,931
CCND1,HSPA8,986
CCND1,HSPA8,986
GAPDH,HSPA8,958
GAPDH,HSPA8,958
IL4,HSPA8,912
IL4,HSPA8,912
NR3C1,HSPA8,858
NR3C1,HSPA8,858
RAF1,HSPA8,805
RAF1,HSPA8,805
CDK4,HSPA8,744
CDK4,HSPA8,744
MDM2,HSPA8,790
MDM2,HSPA8,790
TLR2,HSPA8,847
TLR2,HSPA8,847
CDH1,HSPA8,512
CDH1,HSPA8,512
SMAD2,HSPA8,939
SMAD2,HSPA8,939
EP300,HSPA8,967
EP300,HSPA8,967
RB1,HSPA8,580
RB1,HSPA8,580
TP53,HSPA8,998
TP53,HSPA8,998
ERBB2,HSPA8,565
ERBB2,HSPA8,565
RPS27A,HSPA8,791
RPS27A,HSPA8,791
EGFR,HSPA8,942
EGFR,HSPA8,942
APP,HSPA8,945
APP,HSPA8,945
HPGDS,HSPA8,568
HPGDS,HSPA8,568
ALB,HSPA8,652
ALB,HSPA8,652
ANXA5,HSPA8,515
ANXA5,HSPA8,515
LRRK2,HSPA8,939
LRRK2,HSPA8,939
MAP2K1,HSPA8,522
MAP2K1,HSPA8,522
BCL2L1,HSPA8,538
BCL2L1,HSPA8,538
HSPA4,HSPA8,985
HSPA4,HSPA8,985
UBB,HSPA8,795
UBB,HSPA8,795
IL13,HSPA8,905
IL13,HSPA8,905
CYCS,HSPA8,737
CYCS,HSPA8,737
CASP3,HSPA8,666
CASP3,HSPA8,666
HSPA5,HSPA8,919
HSPA5,HSPA8,919
PPP2R1A,HSPA8,632
PPP2R1A,HSPA8,632
PGR,HSPA8,741
PGR,HSPA8,741
SP1,HSPA8,540
SP1,HSPA8,540
SMAD3,HSPA8,918
SMAD3,HSPA8,918
HSP90AA1,HSPA8,999
HSP90AA1,HSPA8,999
SNCA,HSPA8,992
SNCA,HSPA8,992
MAPT,HSPA8,979
MAPT,HSPA8,979
SMAD4,HSPA8,904
SMAD4,HSPA8,904
CTNNB1,HSPA8,534
CTNNB1,HSPA8,534
ANXA2,HSPA8,532
ANXA2,HSPA8,532
FN1,HSPA8,501
FN1,HSPA8,501
TFRC,HSPA8,973
TFRC,HSPA8,973
BECN1,HSPA8,567
BECN1,HSPA8,567
EZR,HSPA8,711
EZR,HSPA8,711
MCL1,HSPA8,592
MCL1,HSPA8,592
HSP90AB1,HSPA8,996
HSP90AB1,HSPA8,996
PTEN,HSPA8,535
PTEN,HSPA8,535
YWHAB,HSPA8,536
YWHAB,HSPA8,536
TLR4,HSPA8,532
TLR4,HSPA8,532
AR,HSPA8,895
AR,HSPA8,895
FOXP3,HSPA8,506
FOXP3,HSPA8,506
DNM2,HSPA8,791
DNM2,HSPA8,791
MAPK8,HSPA8,715
MAPK8,HSPA8,715
YWHAZ,HSPA8,571
YWHAZ,HSPA8,571
INS,HSPA8,631
INS,HSPA8,631
UBA52,HSPA8,690
UBA52,HSPA8,690
MAPK9,HSPA8,650
MAPK9,HSPA8,650
SHC1,HSPA8,610
SHC1,HSPA8,610
ESR1,HSPA8,940
ESR1,HSPA8,940
ARRB1,HSPA8,638
ARRB1,HSPA8,638
CD4,TRAF6,601
CD4,TRAF6,601
TNFRSF1A,TRAF6,993
TNFRSF1A,TRAF6,993
NGFR,TRAF6,999
NGFR,TRAF6,999
NFKBIA,TRAF6,985
NFKBIA,TRAF6,985
PIK3R2,TRAF6,670
PIK3R2,TRAF6,670
CCL2,TRAF6,518
CCL2,TRAF6,518
IFNG,TRAF6,516
IFNG,TRAF6,516
GAPDH,TRAF6,559
GAPDH,TRAF6,559
MAPK14,TRAF6,966
MAPK14,TRAF6,966
IL4,TRAF6,515
IL4,TRAF6,515
PDGFRA,TRAF6,625
PDGFRA,TRAF6,625
TLR2,TRAF6,984
TLR2,TRAF6,984
SMAD2,TRAF6,930
SMAD2,TRAF6,930
MAPK3,TRAF6,556
MAPK3,TRAF6,556
IL1A,TRAF6,948
IL1A,TRAF6,948
IL1B,TRAF6,982
IL1B,TRAF6,982
PIK3CA,TRAF6,933
PIK3CA,TRAF6,933
CBL,TRAF6,947
CBL,TRAF6,947
STAT3,TRAF6,669
STAT3,TRAF6,669
TP53,TRAF6,974
TP53,TRAF6,974
RPS27A,TRAF6,974
RPS27A,TRAF6,974
EGFR,TRAF6,763
EGFR,TRAF6,763
IFNA1,TRAF6,602
IFNA1,TRAF6,602
ATM,TRAF6,966
ATM,TRAF6,966
FGFR4,TRAF6,615
FGFR4,TRAF6,615
HSPA4,TRAF6,954
HSPA4,TRAF6,954
UBB,TRAF6,812
UBB,TRAF6,812
FOS,TRAF6,705
FOS,TRAF6,705
CXCL8,TRAF6,624
CXCL8,TRAF6,624
CYCS,TRAF6,600
CYCS,TRAF6,600
SOCS1,TRAF6,772
SOCS1,TRAF6,772
SOCS3,TRAF6,808
SOCS3,TRAF6,808
SMAD3,TRAF6,935
SMAD3,TRAF6,935
HSP90AA1,TRAF6,570
HSP90AA1,TRAF6,570
LCK,TRAF6,871
LCK,TRAF6,871
CAV1,TRAF6,745
CAV1,TRAF6,745
FGFR3,TRAF6,617
FGFR3,TRAF6,617
PTPN11,TRAF6,909
PTPN11,TRAF6,909
JAK1,TRAF6,591
JAK1,TRAF6,591
CTNNB1,TRAF6,593
CTNNB1,TRAF6,593
FYN,TRAF6,897
FYN,TRAF6,897
RET,TRAF6,526
RET,TRAF6,526
CASP8,TRAF6,995
CASP8,TRAF6,995
TGFBR2,TRAF6,639
TGFBR2,TRAF6,639
PIK3CG,TRAF6,916
PIK3CG,TRAF6,916
STAT1,TRAF6,760
STAT1,TRAF6,760
MTOR,TRAF6,608
MTOR,TRAF6,608
GAB2,TRAF6,878
GAB2,TRAF6,878
BECN1,TRAF6,994
BECN1,TRAF6,994
MCL1,TRAF6,744
MCL1,TRAF6,744
NGF,TRAF6,930
NGF,TRAF6,930
CHUK,TRAF6,997
CHUK,TRAF6,997
XIAP,TRAF6,831
XIAP,TRAF6,831
JUN,TRAF6,821
JUN,TRAF6,821
SRC,TRAF6,996
SRC,TRAF6,996
TLR4,TRAF6,999
TLR4,TRAF6,999
SYK,TRAF6,973
SYK,TRAF6,973
FOXP3,TRAF6,513
FOXP3,TRAF6,513
PRKCZ,TRAF6,985
PRKCZ,TRAF6,985
IFNB1,TRAF6,810
IFNB1,TRAF6,810
MAPK8,TRAF6,968
MAPK8,TRAF6,968
RELA,TRAF6,961
RELA,TRAF6,961
IL6,TRAF6,730
IL6,TRAF6,730
CD8A,TRAF6,517
CD8A,TRAF6,517
UBA52,TRAF6,869
UBA52,TRAF6,869
PTPN6,TRAF6,905
PTPN6,TRAF6,905
MAPK9,TRAF6,941
MAPK9,TRAF6,941
TNF,TRAF6,990
TNF,TRAF6,990
ARRB2,TRAF6,994
ARRB2,TRAF6,994
ESR1,TRAF6,607
ESR1,TRAF6,607
ARRB1,TRAF6,655
ARRB1,TRAF6,655
FGFR2,TRAF6,636
FGFR2,TRAF6,636
IL10,TRAF6,623
IL10,TRAF6,623
BDNF,TRAF6,920
BDNF,TRAF6,920
PIK3R1,TRAF6,919
PIK3R1,TRAF6,919
NTRK1,TRAF6,914
NTRK1,TRAF6,914
CCND1,H2AX,948
CCND1,H2AX,948
GAPDH,H2AX,606
GAPDH,H2AX,606
MAPK14,H2AX,921
MAPK14,H2AX,921
CCNB1,H2AX,986
CCNB1,H2AX,986
CDK4,H2AX,783
CDK4,H2AX,783
MDM2,H2AX,522
MDM2,H2AX,522
THBS1,H2AX,907
THBS1,H2AX,907
EP300,H2AX,784
EP300,H2AX,784
RB1,H2AX,924
RB1,H2AX,924
TP53,H2AX,871
TP53,H2AX,871
RPS27A,H2AX,956
RPS27A,H2AX,956
CCNA2,H2AX,613
CCNA2,H2AX,613
EGFR,H2AX,571
EGFR,H2AX,571
ATM,H2AX,999
ATM,H2AX,999
ANXA5,H2AX,698
ANXA5,H2AX,698
NPM1,H2AX,832
NPM1,H2AX,832
UBB,H2AX,938
UBB,H2AX,938
FOS,H2AX,679
FOS,H2AX,679
CYCS,H2AX,519
CYCS,H2AX,519
CASP3,H2AX,685
CASP3,H2AX,685
EZH2,H2AX,792
EZH2,H2AX,792
CASP9,H2AX,505
CASP9,H2AX,505
HSP90AA1,H2AX,557
HSP90AA1,H2AX,557
CTNNB1,H2AX,931
CTNNB1,H2AX,931
PARP1,H2AX,969
PARP1,H2AX,969
JUN,H2AX,771
JUN,H2AX,771
HDAC1,H2AX,802
HDAC1,H2AX,802
AR,H2AX,710
AR,H2AX,710
GATA3,H2AX,615
GATA3,H2AX,615
CDK1,H2AX,967
CDK1,H2AX,967
MAPK8,H2AX,974
MAPK8,H2AX,974
CDKN1A,H2AX,564
CDKN1A,H2AX,564
UBA52,H2AX,919
UBA52,H2AX,919
SMARCA4,H2AX,843
SMARCA4,H2AX,843
ESR1,H2AX,729
ESR1,H2AX,729
CDKN2A,H2AX,525
CDKN2A,H2AX,525
BRCA1,H2AX,999
BRCA1,H2AX,999
CD4,CD19,918
CD4,CD19,918
MAPK1,CD19,531
MAPK1,CD19,531
PIK3R2,CD19,824
PIK3R2,CD19,824
CSF3,CD19,619
CSF3,CD19,619
CCL2,CD19,570
CCL2,CD19,570
IL2,CD19,827
IL2,CD19,827
CCND1,CD19,503
CCND1,CD19,503
IFNG,CD19,767
IFNG,CD19,767
GAPDH,CD19,603
GAPDH,CD19,603
IL4,CD19,797
IL4,CD19,797
IL5,CD19,660
IL5,CD19,660
TLR2,CD19,544
TLR2,CD19,544
PIK3R3,CD19,861
PIK3R3,CD19,861
IL1B,CD19,659
IL1B,CD19,659
EPCAM,CD19,609
EPCAM,CD19,609
IL7,CD19,728
IL7,CD19,728
PIK3CA,CD19,968
PIK3CA,CD19,968
STAT3,CD19,599
STAT3,CD19,599
ICAM1,CD19,609
ICAM1,CD19,609
ZAP70,CD19,690
ZAP70,CD19,690
TP53,CD19,548
TP53,CD19,548
ERBB2,CD19,573
ERBB2,CD19,573
IFNA1,CD19,635
IFNA1,CD19,635
KIT,CD19,776
KIT,CD19,776
STAT5B,CD19,518
STAT5B,CD19,518
ALB,CD19,735
ALB,CD19,735
ANXA5,CD19,759
ANXA5,CD19,759
IL15,CD19,683
IL15,CD19,683
IL3,CD19,618
IL3,CD19,618
CSF2,CD19,725
CSF2,CD19,725
IL13,CD19,643
IL13,CD19,643
CXCL8,CD19,568
CXCL8,CD19,568
CD34,CD19,878
CD34,CD19,878
CD28,CD19,840
CD28,CD19,840
LCK,CD19,744
LCK,CD19,744
STAT5A,CD19,544
STAT5A,CD19,544
FYN,CD19,607
FYN,CD19,607
FAS,CD19,707
FAS,CD19,707
TFRC,CD19,653
TFRC,CD19,653
STAT1,CD19,501
STAT1,CD19,501
CD247,CD19,757
CD247,CD19,757
MKI67,CD19,564
MKI67,CD19,564
ABL1,CD19,700
ABL1,CD19,700
SRC,CD19,509
SRC,CD19,509
TLR4,CD19,625
TLR4,CD19,625
SYK,CD19,984
SYK,CD19,984
FOXP3,CD19,839
FOXP3,CD19,839
PIK3CD,CD19,954
PIK3CD,CD19,954
GATA3,CD19,577
GATA3,CD19,577
IFNB1,CD19,523
IFNB1,CD19,523
SDC1,CD19,849
SDC1,CD19,849
CD274,CD19,696
CD274,CD19,696
GRB2,CD19,946
GRB2,CD19,946
CXCL12,CD19,571
CXCL12,CD19,571
ITGB1,CD19,620
ITGB1,CD19,620
IL6,CD19,736
IL6,CD19,736
CD8A,CD19,917
CD8A,CD19,917
CXCR4,CD19,685
CXCR4,CD19,685
CD44,CD19,813
CD44,CD19,813
TNF,CD19,778
TNF,CD19,778
PTPRC,CD19,927
PTPRC,CD19,927
IL10,CD19,783
IL10,CD19,783
PROM1,CD19,527
PROM1,CD19,527
PIK3R1,CD19,988
PIK3R1,CD19,988
LYN,CD19,999
LYN,CD19,999
CD4,HIF1A,564
CD4,HIF1A,564
MAPK1,HIF1A,971
MAPK1,HIF1A,971
NFKBIA,HIF1A,556
NFKBIA,HIF1A,556
TIMP1,HIF1A,523
TIMP1,HIF1A,523
MMP2,HIF1A,754
MMP2,HIF1A,754
TGFB1,HIF1A,654
TGFB1,HIF1A,654
EPOR,HIF1A,556
EPOR,HIF1A,556
HGF,HIF1A,608
HGF,HIF1A,608
SERPINE1,HIF1A,616
SERPINE1,HIF1A,616
CCL2,HIF1A,626
CCL2,HIF1A,626
IL2,HIF1A,505
IL2,HIF1A,505
CCND1,HIF1A,967
CCND1,HIF1A,967
IFNG,HIF1A,524
IFNG,HIF1A,524
GAPDH,HIF1A,718
GAPDH,HIF1A,718
NANOG,HIF1A,954
NANOG,HIF1A,954
HBEGF,HIF1A,934
HBEGF,HIF1A,934
IL4,HIF1A,522
IL4,HIF1A,522
NR3C1,HIF1A,883
NR3C1,HIF1A,883
SNAI1,HIF1A,727
SNAI1,HIF1A,727
SOX9,HIF1A,743
SOX9,HIF1A,743
EPO,HIF1A,989
EPO,HIF1A,989
KRAS,HIF1A,647
KRAS,HIF1A,647
CDK4,HIF1A,599
CDK4,HIF1A,599
MDM2,HIF1A,999
MDM2,HIF1A,999
POU5F1,HIF1A,805
POU5F1,HIF1A,805
THBS1,HIF1A,590
THBS1,HIF1A,590
CDH1,HIF1A,693
CDH1,HIF1A,693
PDGFRB,HIF1A,518
PDGFRB,HIF1A,518
FLT4,HIF1A,599
FLT4,HIF1A,599
SMAD2,HIF1A,534
SMAD2,HIF1A,534
MAPK3,HIF1A,953
MAPK3,HIF1A,953
EP300,HIF1A,999
EP300,HIF1A,999
IL1B,HIF1A,724
IL1B,HIF1A,724
AKT3,HIF1A,580
AKT3,HIF1A,580
KDR,HIF1A,772
KDR,HIF1A,772
PIK3CA,HIF1A,609
PIK3CA,HIF1A,609
FGF2,HIF1A,703
FGF2,HIF1A,703
STAT3,HIF1A,999
STAT3,HIF1A,999
ICAM1,HIF1A,654
ICAM1,HIF1A,654
EGF,HIF1A,683
EGF,HIF1A,683
RB1,HIF1A,581
RB1,HIF1A,581
CDH2,HIF1A,601
CDH2,HIF1A,601
TP53,HIF1A,999
TP53,HIF1A,999
ERBB2,HIF1A,708
ERBB2,HIF1A,708
RPS27A,HIF1A,640
RPS27A,HIF1A,640
EGFR,HIF1A,976
EGFR,HIF1A,976
ATM,HIF1A,694
ATM,HIF1A,694
FBXW7,HIF1A,664
FBXW7,HIF1A,664
FLT1,HIF1A,734
FLT1,HIF1A,734
PPARG,HIF1A,760
PPARG,HIF1A,760
KIT,HIF1A,574
KIT,HIF1A,574
HPGDS,HIF1A,736
HPGDS,HIF1A,736
ALB,HIF1A,635
ALB,HIF1A,635
ANXA5,HIF1A,612
ANXA5,HIF1A,612
LRRK2,HIF1A,937
LRRK2,HIF1A,937
BCL2L1,HIF1A,674
BCL2L1,HIF1A,674
IGF1,HIF1A,700
IGF1,HIF1A,700
HSPA4,HIF1A,997
HSPA4,HIF1A,997
UBB,HIF1A,647
UBB,HIF1A,647
FOS,HIF1A,971
FOS,HIF1A,971
CXCL8,HIF1A,690
CXCL8,HIF1A,690
CYCS,HIF1A,612
CYCS,HIF1A,612
CD34,HIF1A,613
CD34,HIF1A,613
CASP3,HIF1A,720
CASP3,HIF1A,720
LEP,HIF1A,526
LEP,HIF1A,526
HNF4A,HIF1A,954
HNF4A,HIF1A,954
MET,HIF1A,614
MET,HIF1A,614
EZH2,HIF1A,521
EZH2,HIF1A,521
FGF13,HIF1A,527
FGF13,HIF1A,527
SOX2,HIF1A,958
SOX2,HIF1A,958
HSPA5,HIF1A,541
HSPA5,HIF1A,541
PGR,HIF1A,524
PGR,HIF1A,524
SP1,HIF1A,995
SP1,HIF1A,995
CASP9,HIF1A,523
CASP9,HIF1A,523
PDGFB,HIF1A,706
PDGFB,HIF1A,706
SMAD3,HIF1A,999
SMAD3,HIF1A,999
HSP90AA1,HIF1A,999
HSP90AA1,HIF1A,999
CAV1,HIF1A,514
CAV1,HIF1A,514
PTK2,HIF1A,569
PTK2,HIF1A,569
SMAD4,HIF1A,973
SMAD4,HIF1A,973
ERBB4,HIF1A,583
ERBB4,HIF1A,583
CDH5,HIF1A,569
CDH5,HIF1A,569
CTNNB1,HIF1A,997
CTNNB1,HIF1A,997
FN1,HIF1A,779
FN1,HIF1A,779
CASP8,HIF1A,517
CASP8,HIF1A,517
TFRC,HIF1A,560
TFRC,HIF1A,560
STAT1,HIF1A,534
STAT1,HIF1A,534
MTOR,HIF1A,819
MTOR,HIF1A,819
BECN1,HIF1A,642
BECN1,HIF1A,642
PARP1,HIF1A,797
PARP1,HIF1A,797
PTGS2,HIF1A,693
PTGS2,HIF1A,693
CCN2,HIF1A,622
CCN2,HIF1A,622
NES,HIF1A,521
NES,HIF1A,521
MKI67,HIF1A,515
MKI67,HIF1A,515
MCL1,HIF1A,702
MCL1,HIF1A,702
FLNA,HIF1A,932
FLNA,HIF1A,932
JUN,HIF1A,996
JUN,HIF1A,996
HSP90AB1,HIF1A,936
HSP90AB1,HIF1A,936
PTEN,HIF1A,793
PTEN,HIF1A,793
MMP9,HIF1A,718
MMP9,HIF1A,718
HDAC1,HIF1A,994
HDAC1,HIF1A,994
SRC,HIF1A,896
SRC,HIF1A,896
TLR4,HIF1A,630
TLR4,HIF1A,630
AR,HIF1A,861
AR,HIF1A,861
FOXP3,HIF1A,965
FOXP3,HIF1A,965
BMP2,HIF1A,501
BMP2,HIF1A,501
EDN1,HIF1A,962
EDN1,HIF1A,962
FOXO1,HIF1A,956
FOXO1,HIF1A,956
CD274,HIF1A,571
CD274,HIF1A,571
JAK2,HIF1A,544
JAK2,HIF1A,544
AKT2,HIF1A,642
AKT2,HIF1A,642
BCL2L11,HIF1A,501
BCL2L11,HIF1A,501
SPP1,HIF1A,556
SPP1,HIF1A,556
CDK1,HIF1A,681
CDK1,HIF1A,681
MAPK8,HIF1A,515
MAPK8,HIF1A,515
CXCL12,HIF1A,687
CXCL12,HIF1A,687
SNAI2,HIF1A,658
SNAI2,HIF1A,658
INS,HIF1A,667
INS,HIF1A,667
RELA,HIF1A,916
RELA,HIF1A,916
CDKN1A,HIF1A,950
CDKN1A,HIF1A,950
IL6,HIF1A,724
IL6,HIF1A,724
FOXO3,HIF1A,989
FOXO3,HIF1A,989
CD8A,HIF1A,562
CD8A,HIF1A,562
CXCR4,HIF1A,780
CXCR4,HIF1A,780
CREB1,HIF1A,985
CREB1,HIF1A,985
UBA52,HIF1A,601
UBA52,HIF1A,601
IGF2,HIF1A,518
IGF2,HIF1A,518
SMARCA4,HIF1A,749
SMARCA4,HIF1A,749
CD44,HIF1A,612
CD44,HIF1A,612
TNF,HIF1A,707
TNF,HIF1A,707
RHOA,HIF1A,546
RHOA,HIF1A,546
ESR1,HIF1A,929
ESR1,HIF1A,929
HRAS,HIF1A,650
HRAS,HIF1A,650
PTPRC,HIF1A,513
PTPRC,HIF1A,513
IL10,HIF1A,604
IL10,HIF1A,604
CDKN2A,HIF1A,989
CDKN2A,HIF1A,989
BRCA1,HIF1A,728
BRCA1,HIF1A,728
PROM1,HIF1A,613
PROM1,HIF1A,613
ANGPT1,HIF1A,654
ANGPT1,HIF1A,654
HSPA8,HIF1A,951
HSPA8,HIF1A,951
TRAF6,HIF1A,721
TRAF6,HIF1A,721
H2AX,HIF1A,543
H2AX,HIF1A,543
TNFRSF1A,UBC,938
TNFRSF1A,UBC,938
FGF4,UBC,600
FGF4,UBC,600
NGFR,UBC,902
NGFR,UBC,902
NFKBIA,UBC,713
NFKBIA,UBC,713
TGFB1,UBC,638
TGFB1,UBC,638
HGF,UBC,904
HGF,UBC,904
CCND1,UBC,654
CCND1,UBC,654
CDKN1B,UBC,742
CDKN1B,UBC,742
GAPDH,UBC,741
GAPDH,UBC,741
HBEGF,UBC,634
HBEGF,UBC,634
FGF23,UBC,600
FGF23,UBC,600
EREG,UBC,618
EREG,UBC,618
RAF1,UBC,911
RAF1,UBC,911
KRAS,UBC,923
KRAS,UBC,923
CCNB1,UBC,678
CCNB1,UBC,678
MDM2,UBC,997
MDM2,UBC,997
CDH1,UBC,671
CDH1,UBC,671
FLT4,UBC,537
FLT4,UBC,537
SMAD2,UBC,685
SMAD2,UBC,685
AXIN1,UBC,720
AXIN1,UBC,720
EP300,UBC,836
EP300,UBC,836
KDR,UBC,811
KDR,UBC,811
CBL,UBC,974
CBL,UBC,974
FGF2,UBC,692
FGF2,UBC,692
FGF10,UBC,600
FGF10,UBC,600
ZAP70,UBC,821
ZAP70,UBC,821
EGF,UBC,686
EGF,UBC,686
ERBB3,UBC,672
ERBB3,UBC,672
RB1,UBC,911
RB1,UBC,911
FGF7,UBC,600
FGF7,UBC,600
TP53,UBC,986
TP53,UBC,986
ERBB2,UBC,717
ERBB2,UBC,717
RPS27A,UBC,987
RPS27A,UBC,987
CCNA2,UBC,659
CCNA2,UBC,659
EGFR,UBC,873
EGFR,UBC,873
ATM,UBC,916
ATM,UBC,916
FBXW7,UBC,767
FBXW7,UBC,767
WNT3A,UBC,901
WNT3A,UBC,901
FGFR4,UBC,660
FGFR4,UBC,660
FGF19,UBC,600
FGF19,UBC,600
TGFA,UBC,600
TGFA,UBC,600
SHH,UBC,906
SHH,UBC,906
MAP2K1,UBC,702
MAP2K1,UBC,702
UBB,UBC,990
UBB,UBC,990
MET,UBC,914
MET,UBC,914
FGF8,UBC,600
FGF8,UBC,600
PPP2R1A,UBC,632
PPP2R1A,UBC,632
HGS,UBC,989
HGS,UBC,989
SMAD3,UBC,663
SMAD3,UBC,663
FGF3,UBC,600
FGF3,UBC,600
HSP90AA1,UBC,790
HSP90AA1,UBC,790
LCK,UBC,712
LCK,UBC,712
SNCA,UBC,885
SNCA,UBC,885
FGFR3,UBC,660
FGFR3,UBC,660
PTPN11,UBC,623
PTPN11,UBC,623
SMAD4,UBC,625
SMAD4,UBC,625
ERBB4,UBC,691
ERBB4,UBC,691
CTNNB1,UBC,724
CTNNB1,UBC,724
NF1,UBC,911
NF1,UBC,911
TGFBR2,UBC,646
TGFBR2,UBC,646
PARP1,UBC,695
PARP1,UBC,695
NGF,UBC,905
NGF,UBC,905
NRAS,UBC,916
NRAS,UBC,916
CHUK,UBC,917
CHUK,UBC,917
XIAP,UBC,982
XIAP,UBC,982
JUN,UBC,557
JUN,UBC,557
HSP90AB1,UBC,825
HSP90AB1,UBC,825
EPS15,UBC,967
EPS15,UBC,967
PTEN,UBC,950
PTEN,UBC,950
SRC,UBC,727
SRC,UBC,727
TLR4,UBC,913
TLR4,UBC,913
PRKCZ,UBC,632
PRKCZ,UBC,632
GRB2,UBC,670
GRB2,UBC,670
CDK1,UBC,654
CDK1,UBC,654
BTC,UBC,614
BTC,UBC,614
AREG,UBC,603
AREG,UBC,603
YWHAZ,UBC,593
YWHAZ,UBC,593
CDC42,UBC,690
CDC42,UBC,690
RELA,UBC,743
RELA,UBC,743
CDKN1A,UBC,695
CDKN1A,UBC,695
UBA52,UBC,985
UBA52,UBC,985
FGFR1,UBC,753
FGFR1,UBC,753
TNF,UBC,975
TNF,UBC,975
RHOA,UBC,759
RHOA,UBC,759
ARRB2,UBC,743
ARRB2,UBC,743
HRAS,UBC,933
HRAS,UBC,933
ARRB1,UBC,653
ARRB1,UBC,653
FGFR2,UBC,660
FGFR2,UBC,660
PPP2CA,UBC,638
PPP2CA,UBC,638
CDKN2A,UBC,924
CDKN2A,UBC,924
BRCA1,UBC,973
BRCA1,UBC,973
HSPA8,UBC,792
HSPA8,UBC,792
TRAF6,UBC,979
TRAF6,UBC,979
H2AX,UBC,939
H2AX,UBC,939
HIF1A,UBC,965
HIF1A,UBC,965
CD4,AKT1,697
CD4,AKT1,697
GNA11,AKT1,586
GNA11,AKT1,586
TNFRSF1A,AKT1,687
TNFRSF1A,AKT1,687
FGF4,AKT1,539
FGF4,AKT1,539
NGFR,AKT1,593
NGFR,AKT1,593
VCL,AKT1,719
VCL,AKT1,719
MAPK1,AKT1,895
MAPK1,AKT1,895
NFKBIA,AKT1,841
NFKBIA,AKT1,841
TIMP1,AKT1,610
TIMP1,AKT1,610
MMP2,AKT1,772
MMP2,AKT1,772
CSK,AKT1,684
CSK,AKT1,684
TGFB1,AKT1,688
TGFB1,AKT1,688
EPOR,AKT1,610
EPOR,AKT1,610
PIK3R2,AKT1,916
PIK3R2,AKT1,916
HGF,AKT1,757
HGF,AKT1,757
SERPINE1,AKT1,619
SERPINE1,AKT1,619
CSF3,AKT1,535
CSF3,AKT1,535
CCL2,AKT1,685
CCL2,AKT1,685
IL2,AKT1,966
IL2,AKT1,966
CCND1,AKT1,872
CCND1,AKT1,872
CDKN1B,AKT1,996
CDKN1B,AKT1,996
IFNG,AKT1,605
IFNG,AKT1,605
GAPDH,AKT1,913
GAPDH,AKT1,913
NANOG,AKT1,608
NANOG,AKT1,608
MAPK14,AKT1,956
MAPK14,AKT1,956
HBEGF,AKT1,610
HBEGF,AKT1,610
IL4,AKT1,687
IL4,AKT1,687
NR3C1,AKT1,676
NR3C1,AKT1,676
PLEK,AKT1,891
PLEK,AKT1,891
PLCG1,AKT1,855
PLCG1,AKT1,855
SNAI1,AKT1,814
SNAI1,AKT1,814
EREG,AKT1,619
EREG,AKT1,619
BMP4,AKT1,615
BMP4,AKT1,615
SOX9,AKT1,544
SOX9,AKT1,544
RAC2,AKT1,951
RAC2,AKT1,951
LIF,AKT1,532
LIF,AKT1,532
RAF1,AKT1,992
RAF1,AKT1,992
EPO,AKT1,673
EPO,AKT1,673
KRAS,AKT1,877
KRAS,AKT1,877
CCNB1,AKT1,726
CCNB1,AKT1,726
CDK4,AKT1,548
CDK4,AKT1,548
MDM2,AKT1,998
MDM2,AKT1,998
POU5F1,AKT1,703
POU5F1,AKT1,703
TLR2,AKT1,761
TLR2,AKT1,761
THBS1,AKT1,526
THBS1,AKT1,526
CDH1,AKT1,842
CDH1,AKT1,842
PDGFRB,AKT1,937
PDGFRB,AKT1,937
SMAD2,AKT1,853
SMAD2,AKT1,853
AXIN1,AKT1,975
AXIN1,AKT1,975
PIK3R3,AKT1,884
PIK3R3,AKT1,884
GAB1,AKT1,965
GAB1,AKT1,965
MAPK3,AKT1,906
MAPK3,AKT1,906
EP300,AKT1,998
EP300,AKT1,998
IL1A,AKT1,521
IL1A,AKT1,521
IL1B,AKT1,777
IL1B,AKT1,777
EPCAM,AKT1,521
EPCAM,AKT1,521
AKT3,AKT1,822
AKT3,AKT1,822
IL7,AKT1,521
IL7,AKT1,521
PIK3CA,AKT1,998
PIK3CA,AKT1,998
CBL,AKT1,689
CBL,AKT1,689
FGF2,AKT1,755
FGF2,AKT1,755
WNT5A,AKT1,716
WNT5A,AKT1,716
STAT3,AKT1,988
STAT3,AKT1,988
ICAM1,AKT1,678
ICAM1,AKT1,678
EGF,AKT1,861
EGF,AKT1,861
ERBB3,AKT1,988
ERBB3,AKT1,988
RB1,AKT1,955
RB1,AKT1,955
PXN,AKT1,883
PXN,AKT1,883
FGF7,AKT1,541
FGF7,AKT1,541
IQGAP1,AKT1,988
IQGAP1,AKT1,988
CDH2,AKT1,739
CDH2,AKT1,739
TP53,AKT1,989
TP53,AKT1,989
ERBB2,AKT1,516
ERBB2,AKT1,516
RPS27A,AKT1,528
RPS27A,AKT1,528
CCNA2,AKT1,760
CCNA2,AKT1,760
RASA1,AKT1,590
RASA1,AKT1,590
EGFR,AKT1,794
EGFR,AKT1,794
IFNA1,AKT1,518
IFNA1,AKT1,518
PAK1,AKT1,987
PAK1,AKT1,987
ATM,AKT1,745
ATM,AKT1,745
TJP1,AKT1,650
TJP1,AKT1,650
FBXW7,AKT1,660
FBXW7,AKT1,660
WNT3A,AKT1,658
WNT3A,AKT1,658
APP,AKT1,665
APP,AKT1,665
GNAQ,AKT1,821
GNAQ,AKT1,821
PPARG,AKT1,846
PPARG,AKT1,846
KIT,AKT1,758
KIT,AKT1,758
STAT5B,AKT1,811
STAT5B,AKT1,811
WNT1,AKT1,757
WNT1,AKT1,757
FGF19,AKT1,541
FGF19,AKT1,541
HPGDS,AKT1,781
HPGDS,AKT1,781
ALB,AKT1,792
ALB,AKT1,792
ANXA5,AKT1,834
ANXA5,AKT1,834
IL15,AKT1,514
IL15,AKT1,514
IL3,AKT1,595
IL3,AKT1,595
CSF2,AKT1,603
CSF2,AKT1,603
NPM1,AKT1,788
NPM1,AKT1,788
SHH,AKT1,674
SHH,AKT1,674
ARF6,AKT1,800
ARF6,AKT1,800
LRRK2,AKT1,509
LRRK2,AKT1,509
MMP3,AKT1,602
MMP3,AKT1,602
STAT6,AKT1,670
STAT6,AKT1,670
CRK,AKT1,656
CRK,AKT1,656
MAP2K1,AKT1,514
MAP2K1,AKT1,514
BCL2L1,AKT1,998
BCL2L1,AKT1,998
IGF1,AKT1,878
IGF1,AKT1,878
HSPA4,AKT1,879
HSPA4,AKT1,879
INSR,AKT1,942
INSR,AKT1,942
IRS1,AKT1,960
IRS1,AKT1,960
IL13,AKT1,536
IL13,AKT1,536
FOS,AKT1,711
FOS,AKT1,711
CXCL8,AKT1,714
CXCL8,AKT1,714
CYCS,AKT1,806
CYCS,AKT1,806
TERT,AKT1,993
TERT,AKT1,993
CD34,AKT1,666
CD34,AKT1,666
CASP3,AKT1,935
CASP3,AKT1,935
LEP,AKT1,739
LEP,AKT1,739
HNF4A,AKT1,665
HNF4A,AKT1,665
EZH2,AKT1,800
EZH2,AKT1,800
FGF8,AKT1,548
FGF8,AKT1,548
FGF13,AKT1,635
FGF13,AKT1,635
SOX2,AKT1,800
SOX2,AKT1,800
HSPA5,AKT1,992
HSPA5,AKT1,992
PPP2R1A,AKT1,993
PPP2R1A,AKT1,993
CD28,AKT1,867
CD28,AKT1,867
PGR,AKT1,680
PGR,AKT1,680
CSF1,AKT1,578
CSF1,AKT1,578
SP1,AKT1,649
SP1,AKT1,649
SOCS1,AKT1,551
SOCS1,AKT1,551
CASP9,AKT1,984
CASP9,AKT1,984
SOCS3,AKT1,963
SOCS3,AKT1,963
PDGFB,AKT1,952
PDGFB,AKT1,952
SMAD3,AKT1,996
SMAD3,AKT1,996
FGF3,AKT1,536
FGF3,AKT1,536
HSP90AA1,AKT1,999
HSP90AA1,AKT1,999
LCK,AKT1,939
LCK,AKT1,939
SNCA,AKT1,649
SNCA,AKT1,649
CAV1,AKT1,975
CAV1,AKT1,975
MAPT,AKT1,858
MAPT,AKT1,858
PTPN11,AKT1,978
PTPN11,AKT1,978
PTK2,AKT1,569
PTK2,AKT1,569
STAT5A,AKT1,811
STAT5A,AKT1,811
SMAD4,AKT1,929
SMAD4,AKT1,929
JAK1,AKT1,931
JAK1,AKT1,931
CDH5,AKT1,757
CDH5,AKT1,757
CTNNB1,AKT1,996
CTNNB1,AKT1,996
ANXA2,AKT1,563
ANXA2,AKT1,563
CRKL,AKT1,577
CRKL,AKT1,577
FYN,AKT1,819
FYN,AKT1,819
FN1,AKT1,778
FN1,AKT1,778
FAS,AKT1,548
FAS,AKT1,548
RAC1,AKT1,984
RAC1,AKT1,984
NF1,AKT1,796
NF1,AKT1,796
CASP8,AKT1,766
CASP8,AKT1,766
PIK3CG,AKT1,986
PIK3CG,AKT1,986
TFRC,AKT1,539
TFRC,AKT1,539
STAT1,AKT1,977
STAT1,AKT1,977
MTOR,AKT1,999
MTOR,AKT1,999
GAB2,AKT1,966
GAB2,AKT1,966
BECN1,AKT1,977
BECN1,AKT1,977
PARP1,AKT1,666
PARP1,AKT1,666
EZR,AKT1,617
EZR,AKT1,617
PTGS2,AKT1,754
PTGS2,AKT1,754
CCN2,AKT1,627
CCN2,AKT1,627
NES,AKT1,603
NES,AKT1,603
MKI67,AKT1,690
MKI67,AKT1,690
MCL1,AKT1,975
MCL1,AKT1,975
NGF,AKT1,734
NGF,AKT1,734
NRAS,AKT1,784
NRAS,AKT1,784
FLNA,AKT1,693
FLNA,AKT1,693
CHUK,AKT1,991
CHUK,AKT1,991
XIAP,AKT1,955
XIAP,AKT1,955
JUN,AKT1,974
JUN,AKT1,974
HSP90AB1,AKT1,983
HSP90AB1,AKT1,983
PTPN1,AKT1,975
PTPN1,AKT1,975
PTEN,AKT1,992
PTEN,AKT1,992
MMP9,AKT1,815
MMP9,AKT1,815
YWHAB,AKT1,962
YWHAB,AKT1,962
HDAC1,AKT1,614
HDAC1,AKT1,614
SRC,AKT1,985
SRC,AKT1,985
TLR4,AKT1,742
TLR4,AKT1,742
AR,AKT1,979
AR,AKT1,979
IRS2,AKT1,836
IRS2,AKT1,836
FOXP3,AKT1,639
FOXP3,AKT1,639
CTTN,AKT1,842
CTTN,AKT1,842
PIK3CD,AKT1,939
PIK3CD,AKT1,939
PRKCZ,AKT1,987
PRKCZ,AKT1,987
BMP2,AKT1,625
BMP2,AKT1,625
GATA3,AKT1,570
GATA3,AKT1,570
EDN1,AKT1,966
EDN1,AKT1,966
FOXO1,AKT1,998
FOXO1,AKT1,998
IFNB1,AKT1,523
IFNB1,AKT1,523
SDC1,AKT1,515
SDC1,AKT1,515
CD274,AKT1,661
CD274,AKT1,661
AKT2,AKT1,974
AKT2,AKT1,974
GRB2,AKT1,987
GRB2,AKT1,987
BCL2L11,AKT1,822
BCL2L11,AKT1,822
SPP1,AKT1,618
SPP1,AKT1,618
MAPK8,AKT1,642
MAPK8,AKT1,642
AREG,AKT1,600
AREG,AKT1,600
CXCL12,AKT1,709
CXCL12,AKT1,709
YWHAZ,AKT1,991
YWHAZ,AKT1,991
ITGB1,AKT1,831
ITGB1,AKT1,831
SNAI2,AKT1,718
SNAI2,AKT1,718
INS,AKT1,990
INS,AKT1,990
CTNND1,AKT1,590
CTNND1,AKT1,590
DLG4,AKT1,651
DLG4,AKT1,651
CDC42,AKT1,992
CDC42,AKT1,992
RELA,AKT1,738
RELA,AKT1,738
CDKN1A,AKT1,993
CDKN1A,AKT1,993
XPO1,AKT1,714
XPO1,AKT1,714
IL6,AKT1,832
IL6,AKT1,832
FOXO3,AKT1,999
FOXO3,AKT1,999
CD8A,AKT1,685
CD8A,AKT1,685
CXCR4,AKT1,721
CXCR4,AKT1,721
CREB1,AKT1,986
CREB1,AKT1,986
BCAR1,AKT1,690
BCAR1,AKT1,690
JAK3,AKT1,925
JAK3,AKT1,925
IGF2,AKT1,686
IGF2,AKT1,686
FGFR1,AKT1,564
FGFR1,AKT1,564
MAPK9,AKT1,603
MAPK9,AKT1,603
CD44,AKT1,807
CD44,AKT1,807
TNF,AKT1,829
TNF,AKT1,829
RHOA,AKT1,995
RHOA,AKT1,995
SHC1,AKT1,977
SHC1,AKT1,977
ARRB2,AKT1,996
ARRB2,AKT1,996
ESR1,AKT1,985
ESR1,AKT1,985
HRAS,AKT1,895
HRAS,AKT1,895
ARRB1,AKT1,898
ARRB1,AKT1,898
PTPRC,AKT1,641
PTPRC,AKT1,641
IL10,AKT1,697
IL10,AKT1,697
BDNF,AKT1,778
BDNF,AKT1,778
NCK1,AKT1,726
NCK1,AKT1,726
PPP2CA,AKT1,997
PPP2CA,AKT1,997
CDKN2A,AKT1,852
CDKN2A,AKT1,852
BRCA1,AKT1,987
BRCA1,AKT1,987
PROM1,AKT1,667
PROM1,AKT1,667
PIK3R1,AKT1,996
PIK3R1,AKT1,996
ANGPT1,AKT1,657
ANGPT1,AKT1,657
LYN,AKT1,794
LYN,AKT1,794
HSPA8,AKT1,853
HSPA8,AKT1,853
TRAF6,AKT1,993
TRAF6,AKT1,993
H2AX,AKT1,543
H2AX,AKT1,543
CD19,AKT1,958
CD19,AKT1,958
HIF1A,AKT1,990
HIF1A,AKT1,990
UBC,AKT1,511
UBC,AKT1,511
VCL,ITGB3,896
VCL,ITGB3,896
MAPK1,ITGB3,922
MAPK1,ITGB3,922
MMP2,ITGB3,626
MMP2,ITGB3,626
CSK,ITGB3,684
CSK,ITGB3,684
TGFB1,ITGB3,759
TGFB1,ITGB3,759
SERPINE1,ITGB3,959
SERPINE1,ITGB3,959
CDKN1B,ITGB3,914
CDKN1B,ITGB3,914
GAPDH,ITGB3,516
GAPDH,ITGB3,516
RAC2,ITGB3,502
RAC2,ITGB3,502
RAF1,ITGB3,632
RAF1,ITGB3,632
KRAS,ITGB3,800
KRAS,ITGB3,800
TLR2,ITGB3,520
TLR2,ITGB3,520
THBS1,ITGB3,971
THBS1,ITGB3,971
PDGFRB,ITGB3,946
PDGFRB,ITGB3,946
MAPK3,ITGB3,956
MAPK3,ITGB3,956
KDR,ITGB3,998
KDR,ITGB3,998
PIK3CA,ITGB3,915
PIK3CA,ITGB3,915
CBL,ITGB3,915
CBL,ITGB3,915
FGF2,ITGB3,944
FGF2,ITGB3,944
ICAM1,ITGB3,542
ICAM1,ITGB3,542
EGF,ITGB3,645
EGF,ITGB3,645
PXN,ITGB3,988
PXN,ITGB3,988
IQGAP1,ITGB3,540
IQGAP1,ITGB3,540
ERBB2,ITGB3,522
ERBB2,ITGB3,522
EGFR,ITGB3,567
EGFR,ITGB3,567
APP,ITGB3,548
APP,ITGB3,548
KIT,ITGB3,582
KIT,ITGB3,582
ALB,ITGB3,513
ALB,ITGB3,513
ANXA5,ITGB3,531
ANXA5,ITGB3,531
ARF6,ITGB3,932
ARF6,ITGB3,932
CRK,ITGB3,930
CRK,ITGB3,930
MAP2K1,ITGB3,662
MAP2K1,ITGB3,662
IGF1,ITGB3,968
IGF1,ITGB3,968
IRS1,ITGB3,946
IRS1,ITGB3,946
CD34,ITGB3,695
CD34,ITGB3,695
CD28,ITGB3,914
CD28,ITGB3,914
CSF1,ITGB3,938
CSF1,ITGB3,938
PDGFB,ITGB3,923
PDGFB,ITGB3,923
HSP90AA1,ITGB3,912
HSP90AA1,ITGB3,912
CAV1,ITGB3,713
CAV1,ITGB3,713
PTPN11,ITGB3,784
PTPN11,ITGB3,784
PTK2,ITGB3,996
PTK2,ITGB3,996
CTNNB1,ITGB3,540
CTNNB1,ITGB3,540
CRKL,ITGB3,680
CRKL,ITGB3,680
FYN,ITGB3,544
FYN,ITGB3,544
FN1,ITGB3,999
FN1,ITGB3,999
RAC1,ITGB3,923
RAC1,ITGB3,923
CASP8,ITGB3,990
CASP8,ITGB3,990
TGFBR2,ITGB3,980
TGFBR2,ITGB3,980
TFRC,ITGB3,511
TFRC,ITGB3,511
NRAS,ITGB3,667
NRAS,ITGB3,667
FLNA,ITGB3,983
FLNA,ITGB3,983
PTPN1,ITGB3,943
PTPN1,ITGB3,943
MMP9,ITGB3,505
MMP9,ITGB3,505
YWHAB,ITGB3,616
YWHAB,ITGB3,616
SRC,ITGB3,999
SRC,ITGB3,999
TLR4,ITGB3,727
TLR4,ITGB3,727
SYK,ITGB3,993
SYK,ITGB3,993
SDC1,ITGB3,930
SDC1,ITGB3,930
GRB2,ITGB3,776
GRB2,ITGB3,776
BCL2L11,ITGB3,637
BCL2L11,ITGB3,637
SPP1,ITGB3,945
SPP1,ITGB3,945
ITGB1,ITGB3,930
ITGB1,ITGB3,930
PTK2B,ITGB3,991
PTK2B,ITGB3,991
ITGB2,ITGB3,909
ITGB2,ITGB3,909
CDC42,ITGB3,953
CDC42,ITGB3,953
IL6,ITGB3,500
IL6,ITGB3,500
BCAR1,ITGB3,954
BCAR1,ITGB3,954
FGFR1,ITGB3,503
FGFR1,ITGB3,503
CD44,ITGB3,726
CD44,ITGB3,726
RHOA,ITGB3,953
RHOA,ITGB3,953
SHC1,ITGB3,965
SHC1,ITGB3,965
ARRB2,ITGB3,504
ARRB2,ITGB3,504
HRAS,ITGB3,794
HRAS,ITGB3,794
PRKCA,ITGB3,720
PRKCA,ITGB3,720
ARRB1,ITGB3,504
ARRB1,ITGB3,504
PTPRC,ITGB3,699
PTPRC,ITGB3,699
PIK3R1,ITGB3,910
PIK3R1,ITGB3,910
LYN,ITGB3,655
LYN,ITGB3,655
CD19,ITGB3,519
CD19,ITGB3,519
AKT1,ITGB3,969
AKT1,ITGB3,969
CD4,PECAM1,744
CD4,PECAM1,744
NGFR,PECAM1,501
NGFR,PECAM1,501
TIMP1,PECAM1,531
TIMP1,PECAM1,531
MMP2,PECAM1,609
MMP2,PECAM1,609
CSK,PECAM1,937
CSK,PECAM1,937
TGFB1,PECAM1,555
TGFB1,PECAM1,555
HGF,PECAM1,637
HGF,PECAM1,637
SERPINE1,PECAM1,533
SERPINE1,PECAM1,533
CSF3,PECAM1,569
CSF3,PECAM1,569
CCL2,PECAM1,648
CCL2,PECAM1,648
IL2,PECAM1,504
IL2,PECAM1,504
CCND1,PECAM1,536
CCND1,PECAM1,536
IFNG,PECAM1,526
IFNG,PECAM1,526
GAPDH,PECAM1,739
GAPDH,PECAM1,739
NANOG,PECAM1,634
NANOG,PECAM1,634
IL4,PECAM1,504
IL4,PECAM1,504
PLCG1,PECAM1,900
PLCG1,PECAM1,900
SNAI1,PECAM1,513
SNAI1,PECAM1,513
BMP4,PECAM1,641
BMP4,PECAM1,641
SOX9,PECAM1,503
SOX9,PECAM1,503
PDGFRA,PECAM1,655
PDGFRA,PECAM1,655
POU5F1,PECAM1,649
POU5F1,PECAM1,649
THBS1,PECAM1,610
THBS1,PECAM1,610
CDH1,PECAM1,662
CDH1,PECAM1,662
PDGFRB,PECAM1,750
PDGFRB,PECAM1,750
FLT4,PECAM1,841
FLT4,PECAM1,841
SMAD2,PECAM1,526
SMAD2,PECAM1,526
MAPK3,PECAM1,603
MAPK3,PECAM1,603
IL1B,PECAM1,670
IL1B,PECAM1,670
EPCAM,PECAM1,703
EPCAM,PECAM1,703
KDR,PECAM1,998
KDR,PECAM1,998
FGF2,PECAM1,836
FGF2,PECAM1,836
STAT3,PECAM1,572
STAT3,PECAM1,572
ICAM1,PECAM1,870
ICAM1,PECAM1,870
EGF,PECAM1,686
EGF,PECAM1,686
PXN,PECAM1,938
PXN,PECAM1,938
FGF7,PECAM1,566
FGF7,PECAM1,566
CDH2,PECAM1,562
CDH2,PECAM1,562
TP53,PECAM1,603
TP53,PECAM1,603
ERBB2,PECAM1,564
ERBB2,PECAM1,564
EGFR,PECAM1,578
EGFR,PECAM1,578
TJP1,PECAM1,675
TJP1,PECAM1,675
FLT1,PECAM1,801
FLT1,PECAM1,801
GNAQ,PECAM1,954
GNAQ,PECAM1,954
PPARG,PECAM1,516
PPARG,PECAM1,516
KIT,PECAM1,796
KIT,PECAM1,796
FGF19,PECAM1,542
FGF19,PECAM1,542
ALB,PECAM1,819
ALB,PECAM1,819
ANXA5,PECAM1,672
ANXA5,PECAM1,672
CSF2,PECAM1,620
CSF2,PECAM1,620
MMP3,PECAM1,513
MMP3,PECAM1,513
IGF1,PECAM1,619
IGF1,PECAM1,619
CXCL8,PECAM1,644
CXCL8,PECAM1,644
CD34,PECAM1,950
CD34,PECAM1,950
CASP3,PECAM1,720
CASP3,PECAM1,720
FGF8,PECAM1,518
FGF8,PECAM1,518
FGF13,PECAM1,654
FGF13,PECAM1,654
SOX2,PECAM1,611
SOX2,PECAM1,611
PPP2R1A,PECAM1,695
PPP2R1A,PECAM1,695
PDGFB,PECAM1,617
PDGFB,PECAM1,617
FGF3,PECAM1,554
FGF3,PECAM1,554
LCK,PECAM1,948
LCK,PECAM1,948
CAV1,PECAM1,535
CAV1,PECAM1,535
PTPN11,PECAM1,999
PTPN11,PECAM1,999
PTK2,PECAM1,940
PTK2,PECAM1,940
CDH5,PECAM1,998
CDH5,PECAM1,998
CTNNB1,PECAM1,998
CTNNB1,PECAM1,998
FYN,PECAM1,958
FYN,PECAM1,958
FN1,PECAM1,825
FN1,PECAM1,825
TFRC,PECAM1,529
TFRC,PECAM1,529
PTGS2,PECAM1,516
PTGS2,PECAM1,516
CCN2,PECAM1,503
CCN2,PECAM1,503
NES,PECAM1,684
NES,PECAM1,684
MKI67,PECAM1,712
MKI67,PECAM1,712
MMP9,PECAM1,719
MMP9,PECAM1,719
SRC,PECAM1,998
SRC,PECAM1,998
TLR4,PECAM1,523
TLR4,PECAM1,523
FOXP3,PECAM1,576
FOXP3,PECAM1,576
BMP2,PECAM1,514
BMP2,PECAM1,514
EDN1,PECAM1,565
EDN1,PECAM1,565
SDC1,PECAM1,622
SDC1,PECAM1,622
SPP1,PECAM1,590
SPP1,PECAM1,590
CXCL12,PECAM1,692
CXCL12,PECAM1,692
ITGB1,PECAM1,842
ITGB1,PECAM1,842
INS,PECAM1,691
INS,PECAM1,691
ITGB2,PECAM1,583
ITGB2,PECAM1,583
IL6,PECAM1,685
IL6,PECAM1,685
CD8A,PECAM1,694
CD8A,PECAM1,694
CXCR4,PECAM1,755
CXCR4,PECAM1,755
PTPN6,PECAM1,988
PTPN6,PECAM1,988
BCAR1,PECAM1,920
BCAR1,PECAM1,920
CD44,PECAM1,844
CD44,PECAM1,844
TNF,PECAM1,746
TNF,PECAM1,746
PTPRC,PECAM1,958
PTPRC,PECAM1,958
IL10,PECAM1,612
IL10,PECAM1,612
PPP2CA,PECAM1,600
PPP2CA,PECAM1,600
PROM1,PECAM1,797
PROM1,PECAM1,797
ANGPT1,PECAM1,713
ANGPT1,PECAM1,713
LYN,PECAM1,944
LYN,PECAM1,944
CD19,PECAM1,657
CD19,PECAM1,657
HIF1A,PECAM1,716
HIF1A,PECAM1,716
AKT1,PECAM1,694
AKT1,PECAM1,694
ITGB3,PECAM1,974
ITGB3,PECAM1,974
VCL,YES1,939
VCL,YES1,939
MAPK1,YES1,922
MAPK1,YES1,922
CSK,YES1,937
CSK,YES1,937
PIK3R2,YES1,674
PIK3R2,YES1,674
MAPK14,YES1,919
MAPK14,YES1,919
HBEGF,YES1,906
HBEGF,YES1,906
PLCG1,YES1,923
PLCG1,YES1,923
EREG,YES1,903
EREG,YES1,903
KRAS,YES1,904
KRAS,YES1,904
CDH1,YES1,512
CDH1,YES1,512
PDGFRB,YES1,936
PDGFRB,YES1,936
PIK3R3,YES1,654
PIK3R3,YES1,654
AKT3,YES1,691
AKT3,YES1,691
PIK3CA,YES1,724
PIK3CA,YES1,724
CBL,YES1,951
CBL,YES1,951
WNT5A,YES1,920
WNT5A,YES1,920
STAT3,YES1,936
STAT3,YES1,936
ZAP70,YES1,909
ZAP70,YES1,909
EGF,YES1,936
EGF,YES1,936
ERBB3,YES1,941
ERBB3,YES1,941
PXN,YES1,954
PXN,YES1,954
ERBB2,YES1,943
ERBB2,YES1,943
RASA1,YES1,931
RASA1,YES1,931
EGFR,YES1,976
EGFR,YES1,976
PAK1,YES1,912
PAK1,YES1,912
KIT,YES1,779
KIT,YES1,779
STAT5B,YES1,718
STAT5B,YES1,718
CRK,YES1,943
CRK,YES1,943
PPP2R1A,YES1,903
PPP2R1A,YES1,903
CD28,YES1,911
CD28,YES1,911
PDGFB,YES1,909
PDGFB,YES1,909
LCK,YES1,923
LCK,YES1,923
SNCA,YES1,901
SNCA,YES1,901
PTPN11,YES1,752
PTPN11,YES1,752
PTK2,YES1,986
PTK2,YES1,986
STAT5A,YES1,719
STAT5A,YES1,719
ERBB4,YES1,940
ERBB4,YES1,940
CTNNB1,YES1,823
CTNNB1,YES1,823
CRKL,YES1,746
CRKL,YES1,746
FYN,YES1,994
FYN,YES1,994
FAS,YES1,517
FAS,YES1,517
RAC1,YES1,930
RAC1,YES1,930
EPHA2,YES1,914
EPHA2,YES1,914
STAT1,YES1,714
STAT1,YES1,714
CD247,YES1,912
CD247,YES1,912
GAB2,YES1,620
GAB2,YES1,620
NRAS,YES1,868
NRAS,YES1,868
PTEN,YES1,513
PTEN,YES1,513
ABL1,YES1,905
ABL1,YES1,905
SRC,YES1,979
SRC,YES1,979
FGR,YES1,945
FGR,YES1,945
SYK,YES1,915
SYK,YES1,915
CTTN,YES1,688
CTTN,YES1,688
PIK3CD,YES1,679
PIK3CD,YES1,679
JAK2,YES1,740
JAK2,YES1,740
AKT2,YES1,696
AKT2,YES1,696
GRB2,YES1,946
GRB2,YES1,946
BTC,YES1,900
BTC,YES1,900
PTK2B,YES1,927
PTK2B,YES1,927
CTNND1,YES1,896
CTNND1,YES1,896
CDC42,YES1,951
CDC42,YES1,951
BCAR1,YES1,951
BCAR1,YES1,951
RHOA,YES1,947
RHOA,YES1,947
HRAS,YES1,900
HRAS,YES1,900
NCK1,YES1,920
NCK1,YES1,920
PPP2CA,YES1,911
PPP2CA,YES1,911
PIK3R1,YES1,760
PIK3R1,YES1,760
LYN,YES1,903
LYN,YES1,903
AKT1,YES1,741
AKT1,YES1,741
PECAM1,YES1,957
PECAM1,YES1,957
NGFR,GFAP,543
NGFR,GFAP,543
CCL2,GFAP,581
CCL2,GFAP,581
GAPDH,GFAP,732
GAPDH,GFAP,732
NANOG,GFAP,610
NANOG,GFAP,610
SOX9,GFAP,507
SOX9,GFAP,507
LIF,GFAP,509
LIF,GFAP,509
PDGFRA,GFAP,592
PDGFRA,GFAP,592
POU5F1,GFAP,682
POU5F1,GFAP,682
IL1B,GFAP,707
IL1B,GFAP,707
FGF2,GFAP,784
FGF2,GFAP,784
STAT3,GFAP,555
STAT3,GFAP,555
EGF,GFAP,862
EGF,GFAP,862
TP53,GFAP,563
TP53,GFAP,563
RPS27A,GFAP,903
RPS27A,GFAP,903
EGFR,GFAP,563
EGFR,GFAP,563
NTRK2,GFAP,751
NTRK2,GFAP,751
TJP1,GFAP,528
TJP1,GFAP,528
APP,GFAP,793
APP,GFAP,793
ALB,GFAP,832
ALB,GFAP,832
SHH,GFAP,623
SHH,GFAP,623
IGF1,GFAP,528
IGF1,GFAP,528
UBB,GFAP,939
UBB,GFAP,939
FOS,GFAP,554
FOS,GFAP,554
CD34,GFAP,625
CD34,GFAP,625
CASP3,GFAP,739
CASP3,GFAP,739
FGF13,GFAP,619
FGF13,GFAP,619
SOX2,GFAP,814
SOX2,GFAP,814
HSP90AA1,GFAP,729
HSP90AA1,GFAP,729
SNCA,GFAP,651
SNCA,GFAP,651
MAPT,GFAP,845
MAPT,GFAP,845
ERBB4,GFAP,934
ERBB4,GFAP,934
CTNNB1,GFAP,573
CTNNB1,GFAP,573
FN1,GFAP,585
FN1,GFAP,585
NES,GFAP,660
NES,GFAP,660
MKI67,GFAP,597
MKI67,GFAP,597
NGF,GFAP,668
NGF,GFAP,668
HSP90AB1,GFAP,686
HSP90AB1,GFAP,686
TLR4,GFAP,629
TLR4,GFAP,629
INS,GFAP,550
INS,GFAP,550
DLG4,GFAP,736
DLG4,GFAP,736
IL6,GFAP,674
IL6,GFAP,674
CREB1,GFAP,523
CREB1,GFAP,523
UBA52,GFAP,900
UBA52,GFAP,900
CD44,GFAP,532
CD44,GFAP,532
TNF,GFAP,691
TNF,GFAP,691
PRKCA,GFAP,590
PRKCA,GFAP,590
PTPRC,GFAP,643
PTPRC,GFAP,643
IL10,GFAP,539
IL10,GFAP,539
BDNF,GFAP,810
BDNF,GFAP,810
PROM1,GFAP,700
PROM1,GFAP,700
NTRK1,GFAP,505
NTRK1,GFAP,505
HSPA8,GFAP,729
HSPA8,GFAP,729
UBC,GFAP,918
UBC,GFAP,918
AKT1,GFAP,588
AKT1,GFAP,588
PECAM1,GFAP,684
PECAM1,GFAP,684
CD4,FLT3LG,647
CD4,FLT3LG,647
FGF4,FLT3LG,514
FGF4,FLT3LG,514
NGFR,FLT3LG,634
NGFR,FLT3LG,634
CSK,FLT3LG,600
CSK,FLT3LG,600
PIK3R2,FLT3LG,503
PIK3R2,FLT3LG,503
CSF3,FLT3LG,757
CSF3,FLT3LG,757
IL2,FLT3LG,577
IL2,FLT3LG,577
CDKN1B,FLT3LG,901
CDKN1B,FLT3LG,901
IFNG,FLT3LG,559
IFNG,FLT3LG,559
IL4,FLT3LG,662
IL4,FLT3LG,662
IL5,FLT3LG,503
IL5,FLT3LG,503
KRAS,FLT3LG,904
KRAS,FLT3LG,904
PDGFRA,FLT3LG,630
PDGFRA,FLT3LG,630
PDGFRB,FLT3LG,634
PDGFRB,FLT3LG,634
FLT4,FLT3LG,603
FLT4,FLT3LG,603
IL7,FLT3LG,715
IL7,FLT3LG,715
KDR,FLT3LG,673
KDR,FLT3LG,673
CBL,FLT3LG,613
CBL,FLT3LG,613
FGF2,FLT3LG,713
FGF2,FLT3LG,713
ERBB3,FLT3LG,600
ERBB3,FLT3LG,600
FGF7,FLT3LG,527
FGF7,FLT3LG,527
ERBB2,FLT3LG,634
ERBB2,FLT3LG,634
RPS27A,FLT3LG,900
RPS27A,FLT3LG,900
EGFR,FLT3LG,643
EGFR,FLT3LG,643
IFNA1,FLT3LG,556
IFNA1,FLT3LG,556
NTRK2,FLT3LG,600
NTRK2,FLT3LG,600
FLT1,FLT3LG,642
FLT1,FLT3LG,642
KIT,FLT3LG,848
KIT,FLT3LG,848
FGFR4,FLT3LG,600
FGFR4,FLT3LG,600
STAT5B,FLT3LG,721
STAT5B,FLT3LG,721
IL15,FLT3LG,601
IL15,FLT3LG,601
IL3,FLT3LG,783
IL3,FLT3LG,783
CSF2,FLT3LG,772
CSF2,FLT3LG,772
INSR,FLT3LG,600
INSR,FLT3LG,600
UBB,FLT3LG,900
UBB,FLT3LG,900
CD34,FLT3LG,736
CD34,FLT3LG,736
MET,FLT3LG,600
MET,FLT3LG,600
CSF1,FLT3LG,594
CSF1,FLT3LG,594
LCK,FLT3LG,759
LCK,FLT3LG,759
FGFR3,FLT3LG,600
FGFR3,FLT3LG,600
PTPN11,FLT3LG,583
PTPN11,FLT3LG,583
STAT5A,FLT3LG,722
STAT5A,FLT3LG,722
ERBB4,FLT3LG,600
ERBB4,FLT3LG,600
FYN,FLT3LG,521
FYN,FLT3LG,521
EPHA2,FLT3LG,601
EPHA2,FLT3LG,601
NRAS,FLT3LG,910
NRAS,FLT3LG,910
SYK,FLT3LG,671
SYK,FLT3LG,671
IFNB1,FLT3LG,536
IFNB1,FLT3LG,536
GRB2,FLT3LG,528
GRB2,FLT3LG,528
IL6,FLT3LG,666
IL6,FLT3LG,666
CD8A,FLT3LG,654
CD8A,FLT3LG,654
UBA52,FLT3LG,902
UBA52,FLT3LG,902
FGFR1,FLT3LG,606
FGFR1,FLT3LG,606
TNF,FLT3LG,541
TNF,FLT3LG,541
HRAS,FLT3LG,908
HRAS,FLT3LG,908
FGFR2,FLT3LG,600
FGFR2,FLT3LG,600
PTPRC,FLT3LG,699
PTPRC,FLT3LG,699
IL10,FLT3LG,537
IL10,FLT3LG,537
NTRK1,FLT3LG,791
NTRK1,FLT3LG,791
CD19,FLT3LG,630
CD19,FLT3LG,630
UBC,FLT3LG,902
UBC,FLT3LG,902
CD4,VAV1,963
CD4,VAV1,963
VCL,VAV1,582
VCL,VAV1,582
MAPK1,VAV1,687
MAPK1,VAV1,687
EPOR,VAV1,904
EPOR,VAV1,904
PIK3R2,VAV1,681
PIK3R2,VAV1,681
IL2,VAV1,556
IL2,VAV1,556
PLEK,VAV1,775
PLEK,VAV1,775
PLCG1,VAV1,978
PLCG1,VAV1,978
RAC2,VAV1,975
RAC2,VAV1,975
RAF1,VAV1,506
RAF1,VAV1,506
EPO,VAV1,684
EPO,VAV1,684
KRAS,VAV1,952
KRAS,VAV1,952
PDGFRB,VAV1,631
PDGFRB,VAV1,631
PIK3R3,VAV1,678
PIK3R3,VAV1,678
KDR,VAV1,932
KDR,VAV1,932
PIK3CA,VAV1,921
PIK3CA,VAV1,921
CBL,VAV1,999
CBL,VAV1,999
ZAP70,VAV1,999
ZAP70,VAV1,999
ERBB3,VAV1,651
ERBB3,VAV1,651
ERBB2,VAV1,726
ERBB2,VAV1,726
EGFR,VAV1,982
EGFR,VAV1,982
PAK1,VAV1,752
PAK1,VAV1,752
GNAQ,VAV1,915
GNAQ,VAV1,915
KIT,VAV1,957
KIT,VAV1,957
HPGDS,VAV1,579
HPGDS,VAV1,579
MAP2K1,VAV1,506
MAP2K1,VAV1,506
CTNNA1,VAV1,689
CTNNA1,VAV1,689
EZH2,VAV1,995
EZH2,VAV1,995
CD28,VAV1,913
CD28,VAV1,913
SOCS1,VAV1,993
SOCS1,VAV1,993
LCK,VAV1,991
LCK,VAV1,991
PTPN11,VAV1,958
PTPN11,VAV1,958
PTK2,VAV1,943
PTK2,VAV1,943
ERBB4,VAV1,567
ERBB4,VAV1,567
JAK1,VAV1,926
JAK1,VAV1,926
CDH5,VAV1,760
CDH5,VAV1,760
CTNNB1,VAV1,754
CTNNB1,VAV1,754
CRKL,VAV1,671
CRKL,VAV1,671
FYN,VAV1,968
FYN,VAV1,968
RAC1,VAV1,995
RAC1,VAV1,995
EPHA2,VAV1,869
EPHA2,VAV1,869
PIK3CG,VAV1,801
PIK3CG,VAV1,801
CD247,VAV1,979
CD247,VAV1,979
GAB2,VAV1,646
GAB2,VAV1,646
IL6R,VAV1,911
IL6R,VAV1,911
NRAS,VAV1,933
NRAS,VAV1,933
JUN,VAV1,650
JUN,VAV1,650
ABL1,VAV1,631
ABL1,VAV1,631
SRC,VAV1,721
SRC,VAV1,721
SYK,VAV1,999
SYK,VAV1,999
IRS2,VAV1,545
IRS2,VAV1,545
PIK3CD,VAV1,794
PIK3CD,VAV1,794
IL6ST,VAV1,923
IL6ST,VAV1,923
JAK2,VAV1,868
JAK2,VAV1,868
DNM2,VAV1,978
DNM2,VAV1,978
GRB2,VAV1,991
GRB2,VAV1,991
CXCL12,VAV1,936
CXCL12,VAV1,936
PTK2B,VAV1,885
PTK2B,VAV1,885
ITGB2,VAV1,933
ITGB2,VAV1,933
CTNND1,VAV1,683
CTNND1,VAV1,683
CDC42,VAV1,997
CDC42,VAV1,997
IL6,VAV1,936
IL6,VAV1,936
CD8A,VAV1,956
CD8A,VAV1,956
CXCR4,VAV1,957
CXCR4,VAV1,957
PTPN6,VAV1,902
PTPN6,VAV1,902
CD44,VAV1,875
CD44,VAV1,875
RHOA,VAV1,995
RHOA,VAV1,995
SHC1,VAV1,894
SHC1,VAV1,894
HRAS,VAV1,968
HRAS,VAV1,968
PTPRC,VAV1,815
PTPRC,VAV1,815
NCK1,VAV1,953
NCK1,VAV1,953
PIK3R1,VAV1,971
PIK3R1,VAV1,971
LYN,VAV1,988
LYN,VAV1,988
TYK2,VAV1,783
TYK2,VAV1,783
CD19,VAV1,999
CD19,VAV1,999
AKT1,VAV1,969
AKT1,VAV1,969
YES1,VAV1,914
YES1,VAV1,914
TGFB1,YAP1,921
TGFB1,YAP1,921
CCND1,YAP1,663
CCND1,YAP1,663
GAPDH,YAP1,524
GAPDH,YAP1,524
SNAI1,YAP1,605
SNAI1,YAP1,605
SOX9,YAP1,569
SOX9,YAP1,569
KRAS,YAP1,659
KRAS,YAP1,659
POU5F1,YAP1,867
POU5F1,YAP1,867
CDH1,YAP1,753
CDH1,YAP1,753
SMAD2,YAP1,978
SMAD2,YAP1,978
AXIN1,YAP1,912
AXIN1,YAP1,912
EP300,YAP1,872
EP300,YAP1,872
RB1,YAP1,796
RB1,YAP1,796
IQGAP1,YAP1,617
IQGAP1,YAP1,617
TP53,YAP1,650
TP53,YAP1,650
ERBB2,YAP1,559
ERBB2,YAP1,559
EGFR,YAP1,863
EGFR,YAP1,863
TJP1,YAP1,902
TJP1,YAP1,902
FBXW7,YAP1,630
FBXW7,YAP1,630
WNT1,YAP1,507
WNT1,YAP1,507
SHH,YAP1,581
SHH,YAP1,581
MAP2K1,YAP1,628
MAP2K1,YAP1,628
CTNNA1,YAP1,793
CTNNA1,YAP1,793
IRS1,YAP1,850
IRS1,YAP1,850
SOX2,YAP1,533
SOX2,YAP1,533
PPP2R1A,YAP1,641
PPP2R1A,YAP1,641
SMAD3,YAP1,955
SMAD3,YAP1,955
PTPN11,YAP1,592
PTPN11,YAP1,592
SMAD4,YAP1,919
SMAD4,YAP1,919
ERBB4,YAP1,998
ERBB4,YAP1,998
CTNNB1,YAP1,999
CTNNB1,YAP1,999
FN1,YAP1,513
FN1,YAP1,513
TGFBR2,YAP1,927
TGFBR2,YAP1,927
EZR,YAP1,559
EZR,YAP1,559
CCN2,YAP1,983
CCN2,YAP1,983
JUN,YAP1,565
JUN,YAP1,565
PTEN,YAP1,663
PTEN,YAP1,663
ABL1,YAP1,978
ABL1,YAP1,978
YWHAB,YAP1,952
YWHAB,YAP1,952
SRC,YAP1,888
SRC,YAP1,888
AR,YAP1,921
AR,YAP1,921
YWHAZ,YAP1,975
YWHAZ,YAP1,975
SNAI2,YAP1,599
SNAI2,YAP1,599
XPO1,YAP1,882
XPO1,YAP1,882
CREB1,YAP1,755
CREB1,YAP1,755
SMARCA4,YAP1,658
SMARCA4,YAP1,658
HRAS,YAP1,697
HRAS,YAP1,697
PPP2CA,YAP1,651
PPP2CA,YAP1,651
HIF1A,YAP1,515
HIF1A,YAP1,515
AKT1,YAP1,675
AKT1,YAP1,675
YES1,YAP1,935
YES1,YAP1,935
NGFR,VEGFC,649
NGFR,VEGFC,649
MMP2,VEGFC,630
MMP2,VEGFC,630
HGF,VEGFC,655
HGF,VEGFC,655
CCL2,VEGFC,501
CCL2,VEGFC,501
GAPDH,VEGFC,507
GAPDH,VEGFC,507
PDGFRA,VEGFC,785
PDGFRA,VEGFC,785
THBS1,VEGFC,559
THBS1,VEGFC,559
PDGFRB,VEGFC,798
PDGFRB,VEGFC,798
FLT4,VEGFC,999
FLT4,VEGFC,999
IL1B,VEGFC,503
IL1B,VEGFC,503
KDR,VEGFC,999
KDR,VEGFC,999
PIK3CA,VEGFC,925
PIK3CA,VEGFC,925
FGF2,VEGFC,776
FGF2,VEGFC,776
EGF,VEGFC,571
EGF,VEGFC,571
ERBB3,VEGFC,700
ERBB3,VEGFC,700
ERBB2,VEGFC,796
ERBB2,VEGFC,796
EGFR,VEGFC,827
EGFR,VEGFC,827
NTRK2,VEGFC,653
NTRK2,VEGFC,653
FLT1,VEGFC,987
FLT1,VEGFC,987
KIT,VEGFC,777
KIT,VEGFC,777
FGFR4,VEGFC,688
FGFR4,VEGFC,688
CRK,VEGFC,905
CRK,VEGFC,905
IGF1,VEGFC,509
IGF1,VEGFC,509
INSR,VEGFC,621
INSR,VEGFC,621
CXCL8,VEGFC,579
CXCL8,VEGFC,579
CD34,VEGFC,516
CD34,VEGFC,516
MET,VEGFC,791
MET,VEGFC,791
FGF13,VEGFC,657
FGF13,VEGFC,657
PDGFB,VEGFC,577
PDGFB,VEGFC,577
CAV1,VEGFC,579
CAV1,VEGFC,579
FGFR3,VEGFC,713
FGFR3,VEGFC,713
ERBB4,VEGFC,685
ERBB4,VEGFC,685
CDH5,VEGFC,575
CDH5,VEGFC,575
PDGFA,VEGFC,526
PDGFA,VEGFC,526
FN1,VEGFC,612
FN1,VEGFC,612
EPHA2,VEGFC,706
EPHA2,VEGFC,706
PTGS2,VEGFC,528
PTGS2,VEGFC,528
CCN2,VEGFC,530
CCN2,VEGFC,530
MMP9,VEGFC,620
MMP9,VEGFC,620
SRC,VEGFC,564
SRC,VEGFC,564
EDN1,VEGFC,516
EDN1,VEGFC,516
GRB2,VEGFC,918
GRB2,VEGFC,918
CXCL12,VEGFC,584
CXCL12,VEGFC,584
ITGB1,VEGFC,936
ITGB1,VEGFC,936
IL6,VEGFC,593
IL6,VEGFC,593
CXCR4,VEGFC,578
CXCR4,VEGFC,578
FGFR1,VEGFC,760
FGFR1,VEGFC,760
TNF,VEGFC,530
TNF,VEGFC,530
SHC1,VEGFC,933
SHC1,VEGFC,933
FGFR2,VEGFC,711
FGFR2,VEGFC,711
PIK3R1,VEGFC,913
PIK3R1,VEGFC,913
ANGPT1,VEGFC,698
ANGPT1,VEGFC,698
NTRK1,VEGFC,915
NTRK1,VEGFC,915
HIF1A,VEGFC,634
HIF1A,VEGFC,634
AKT1,VEGFC,595
AKT1,VEGFC,595
PECAM1,VEGFC,711
PECAM1,VEGFC,711
CD4,NCAM1,872
CD4,NCAM1,872
NGFR,NCAM1,547
NGFR,NCAM1,547
CSF3,NCAM1,556
CSF3,NCAM1,556
IL2,NCAM1,806
IL2,NCAM1,806
IFNG,NCAM1,714
IFNG,NCAM1,714
GAPDH,NCAM1,502
GAPDH,NCAM1,502
IL4,NCAM1,661
IL4,NCAM1,661
IL5,NCAM1,501
IL5,NCAM1,501
PLCG1,NCAM1,555
PLCG1,NCAM1,555
BMP4,NCAM1,503
BMP4,NCAM1,503
KRAS,NCAM1,937
KRAS,NCAM1,937
CDH1,NCAM1,673
CDH1,NCAM1,673
IL1B,NCAM1,556
IL1B,NCAM1,556
EPCAM,NCAM1,562
EPCAM,NCAM1,562
IL7,NCAM1,596
IL7,NCAM1,596
FGF2,NCAM1,635
FGF2,NCAM1,635
ICAM1,NCAM1,612
ICAM1,NCAM1,612
CDH2,NCAM1,896
CDH2,NCAM1,896
TP53,NCAM1,557
TP53,NCAM1,557
ERBB2,NCAM1,524
ERBB2,NCAM1,524
EGFR,NCAM1,727
EGFR,NCAM1,727
IFNA1,NCAM1,602
IFNA1,NCAM1,602
APP,NCAM1,803
APP,NCAM1,803
KIT,NCAM1,748
KIT,NCAM1,748
FGFR4,NCAM1,935
FGFR4,NCAM1,935
FGF19,NCAM1,914
FGF19,NCAM1,914
ALB,NCAM1,659
ALB,NCAM1,659
ANXA5,NCAM1,505
ANXA5,NCAM1,505
IL15,NCAM1,738
IL15,NCAM1,738
CSF2,NCAM1,640
CSF2,NCAM1,640
IL13,NCAM1,517
IL13,NCAM1,517
CXCL8,NCAM1,530
CXCL8,NCAM1,530
CD34,NCAM1,825
CD34,NCAM1,825
FGF13,NCAM1,520
FGF13,NCAM1,520
SOX2,NCAM1,615
SOX2,NCAM1,615
CD28,NCAM1,706
CD28,NCAM1,706
PTK2,NCAM1,660
PTK2,NCAM1,660
CTNNB1,NCAM1,514
CTNNB1,NCAM1,514
FYN,NCAM1,974
FYN,NCAM1,974
FN1,NCAM1,603
FN1,NCAM1,603
RET,NCAM1,529
RET,NCAM1,529
FAS,NCAM1,520
FAS,NCAM1,520
TFRC,NCAM1,545
TFRC,NCAM1,545
CD247,NCAM1,512
CD247,NCAM1,512
NES,NCAM1,722
NES,NCAM1,722
MKI67,NCAM1,530
MKI67,NCAM1,530
NRAS,NCAM1,927
NRAS,NCAM1,927
SRC,NCAM1,937
SRC,NCAM1,937
FOXP3,NCAM1,681
FOXP3,NCAM1,681
SDC1,NCAM1,736
SDC1,NCAM1,736
CD274,NCAM1,600
CD274,NCAM1,600
ALK,NCAM1,570
ALK,NCAM1,570
GRB2,NCAM1,583
GRB2,NCAM1,583
ITGB1,NCAM1,643
ITGB1,NCAM1,643
DLG4,NCAM1,618
DLG4,NCAM1,618
IL6,NCAM1,612
IL6,NCAM1,612
CD8A,NCAM1,874
CD8A,NCAM1,874
CXCR4,NCAM1,579
CXCR4,NCAM1,579
FGFR1,NCAM1,991
FGFR1,NCAM1,991
CD44,NCAM1,620
CD44,NCAM1,620
TNF,NCAM1,687
TNF,NCAM1,687
HRAS,NCAM1,943
HRAS,NCAM1,943
FGFR2,NCAM1,948
FGFR2,NCAM1,948
PTPRC,NCAM1,857
PTPRC,NCAM1,857
IL10,NCAM1,654
IL10,NCAM1,654
BDNF,NCAM1,712
BDNF,NCAM1,712
PROM1,NCAM1,630
PROM1,NCAM1,630
NTRK1,NCAM1,506
NTRK1,NCAM1,506
CD19,NCAM1,887
CD19,NCAM1,887
ITGB3,NCAM1,562
ITGB3,NCAM1,562
PECAM1,NCAM1,617
PECAM1,NCAM1,617
GFAP,NCAM1,743
GFAP,NCAM1,743
NGFR,FGF1,680
NGFR,FGF1,680
MAPK1,FGF1,922
MAPK1,FGF1,922
PIK3R2,FGF1,616
PIK3R2,FGF1,616
HGF,FGF1,695
HGF,FGF1,695
HBEGF,FGF1,518
HBEGF,FGF1,518
FGF23,FGF1,857
FGF23,FGF1,857
PLCG1,FGF1,680
PLCG1,FGF1,680
BMP4,FGF1,595
BMP4,FGF1,595
KRAS,FGF1,924
KRAS,FGF1,924
PDGFRA,FGF1,773
PDGFRA,FGF1,773
PDGFRB,FGF1,807
PDGFRB,FGF1,807
FLT4,FGF1,792
FLT4,FGF1,792
GAB1,FGF1,567
GAB1,FGF1,567
MAPK3,FGF1,944
MAPK3,FGF1,944
KDR,FGF1,854
KDR,FGF1,854
PIK3CA,FGF1,555
PIK3CA,FGF1,555
CBL,FGF1,615
CBL,FGF1,615
FGF2,FGF1,859
FGF2,FGF1,859
EGF,FGF1,693
EGF,FGF1,693
ERBB3,FGF1,685
ERBB3,FGF1,685
TP53,FGF1,608
TP53,FGF1,608
ERBB2,FGF1,725
ERBB2,FGF1,725
RPS27A,FGF1,606
RPS27A,FGF1,606
EGFR,FGF1,790
EGFR,FGF1,790
NTRK2,FGF1,775
NTRK2,FGF1,775
FLT1,FGF1,833
FLT1,FGF1,833
PPARG,FGF1,560
PPARG,FGF1,560
KIT,FGF1,787
KIT,FGF1,787
FGFR4,FGF1,998
FGFR4,FGF1,998
ALB,FGF1,508
ALB,FGF1,508
IGF1,FGF1,671
IGF1,FGF1,671
INSR,FGF1,643
INSR,FGF1,643
UBB,FGF1,600
UBB,FGF1,600
IRS1,FGF1,556
IRS1,FGF1,556
MET,FGF1,725
MET,FGF1,725
PDGFB,FGF1,511
PDGFB,FGF1,511
FGFR3,FGF1,998
FGFR3,FGF1,998
PTPN11,FGF1,613
PTPN11,FGF1,613
ERBB4,FGF1,729
ERBB4,FGF1,729
ANXA2,FGF1,658
ANXA2,FGF1,658
PDGFA,FGF1,560
PDGFA,FGF1,560
FN1,FGF1,596
FN1,FGF1,596
EPHA2,FGF1,630
EPHA2,FGF1,630
GAB2,FGF1,508
GAB2,FGF1,508
CCN2,FGF1,599
CCN2,FGF1,599
NGF,FGF1,580
NGF,FGF1,580
NRAS,FGF1,910
NRAS,FGF1,910
IRS2,FGF1,532
IRS2,FGF1,532
BMP2,FGF1,608
BMP2,FGF1,608
GRB2,FGF1,933
GRB2,FGF1,933
INS,FGF1,599
INS,FGF1,599
IL6,FGF1,565
IL6,FGF1,565
UBA52,FGF1,600
UBA52,FGF1,600
IGF2,FGF1,519
IGF2,FGF1,519
FGFR1,FGF1,999
FGFR1,FGF1,999
CD44,FGF1,854
CD44,FGF1,854
SHC1,FGF1,592
SHC1,FGF1,592
HRAS,FGF1,929
HRAS,FGF1,929
FGFR2,FGF1,999
FGFR2,FGF1,999
BDNF,FGF1,579
BDNF,FGF1,579
PIK3R1,FGF1,549
PIK3R1,FGF1,549
ANGPT1,FGF1,556
ANGPT1,FGF1,556
NTRK1,FGF1,746
NTRK1,FGF1,746
UBC,FGF1,610
UBC,FGF1,610
AKT1,FGF1,556
AKT1,FGF1,556
ITGB3,FGF1,532
ITGB3,FGF1,532
PECAM1,FGF1,531
PECAM1,FGF1,531
GFAP,FGF1,500
GFAP,FGF1,500
FLT3LG,FGF1,563
FLT3LG,FGF1,563
VEGFC,FGF1,530
VEGFC,FGF1,530
GNA11,PLCG2,851
GNA11,PLCG2,851
MAPK1,PLCG2,527
MAPK1,PLCG2,527
EPOR,PLCG2,799
EPOR,PLCG2,799
PIK3R2,PLCG2,689
PIK3R2,PLCG2,689
PLEK,PLCG2,670
PLEK,PLCG2,670
PLCG1,PLCG2,939
PLCG1,PLCG2,939
RAC2,PLCG2,883
RAC2,PLCG2,883
EPO,PLCG2,612
EPO,PLCG2,612
PDGFRA,PLCG2,808
PDGFRA,PLCG2,808
PDGFRB,PLCG2,829
PDGFRB,PLCG2,829
PIK3R3,PLCG2,699
PIK3R3,PLCG2,699
GAB1,PLCG2,611
GAB1,PLCG2,611
MAPK3,PLCG2,622
MAPK3,PLCG2,622
KDR,PLCG2,872
KDR,PLCG2,872
PIK3CA,PLCG2,769
PIK3CA,PLCG2,769
CBL,PLCG2,618
CBL,PLCG2,618
ICAM1,PLCG2,846
ICAM1,PLCG2,846
ZAP70,PLCG2,975
ZAP70,PLCG2,975
ERBB3,PLCG2,909
ERBB3,PLCG2,909
ERBB2,PLCG2,966
ERBB2,PLCG2,966
EGFR,PLCG2,990
EGFR,PLCG2,990
NTRK2,PLCG2,813
NTRK2,PLCG2,813
PAK1,PLCG2,602
PAK1,PLCG2,602
GNAQ,PLCG2,881
GNAQ,PLCG2,881
MET,PLCG2,832
MET,PLCG2,832
HSPA5,PLCG2,622
HSPA5,PLCG2,622
HSP90AA1,PLCG2,666
HSP90AA1,PLCG2,666
LCK,PLCG2,941
LCK,PLCG2,941
FGFR3,PLCG2,864
FGFR3,PLCG2,864
PTPN11,PLCG2,538
PTPN11,PLCG2,538
ERBB4,PLCG2,825
ERBB4,PLCG2,825
FYN,PLCG2,963
FYN,PLCG2,963
RAC1,PLCG2,721
RAC1,PLCG2,721
PIK3CG,PLCG2,819
PIK3CG,PLCG2,819
CD247,PLCG2,705
CD247,PLCG2,705
GAB2,PLCG2,976
GAB2,PLCG2,976
IL6R,PLCG2,802
IL6R,PLCG2,802
HSP90AB1,PLCG2,648
HSP90AB1,PLCG2,648
PTEN,PLCG2,746
PTEN,PLCG2,746
SRC,PLCG2,985
SRC,PLCG2,985
TLR4,PLCG2,937
TLR4,PLCG2,937
FGR,PLCG2,935
FGR,PLCG2,935
SYK,PLCG2,976
SYK,PLCG2,976
IRS2,PLCG2,618
IRS2,PLCG2,618
PIK3CD,PLCG2,837
PIK3CD,PLCG2,837
JAK2,PLCG2,885
JAK2,PLCG2,885
ALK,PLCG2,827
ALK,PLCG2,827
GRB2,PLCG2,919
GRB2,PLCG2,919
PTK2B,PLCG2,587
PTK2B,PLCG2,587
PTPN6,PLCG2,946
PTPN6,PLCG2,946
FGFR1,PLCG2,845
FGFR1,PLCG2,845
SHC1,PLCG2,837
SHC1,PLCG2,837
PRKCA,PLCG2,966
PRKCA,PLCG2,966
FGFR2,PLCG2,830
FGFR2,PLCG2,830
PTPRC,PLCG2,654
PTPRC,PLCG2,654
NCK1,PLCG2,611
NCK1,PLCG2,611
PIK3R1,PLCG2,899
PIK3R1,PLCG2,899
LYN,PLCG2,983
LYN,PLCG2,983
NTRK1,PLCG2,822
NTRK1,PLCG2,822
TRAF6,PLCG2,502
TRAF6,PLCG2,502
CD19,PLCG2,814
CD19,PLCG2,814
AKT1,PLCG2,812
AKT1,PLCG2,812
YES1,PLCG2,923
YES1,PLCG2,923
VAV1,PLCG2,915
VAV1,PLCG2,915
CSF3,PRLR,612
CSF3,PRLR,612
IL2,PRLR,658
IL2,PRLR,658
IFNG,PRLR,633
IFNG,PRLR,633
HBEGF,PRLR,908
HBEGF,PRLR,908
IL4,PRLR,630
IL4,PRLR,630
IL5,PRLR,625
IL5,PRLR,625
LIF,PRLR,620
LIF,PRLR,620
EPO,PRLR,782
EPO,PRLR,782
IL7,PRLR,638
IL7,PRLR,638
STAT3,PRLR,810
STAT3,PRLR,810
EGF,PRLR,737
EGF,PRLR,737
ERBB2,PRLR,531
ERBB2,PRLR,531
IFNA1,PRLR,617
IFNA1,PRLR,617
STAT5B,PRLR,957
STAT5B,PRLR,957
IL15,PRLR,613
IL15,PRLR,613
IL3,PRLR,720
IL3,PRLR,720
CSF2,PRLR,627
CSF2,PRLR,627
IRS1,PRLR,843
IRS1,PRLR,843
IL13,PRLR,606
IL13,PRLR,606
LEP,PRLR,728
LEP,PRLR,728
PGR,PRLR,556
PGR,PRLR,556
PDGFB,PRLR,602
PDGFB,PRLR,602
PTPN11,PRLR,811
PTPN11,PRLR,811
STAT5A,PRLR,988
STAT5A,PRLR,988
ERBB4,PRLR,926
ERBB4,PRLR,926
JAK1,PRLR,871
JAK1,PRLR,871
PDGFA,PRLR,624
PDGFA,PRLR,624
STAT1,PRLR,799
STAT1,PRLR,799
SRC,PRLR,709
SRC,PRLR,709
IRS2,PRLR,707
IRS2,PRLR,707
IFNB1,PRLR,620
IFNB1,PRLR,620
JAK2,PRLR,999
JAK2,PRLR,999
IL6,PRLR,667
IL6,PRLR,667
JAK3,PRLR,863
JAK3,PRLR,863
ESR1,PRLR,692
ESR1,PRLR,692
IL10,PRLR,626
IL10,PRLR,626
TYK2,PRLR,675
TYK2,PRLR,675
VAV1,PRLR,719
VAV1,PRLR,719
TNFRSF1A,IKBKG,998
TNFRSF1A,IKBKG,998
NGFR,IKBKG,903
NGFR,IKBKG,903
NFKBIA,IKBKG,999
NFKBIA,IKBKG,999
GAPDH,IKBKG,566
GAPDH,IKBKG,566
TLR2,IKBKG,950
TLR2,IKBKG,950
IL1B,IKBKG,708
IL1B,IKBKG,708
AKT3,IKBKG,831
AKT3,IKBKG,831
TP53,IKBKG,647
TP53,IKBKG,647
RPS27A,IKBKG,940
RPS27A,IKBKG,940
EGFR,IKBKG,765
EGFR,IKBKG,765
ATM,IKBKG,999
ATM,IKBKG,999
ARF6,IKBKG,984
ARF6,IKBKG,984
BCL2L1,IKBKG,518
BCL2L1,IKBKG,518
HSPA4,IKBKG,983
HSPA4,IKBKG,983
UBB,IKBKG,826
UBB,IKBKG,826
IRS1,IKBKG,892
IRS1,IKBKG,892
FOS,IKBKG,500
FOS,IKBKG,500
CXCL8,IKBKG,519
CXCL8,IKBKG,519
HSP90AA1,IKBKG,995
HSP90AA1,IKBKG,995
FAS,IKBKG,926
FAS,IKBKG,926
CASP8,IKBKG,994
CASP8,IKBKG,994
STAT1,IKBKG,563
STAT1,IKBKG,563
GAB2,IKBKG,903
GAB2,IKBKG,903
PARP1,IKBKG,592
PARP1,IKBKG,592
NGF,IKBKG,914
NGF,IKBKG,914
FLNA,IKBKG,927
FLNA,IKBKG,927
CHUK,IKBKG,999
CHUK,IKBKG,999
XIAP,IKBKG,824
XIAP,IKBKG,824
JUN,IKBKG,545
JUN,IKBKG,545
HSP90AB1,IKBKG,713
HSP90AB1,IKBKG,713
SRC,IKBKG,771
SRC,IKBKG,771
TLR4,IKBKG,964
TLR4,IKBKG,964
IRS2,IKBKG,805
IRS2,IKBKG,805
FOXP3,IKBKG,542
FOXP3,IKBKG,542
PRKCZ,IKBKG,917
PRKCZ,IKBKG,917
IFNB1,IKBKG,601
IFNB1,IKBKG,601
AKT2,IKBKG,836
AKT2,IKBKG,836
RELA,IKBKG,985
RELA,IKBKG,985
IL6,IKBKG,601
IL6,IKBKG,601
UBA52,IKBKG,845
UBA52,IKBKG,845
TNF,IKBKG,998
TNF,IKBKG,998
RHOA,IKBKG,789
RHOA,IKBKG,789
PRKCA,IKBKG,916
PRKCA,IKBKG,916
PPP2CA,IKBKG,507
PPP2CA,IKBKG,507
CDKN2A,IKBKG,909
CDKN2A,IKBKG,909
NTRK1,IKBKG,910
NTRK1,IKBKG,910
TRAF6,IKBKG,999
TRAF6,IKBKG,999
HIF1A,IKBKG,659
HIF1A,IKBKG,659
UBC,IKBKG,986
UBC,IKBKG,986
AKT1,IKBKG,971
AKT1,IKBKG,971
